{
  "type": "FeatureCollection",
  "attribution": "Western Front snapshots © Sandtable, from the works cited on each snapshot",
  "method": "A schematic through named control points, not a digitised trace: each snapshot is the sequence of localities the front is recorded as running through or immediately beside on that date, joined by straight segments. Good to about five kilometres. Battle zoom-ins draw their own geometry.",
  "features": [
    {
      "type": "Feature",
      "id": "front:1914-11-25",
      "properties": {
        "date": "1914-11-25",
        "at": -1738886400000,
        "label": "The line reaches the sea",
        "precision": "medium",
        "summary": "The end of the war of movement in the West. From the Yser inundation south to the Swiss frontier the front is continuous, and it will not be continuous anywhere else for four years.",
        "sources": [
          {
            "source": "source:edmonds-1925",
            "note": "the Allied line in Flanders at the close of First Ypres; the volume gives dispositions, not a surveyed trace"
          },
          {
            "source": "source:van-pul-2006",
            "note": "the Yser inundation, which fixes the northern anchor between Nieuwpoort and Dixmude"
          },
          {
            "source": "source:afgg-1-1",
            "note": "the French line from the Oise to the Vosges at the close of the war of movement"
          }
        ],
        "through": [
          "Nieuwpoort",
          "Sint-Joris",
          "Schoorbakke",
          "Stuivekenskerke",
          "Dixmude",
          "Noordschote",
          "Steenstraat",
          "Bikschote",
          "Langemarck",
          "Sint-Juliaan",
          "Gravenstafel",
          "Broodseinde",
          "Becelaere",
          "Gheluvelt",
          "Zandvoorde",
          "Hollebeke",
          "Sint-Elooi",
          "Wijtschate",
          "Messines",
          "Ploegsteert",
          "Frelinghien",
          "Bois-Grenier",
          "Fromelles",
          "Aubers",
          "Neuve-Chapelle",
          "Festubert",
          "Givenchy-lès-la-Bassée",
          "Cuinchy",
          "Vermelles",
          "Angres",
          "Souchez",
          "Neuville-Saint-Vaast",
          "Roclincourt",
          "east of Arras",
          "Ficheux",
          "Monchy-au-Bois",
          "Gommecourt",
          "Hébuterne",
          "Serre",
          "Beaumont-Hamel",
          "Thiepval",
          "Ovillers-la-Boisselle",
          "La Boisselle",
          "Fricourt",
          "Mametz",
          "Montauban-de-Picardie",
          "Maricourt",
          "Curlu",
          "Frise",
          "Dompierre-Becquincourt",
          "Fay",
          "Lihons",
          "Chaulnes",
          "Roye",
          "Canny-sur-Matz",
          "Lassigny",
          "Noyon",
          "Ribécourt-Dreslincourt",
          "Tracy-le-Val",
          "Moulin-sous-Touvent",
          "Nouvron-Vingré",
          "Vic-sur-Aisne",
          "north of Soissons",
          "Crouy",
          "Vailly-sur-Aisne",
          "Chavonne",
          "Cerny-en-Laonnois",
          "Craonne",
          "Berry-au-Bac",
          "Loivre",
          "Brimont",
          "north of Reims",
          "Nogent-l'Abbesse",
          "Prunay",
          "Auberive",
          "Souain",
          "Perthes-lès-Hurlus",
          "Tahure",
          "Massiges",
          "Ville-sur-Tourbe",
          "Vienne-le-Château",
          "La Harazée",
          "Boureuilles",
          "Vauquois",
          "Avocourt",
          "Malancourt",
          "Forges-sur-Meuse",
          "Brabant-sur-Meuse",
          "Consenvoye",
          "Bois des Caures",
          "Ornes",
          "Fromezey",
          "Combres",
          "Les Éparges",
          "Saint-Mihiel",
          "Apremont-la-Forêt",
          "Flirey",
          "Regniéville",
          "Bois-le-Prêtre",
          "Pont-à-Mousson",
          "Nomeny",
          "Arracourt",
          "Blâmont",
          "Badonviller",
          "Celles-sur-Plaine",
          "Ban-de-Sapt",
          "Col du Bonhomme",
          "Le Linge",
          "Hartmannswillerkopf",
          "Steinbach",
          "Aspach",
          "Ammertzwiller",
          "Seppois",
          "Pfetterhouse"
        ],
        "lengthKm": 758
      },
      "geometry": {
        "type": "LineString",
        "coordinates": [
          [
            2.752,
            51.13
          ],
          [
            2.795,
            51.115
          ],
          [
            2.83,
            51.075
          ],
          [
            2.855,
            51.06
          ],
          [
            2.865,
            51.033
          ],
          [
            2.845,
            50.965
          ],
          [
            2.855,
            50.945
          ],
          [
            2.873,
            50.938
          ],
          [
            2.917,
            50.917
          ],
          [
            2.94,
            50.885
          ],
          [
            2.968,
            50.888
          ],
          [
            3.01,
            50.873
          ],
          [
            3.03,
            50.855
          ],
          [
            3,
            50.836
          ],
          [
            2.982,
            50.813
          ],
          [
            2.958,
            50.797
          ],
          [
            2.905,
            50.813
          ],
          [
            2.888,
            50.782
          ],
          [
            2.897,
            50.762
          ],
          [
            2.879,
            50.727
          ],
          [
            3,
            50.7
          ],
          [
            2.905,
            50.653
          ],
          [
            2.855,
            50.607
          ],
          [
            2.828,
            50.593
          ],
          [
            2.777,
            50.584
          ],
          [
            2.735,
            50.545
          ],
          [
            2.74,
            50.523
          ],
          [
            2.755,
            50.518
          ],
          [
            2.755,
            50.483
          ],
          [
            2.76,
            50.415
          ],
          [
            2.74,
            50.398
          ],
          [
            2.766,
            50.36
          ],
          [
            2.794,
            50.322
          ],
          [
            2.83,
            50.291
          ],
          [
            2.72,
            50.23
          ],
          [
            2.65,
            50.175
          ],
          [
            2.66,
            50.107
          ],
          [
            2.65,
            50.117
          ],
          [
            2.68,
            50.093
          ],
          [
            2.663,
            50.077
          ],
          [
            2.686,
            50.055
          ],
          [
            2.708,
            50.03
          ],
          [
            2.699,
            50.017
          ],
          [
            2.716,
            49.997
          ],
          [
            2.735,
            49.995
          ],
          [
            2.752,
            49.998
          ],
          [
            2.783,
            49.983
          ],
          [
            2.808,
            49.965
          ],
          [
            2.808,
            49.935
          ],
          [
            2.827,
            49.898
          ],
          [
            2.84,
            49.88
          ],
          [
            2.782,
            49.833
          ],
          [
            2.803,
            49.813
          ],
          [
            2.792,
            49.7
          ],
          [
            2.79,
            49.61
          ],
          [
            2.821,
            49.583
          ],
          [
            3,
            49.583
          ],
          [
            2.918,
            49.512
          ],
          [
            3.01,
            49.5
          ],
          [
            3.1,
            49.483
          ],
          [
            3.183,
            49.442
          ],
          [
            3.11,
            49.408
          ],
          [
            3.323,
            49.41
          ],
          [
            3.36,
            49.4
          ],
          [
            3.532,
            49.4
          ],
          [
            3.577,
            49.408
          ],
          [
            3.653,
            49.443
          ],
          [
            3.795,
            49.443
          ],
          [
            3.892,
            49.407
          ],
          [
            3.955,
            49.331
          ],
          [
            3.985,
            49.316
          ],
          [
            4.032,
            49.28
          ],
          [
            4.128,
            49.222
          ],
          [
            4.17,
            49.18
          ],
          [
            4.283,
            49.2
          ],
          [
            4.4,
            49.23
          ],
          [
            4.47,
            49.235
          ],
          [
            4.52,
            49.24
          ],
          [
            4.66,
            49.208
          ],
          [
            4.75,
            49.19
          ],
          [
            4.9,
            49.202
          ],
          [
            4.93,
            49.192
          ],
          [
            5.048,
            49.213
          ],
          [
            5.07,
            49.203
          ],
          [
            5.18,
            49.183
          ],
          [
            5.212,
            49.22
          ],
          [
            5.278,
            49.283
          ],
          [
            5.312,
            49.302
          ],
          [
            5.32,
            49.31
          ],
          [
            5.42,
            49.27
          ],
          [
            5.48,
            49.23
          ],
          [
            5.56,
            49.18
          ],
          [
            5.64,
            49.07
          ],
          [
            5.63,
            49.055
          ],
          [
            5.545,
            48.888
          ],
          [
            5.64,
            48.848
          ],
          [
            5.87,
            48.87
          ],
          [
            5.92,
            48.89
          ],
          [
            6.02,
            48.88
          ],
          [
            6.055,
            48.905
          ],
          [
            6.23,
            48.888
          ],
          [
            6.535,
            48.727
          ],
          [
            6.845,
            48.588
          ],
          [
            6.917,
            48.492
          ],
          [
            6.965,
            48.462
          ],
          [
            7.02,
            48.36
          ],
          [
            7.1,
            48.163
          ],
          [
            7.17,
            48.063
          ],
          [
            7.13,
            47.863
          ],
          [
            7.16,
            47.845
          ],
          [
            7.18,
            47.78
          ],
          [
            7.17,
            47.68
          ],
          [
            7.18,
            47.545
          ],
          [
            7.147,
            47.503
          ]
        ]
      }
    },
    {
      "type": "Feature",
      "id": "front:1915-03-15",
      "properties": {
        "date": "1915-03-15",
        "at": -1729382400000,
        "label": "Neuve-Chapelle",
        "precision": "low",
        "summary": "The first deliberate British breakthrough attempt takes the village and stops two kilometres in. At this scale the line does not move.",
        "sources": [
          {
            "source": "source:stevenson-2004",
            "note": "the Western Front in 1915; supports the shape of the line at year resolution, not the day"
          },
          {
            "source": "source:doughty-2005",
            "note": "Neuve-Chapelle and the French winter offensives"
          }
        ],
        "through": [
          "Nieuwpoort",
          "Sint-Joris",
          "Schoorbakke",
          "Stuivekenskerke",
          "Dixmude",
          "Noordschote",
          "Steenstraat",
          "Bikschote",
          "Langemarck",
          "Sint-Juliaan",
          "Gravenstafel",
          "Broodseinde",
          "Becelaere",
          "Gheluvelt",
          "Zandvoorde",
          "Hollebeke",
          "Sint-Elooi",
          "Wijtschate",
          "Messines",
          "Ploegsteert",
          "Frelinghien",
          "Bois-Grenier",
          "Fromelles",
          "Aubers",
          "Neuve-Chapelle",
          "Festubert",
          "Givenchy-lès-la-Bassée",
          "Cuinchy",
          "Vermelles",
          "Angres",
          "Souchez",
          "Neuville-Saint-Vaast",
          "Roclincourt",
          "east of Arras",
          "Ficheux",
          "Monchy-au-Bois",
          "Gommecourt",
          "Hébuterne",
          "Serre",
          "Beaumont-Hamel",
          "Thiepval",
          "Ovillers-la-Boisselle",
          "La Boisselle",
          "Fricourt",
          "Mametz",
          "Montauban-de-Picardie",
          "Maricourt",
          "Curlu",
          "Frise",
          "Dompierre-Becquincourt",
          "Fay",
          "Lihons",
          "Chaulnes",
          "Roye",
          "Canny-sur-Matz",
          "Lassigny",
          "Noyon",
          "Ribécourt-Dreslincourt",
          "Tracy-le-Val",
          "Moulin-sous-Touvent",
          "Nouvron-Vingré",
          "Vic-sur-Aisne",
          "north of Soissons",
          "Crouy",
          "Vailly-sur-Aisne",
          "Chavonne",
          "Cerny-en-Laonnois",
          "Craonne",
          "Berry-au-Bac",
          "Loivre",
          "Brimont",
          "north of Reims",
          "Nogent-l'Abbesse",
          "Prunay",
          "Auberive",
          "Souain",
          "Perthes-lès-Hurlus",
          "Tahure",
          "Massiges",
          "Ville-sur-Tourbe",
          "Vienne-le-Château",
          "La Harazée",
          "Boureuilles",
          "Vauquois",
          "Avocourt",
          "Malancourt",
          "Forges-sur-Meuse",
          "Brabant-sur-Meuse",
          "Consenvoye",
          "Bois des Caures",
          "Ornes",
          "Fromezey",
          "Combres",
          "Les Éparges",
          "Saint-Mihiel",
          "Apremont-la-Forêt",
          "Flirey",
          "Regniéville",
          "Bois-le-Prêtre",
          "Pont-à-Mousson",
          "Nomeny",
          "Arracourt",
          "Blâmont",
          "Badonviller",
          "Celles-sur-Plaine",
          "Ban-de-Sapt",
          "Col du Bonhomme",
          "Le Linge",
          "Hartmannswillerkopf",
          "Steinbach",
          "Aspach",
          "Ammertzwiller",
          "Seppois",
          "Pfetterhouse"
        ],
        "lengthKm": 758
      },
      "geometry": {
        "type": "LineString",
        "coordinates": [
          [
            2.752,
            51.13
          ],
          [
            2.795,
            51.115
          ],
          [
            2.83,
            51.075
          ],
          [
            2.855,
            51.06
          ],
          [
            2.865,
            51.033
          ],
          [
            2.845,
            50.965
          ],
          [
            2.855,
            50.945
          ],
          [
            2.873,
            50.938
          ],
          [
            2.917,
            50.917
          ],
          [
            2.94,
            50.885
          ],
          [
            2.968,
            50.888
          ],
          [
            3.01,
            50.873
          ],
          [
            3.03,
            50.855
          ],
          [
            3,
            50.836
          ],
          [
            2.982,
            50.813
          ],
          [
            2.958,
            50.797
          ],
          [
            2.905,
            50.813
          ],
          [
            2.888,
            50.782
          ],
          [
            2.897,
            50.762
          ],
          [
            2.879,
            50.727
          ],
          [
            3,
            50.7
          ],
          [
            2.905,
            50.653
          ],
          [
            2.855,
            50.607
          ],
          [
            2.828,
            50.593
          ],
          [
            2.777,
            50.584
          ],
          [
            2.735,
            50.545
          ],
          [
            2.74,
            50.523
          ],
          [
            2.755,
            50.518
          ],
          [
            2.755,
            50.483
          ],
          [
            2.76,
            50.415
          ],
          [
            2.74,
            50.398
          ],
          [
            2.766,
            50.36
          ],
          [
            2.794,
            50.322
          ],
          [
            2.83,
            50.291
          ],
          [
            2.72,
            50.23
          ],
          [
            2.65,
            50.175
          ],
          [
            2.66,
            50.107
          ],
          [
            2.65,
            50.117
          ],
          [
            2.68,
            50.093
          ],
          [
            2.663,
            50.077
          ],
          [
            2.686,
            50.055
          ],
          [
            2.708,
            50.03
          ],
          [
            2.699,
            50.017
          ],
          [
            2.716,
            49.997
          ],
          [
            2.735,
            49.995
          ],
          [
            2.752,
            49.998
          ],
          [
            2.783,
            49.983
          ],
          [
            2.808,
            49.965
          ],
          [
            2.808,
            49.935
          ],
          [
            2.827,
            49.898
          ],
          [
            2.84,
            49.88
          ],
          [
            2.782,
            49.833
          ],
          [
            2.803,
            49.813
          ],
          [
            2.792,
            49.7
          ],
          [
            2.79,
            49.61
          ],
          [
            2.821,
            49.583
          ],
          [
            3,
            49.583
          ],
          [
            2.918,
            49.512
          ],
          [
            3.01,
            49.5
          ],
          [
            3.1,
            49.483
          ],
          [
            3.183,
            49.442
          ],
          [
            3.11,
            49.408
          ],
          [
            3.323,
            49.41
          ],
          [
            3.36,
            49.4
          ],
          [
            3.532,
            49.4
          ],
          [
            3.577,
            49.408
          ],
          [
            3.653,
            49.443
          ],
          [
            3.795,
            49.443
          ],
          [
            3.892,
            49.407
          ],
          [
            3.955,
            49.331
          ],
          [
            3.985,
            49.316
          ],
          [
            4.032,
            49.28
          ],
          [
            4.128,
            49.222
          ],
          [
            4.17,
            49.18
          ],
          [
            4.283,
            49.2
          ],
          [
            4.4,
            49.23
          ],
          [
            4.47,
            49.235
          ],
          [
            4.52,
            49.24
          ],
          [
            4.66,
            49.208
          ],
          [
            4.75,
            49.19
          ],
          [
            4.9,
            49.202
          ],
          [
            4.93,
            49.192
          ],
          [
            5.048,
            49.213
          ],
          [
            5.07,
            49.203
          ],
          [
            5.18,
            49.183
          ],
          [
            5.212,
            49.22
          ],
          [
            5.278,
            49.283
          ],
          [
            5.312,
            49.302
          ],
          [
            5.32,
            49.31
          ],
          [
            5.42,
            49.27
          ],
          [
            5.48,
            49.23
          ],
          [
            5.56,
            49.18
          ],
          [
            5.64,
            49.07
          ],
          [
            5.63,
            49.055
          ],
          [
            5.545,
            48.888
          ],
          [
            5.64,
            48.848
          ],
          [
            5.87,
            48.87
          ],
          [
            5.92,
            48.89
          ],
          [
            6.02,
            48.88
          ],
          [
            6.055,
            48.905
          ],
          [
            6.23,
            48.888
          ],
          [
            6.535,
            48.727
          ],
          [
            6.845,
            48.588
          ],
          [
            6.917,
            48.492
          ],
          [
            6.965,
            48.462
          ],
          [
            7.02,
            48.36
          ],
          [
            7.1,
            48.163
          ],
          [
            7.17,
            48.063
          ],
          [
            7.13,
            47.863
          ],
          [
            7.16,
            47.845
          ],
          [
            7.18,
            47.78
          ],
          [
            7.17,
            47.68
          ],
          [
            7.18,
            47.545
          ],
          [
            7.147,
            47.503
          ]
        ]
      }
    },
    {
      "type": "Feature",
      "id": "front:1915-05-25",
      "properties": {
        "date": "1915-05-25",
        "at": -1723248000000,
        "label": "After Second Ypres: the salient contracts",
        "precision": "medium",
        "summary": "Chlorine is released at Langemarck on 22 April. When the fighting stops a month later the Germans hold the ridges and the British have pulled the salient back to within three kilometres of Ypres — the only visible change the year makes in Flanders.",
        "sources": [
          {
            "source": "source:1914-1918-online-ypres",
            "note": "Second Ypres: the dates, the ground given up, and the shortened salient"
          },
          {
            "source": "source:haber-1986",
            "note": "the chlorine release of 22 April and the sector it was released against"
          }
        ],
        "through": [
          "Nieuwpoort",
          "Sint-Joris",
          "Schoorbakke",
          "Stuivekenskerke",
          "Dixmude",
          "Noordschote",
          "Steenstraat",
          "Boesinghe",
          "Wieltje",
          "Frezenberg",
          "Hooge",
          "Sanctuary Wood",
          "Hill 60",
          "Sint-Elooi",
          "Wijtschate",
          "Messines",
          "Ploegsteert",
          "Frelinghien",
          "Bois-Grenier",
          "Fromelles",
          "Aubers",
          "Neuve-Chapelle",
          "Festubert",
          "Givenchy-lès-la-Bassée",
          "Cuinchy",
          "Vermelles",
          "Angres",
          "Souchez",
          "Neuville-Saint-Vaast",
          "Roclincourt",
          "east of Arras",
          "Ficheux",
          "Monchy-au-Bois",
          "Gommecourt",
          "Hébuterne",
          "Serre",
          "Beaumont-Hamel",
          "Thiepval",
          "Ovillers-la-Boisselle",
          "La Boisselle",
          "Fricourt",
          "Mametz",
          "Montauban-de-Picardie",
          "Maricourt",
          "Curlu",
          "Frise",
          "Dompierre-Becquincourt",
          "Fay",
          "Lihons",
          "Chaulnes",
          "Roye",
          "Canny-sur-Matz",
          "Lassigny",
          "Noyon",
          "Ribécourt-Dreslincourt",
          "Tracy-le-Val",
          "Moulin-sous-Touvent",
          "Nouvron-Vingré",
          "Vic-sur-Aisne",
          "north of Soissons",
          "Crouy",
          "Vailly-sur-Aisne",
          "Chavonne",
          "Cerny-en-Laonnois",
          "Craonne",
          "Berry-au-Bac",
          "Loivre",
          "Brimont",
          "north of Reims",
          "Nogent-l'Abbesse",
          "Prunay",
          "Auberive",
          "Souain",
          "Perthes-lès-Hurlus",
          "Tahure",
          "Massiges",
          "Ville-sur-Tourbe",
          "Vienne-le-Château",
          "La Harazée",
          "Boureuilles",
          "Vauquois",
          "Avocourt",
          "Malancourt",
          "Forges-sur-Meuse",
          "Brabant-sur-Meuse",
          "Consenvoye",
          "Bois des Caures",
          "Ornes",
          "Fromezey",
          "Combres",
          "Les Éparges",
          "Saint-Mihiel",
          "Apremont-la-Forêt",
          "Flirey",
          "Regniéville",
          "Bois-le-Prêtre",
          "Pont-à-Mousson",
          "Nomeny",
          "Arracourt",
          "Blâmont",
          "Badonviller",
          "Celles-sur-Plaine",
          "Ban-de-Sapt",
          "Col du Bonhomme",
          "Le Linge",
          "Hartmannswillerkopf",
          "Steinbach",
          "Aspach",
          "Ammertzwiller",
          "Seppois",
          "Pfetterhouse"
        ],
        "lengthKm": 748
      },
      "geometry": {
        "type": "LineString",
        "coordinates": [
          [
            2.752,
            51.13
          ],
          [
            2.795,
            51.115
          ],
          [
            2.83,
            51.075
          ],
          [
            2.855,
            51.06
          ],
          [
            2.865,
            51.033
          ],
          [
            2.845,
            50.965
          ],
          [
            2.855,
            50.945
          ],
          [
            2.885,
            50.895
          ],
          [
            2.918,
            50.876
          ],
          [
            2.955,
            50.862
          ],
          [
            2.945,
            50.848
          ],
          [
            2.94,
            50.838
          ],
          [
            2.929,
            50.825
          ],
          [
            2.905,
            50.813
          ],
          [
            2.888,
            50.782
          ],
          [
            2.897,
            50.762
          ],
          [
            2.879,
            50.727
          ],
          [
            3,
            50.7
          ],
          [
            2.905,
            50.653
          ],
          [
            2.855,
            50.607
          ],
          [
            2.828,
            50.593
          ],
          [
            2.777,
            50.584
          ],
          [
            2.735,
            50.545
          ],
          [
            2.74,
            50.523
          ],
          [
            2.755,
            50.518
          ],
          [
            2.755,
            50.483
          ],
          [
            2.76,
            50.415
          ],
          [
            2.74,
            50.398
          ],
          [
            2.766,
            50.36
          ],
          [
            2.794,
            50.322
          ],
          [
            2.83,
            50.291
          ],
          [
            2.72,
            50.23
          ],
          [
            2.65,
            50.175
          ],
          [
            2.66,
            50.107
          ],
          [
            2.65,
            50.117
          ],
          [
            2.68,
            50.093
          ],
          [
            2.663,
            50.077
          ],
          [
            2.686,
            50.055
          ],
          [
            2.708,
            50.03
          ],
          [
            2.699,
            50.017
          ],
          [
            2.716,
            49.997
          ],
          [
            2.735,
            49.995
          ],
          [
            2.752,
            49.998
          ],
          [
            2.783,
            49.983
          ],
          [
            2.808,
            49.965
          ],
          [
            2.808,
            49.935
          ],
          [
            2.827,
            49.898
          ],
          [
            2.84,
            49.88
          ],
          [
            2.782,
            49.833
          ],
          [
            2.803,
            49.813
          ],
          [
            2.792,
            49.7
          ],
          [
            2.79,
            49.61
          ],
          [
            2.821,
            49.583
          ],
          [
            3,
            49.583
          ],
          [
            2.918,
            49.512
          ],
          [
            3.01,
            49.5
          ],
          [
            3.1,
            49.483
          ],
          [
            3.183,
            49.442
          ],
          [
            3.11,
            49.408
          ],
          [
            3.323,
            49.41
          ],
          [
            3.36,
            49.4
          ],
          [
            3.532,
            49.4
          ],
          [
            3.577,
            49.408
          ],
          [
            3.653,
            49.443
          ],
          [
            3.795,
            49.443
          ],
          [
            3.892,
            49.407
          ],
          [
            3.955,
            49.331
          ],
          [
            3.985,
            49.316
          ],
          [
            4.032,
            49.28
          ],
          [
            4.128,
            49.222
          ],
          [
            4.17,
            49.18
          ],
          [
            4.283,
            49.2
          ],
          [
            4.4,
            49.23
          ],
          [
            4.47,
            49.235
          ],
          [
            4.52,
            49.24
          ],
          [
            4.66,
            49.208
          ],
          [
            4.75,
            49.19
          ],
          [
            4.9,
            49.202
          ],
          [
            4.93,
            49.192
          ],
          [
            5.048,
            49.213
          ],
          [
            5.07,
            49.203
          ],
          [
            5.18,
            49.183
          ],
          [
            5.212,
            49.22
          ],
          [
            5.278,
            49.283
          ],
          [
            5.312,
            49.302
          ],
          [
            5.32,
            49.31
          ],
          [
            5.42,
            49.27
          ],
          [
            5.48,
            49.23
          ],
          [
            5.56,
            49.18
          ],
          [
            5.64,
            49.07
          ],
          [
            5.63,
            49.055
          ],
          [
            5.545,
            48.888
          ],
          [
            5.64,
            48.848
          ],
          [
            5.87,
            48.87
          ],
          [
            5.92,
            48.89
          ],
          [
            6.02,
            48.88
          ],
          [
            6.055,
            48.905
          ],
          [
            6.23,
            48.888
          ],
          [
            6.535,
            48.727
          ],
          [
            6.845,
            48.588
          ],
          [
            6.917,
            48.492
          ],
          [
            6.965,
            48.462
          ],
          [
            7.02,
            48.36
          ],
          [
            7.1,
            48.163
          ],
          [
            7.17,
            48.063
          ],
          [
            7.13,
            47.863
          ],
          [
            7.16,
            47.845
          ],
          [
            7.18,
            47.78
          ],
          [
            7.17,
            47.68
          ],
          [
            7.18,
            47.545
          ],
          [
            7.147,
            47.503
          ]
        ]
      }
    },
    {
      "type": "Feature",
      "id": "front:1915-10-15",
      "properties": {
        "date": "1915-10-15",
        "at": -1710892800000,
        "label": "After Loos and Second Champagne",
        "precision": "low",
        "summary": "The autumn offensives in Artois and Champagne buy a few kilometres for a quarter of a million casualties. A year of attacking has moved the line less than the width of the stroke that draws it.",
        "sources": [
          {
            "source": "source:doughty-2005",
            "note": "Joffre's autumn offensives in Artois and Champagne and what they gained"
          },
          {
            "source": "source:stevenson-2004",
            "note": "the 1915 balance sheet — casualties against ground"
          }
        ],
        "through": [
          "Nieuwpoort",
          "Sint-Joris",
          "Schoorbakke",
          "Stuivekenskerke",
          "Dixmude",
          "Noordschote",
          "Steenstraat",
          "Boesinghe",
          "Wieltje",
          "Frezenberg",
          "Hooge",
          "Sanctuary Wood",
          "Hill 60",
          "Sint-Elooi",
          "Wijtschate",
          "Messines",
          "Ploegsteert",
          "Frelinghien",
          "Bois-Grenier",
          "Fromelles",
          "Aubers",
          "Neuve-Chapelle",
          "Festubert",
          "Givenchy-lès-la-Bassée",
          "Cuinchy",
          "Vermelles",
          "Loos-en-Gohelle",
          "Angres",
          "Souchez",
          "Neuville-Saint-Vaast",
          "Roclincourt",
          "east of Arras",
          "Ficheux",
          "Monchy-au-Bois",
          "Gommecourt",
          "Hébuterne",
          "Serre",
          "Beaumont-Hamel",
          "Thiepval",
          "Ovillers-la-Boisselle",
          "La Boisselle",
          "Fricourt",
          "Mametz",
          "Montauban-de-Picardie",
          "Maricourt",
          "Curlu",
          "Frise",
          "Dompierre-Becquincourt",
          "Fay",
          "Lihons",
          "Chaulnes",
          "Roye",
          "Canny-sur-Matz",
          "Lassigny",
          "Noyon",
          "Ribécourt-Dreslincourt",
          "Tracy-le-Val",
          "Moulin-sous-Touvent",
          "Nouvron-Vingré",
          "Vic-sur-Aisne",
          "north of Soissons",
          "Crouy",
          "Vailly-sur-Aisne",
          "Chavonne",
          "Cerny-en-Laonnois",
          "Craonne",
          "Berry-au-Bac",
          "Loivre",
          "Brimont",
          "north of Reims",
          "Nogent-l'Abbesse",
          "Prunay",
          "Auberive",
          "Ferme Navarin",
          "Butte de Tahure",
          "Massiges",
          "Ville-sur-Tourbe",
          "Vienne-le-Château",
          "La Harazée",
          "Boureuilles",
          "Vauquois",
          "Avocourt",
          "Malancourt",
          "Forges-sur-Meuse",
          "Brabant-sur-Meuse",
          "Consenvoye",
          "Bois des Caures",
          "Ornes",
          "Fromezey",
          "Combres",
          "Les Éparges",
          "Saint-Mihiel",
          "Apremont-la-Forêt",
          "Flirey",
          "Regniéville",
          "Bois-le-Prêtre",
          "Pont-à-Mousson",
          "Nomeny",
          "Arracourt",
          "Blâmont",
          "Badonviller",
          "Celles-sur-Plaine",
          "Ban-de-Sapt",
          "Col du Bonhomme",
          "Le Linge",
          "Hartmannswillerkopf",
          "Steinbach",
          "Aspach",
          "Ammertzwiller",
          "Seppois",
          "Pfetterhouse"
        ],
        "lengthKm": 749
      },
      "geometry": {
        "type": "LineString",
        "coordinates": [
          [
            2.752,
            51.13
          ],
          [
            2.795,
            51.115
          ],
          [
            2.83,
            51.075
          ],
          [
            2.855,
            51.06
          ],
          [
            2.865,
            51.033
          ],
          [
            2.845,
            50.965
          ],
          [
            2.855,
            50.945
          ],
          [
            2.885,
            50.895
          ],
          [
            2.918,
            50.876
          ],
          [
            2.955,
            50.862
          ],
          [
            2.945,
            50.848
          ],
          [
            2.94,
            50.838
          ],
          [
            2.929,
            50.825
          ],
          [
            2.905,
            50.813
          ],
          [
            2.888,
            50.782
          ],
          [
            2.897,
            50.762
          ],
          [
            2.879,
            50.727
          ],
          [
            3,
            50.7
          ],
          [
            2.905,
            50.653
          ],
          [
            2.855,
            50.607
          ],
          [
            2.828,
            50.593
          ],
          [
            2.777,
            50.584
          ],
          [
            2.735,
            50.545
          ],
          [
            2.74,
            50.523
          ],
          [
            2.755,
            50.518
          ],
          [
            2.755,
            50.483
          ],
          [
            2.796,
            50.455
          ],
          [
            2.76,
            50.415
          ],
          [
            2.74,
            50.398
          ],
          [
            2.766,
            50.36
          ],
          [
            2.794,
            50.322
          ],
          [
            2.83,
            50.291
          ],
          [
            2.72,
            50.23
          ],
          [
            2.65,
            50.175
          ],
          [
            2.66,
            50.107
          ],
          [
            2.65,
            50.117
          ],
          [
            2.68,
            50.093
          ],
          [
            2.663,
            50.077
          ],
          [
            2.686,
            50.055
          ],
          [
            2.708,
            50.03
          ],
          [
            2.699,
            50.017
          ],
          [
            2.716,
            49.997
          ],
          [
            2.735,
            49.995
          ],
          [
            2.752,
            49.998
          ],
          [
            2.783,
            49.983
          ],
          [
            2.808,
            49.965
          ],
          [
            2.808,
            49.935
          ],
          [
            2.827,
            49.898
          ],
          [
            2.84,
            49.88
          ],
          [
            2.782,
            49.833
          ],
          [
            2.803,
            49.813
          ],
          [
            2.792,
            49.7
          ],
          [
            2.79,
            49.61
          ],
          [
            2.821,
            49.583
          ],
          [
            3,
            49.583
          ],
          [
            2.918,
            49.512
          ],
          [
            3.01,
            49.5
          ],
          [
            3.1,
            49.483
          ],
          [
            3.183,
            49.442
          ],
          [
            3.11,
            49.408
          ],
          [
            3.323,
            49.41
          ],
          [
            3.36,
            49.4
          ],
          [
            3.532,
            49.4
          ],
          [
            3.577,
            49.408
          ],
          [
            3.653,
            49.443
          ],
          [
            3.795,
            49.443
          ],
          [
            3.892,
            49.407
          ],
          [
            3.955,
            49.331
          ],
          [
            3.985,
            49.316
          ],
          [
            4.032,
            49.28
          ],
          [
            4.128,
            49.222
          ],
          [
            4.17,
            49.18
          ],
          [
            4.283,
            49.2
          ],
          [
            4.42,
            49.215
          ],
          [
            4.53,
            49.225
          ],
          [
            4.66,
            49.208
          ],
          [
            4.75,
            49.19
          ],
          [
            4.9,
            49.202
          ],
          [
            4.93,
            49.192
          ],
          [
            5.048,
            49.213
          ],
          [
            5.07,
            49.203
          ],
          [
            5.18,
            49.183
          ],
          [
            5.212,
            49.22
          ],
          [
            5.278,
            49.283
          ],
          [
            5.312,
            49.302
          ],
          [
            5.32,
            49.31
          ],
          [
            5.42,
            49.27
          ],
          [
            5.48,
            49.23
          ],
          [
            5.56,
            49.18
          ],
          [
            5.64,
            49.07
          ],
          [
            5.63,
            49.055
          ],
          [
            5.545,
            48.888
          ],
          [
            5.64,
            48.848
          ],
          [
            5.87,
            48.87
          ],
          [
            5.92,
            48.89
          ],
          [
            6.02,
            48.88
          ],
          [
            6.055,
            48.905
          ],
          [
            6.23,
            48.888
          ],
          [
            6.535,
            48.727
          ],
          [
            6.845,
            48.588
          ],
          [
            6.917,
            48.492
          ],
          [
            6.965,
            48.462
          ],
          [
            7.02,
            48.36
          ],
          [
            7.1,
            48.163
          ],
          [
            7.17,
            48.063
          ],
          [
            7.13,
            47.863
          ],
          [
            7.16,
            47.845
          ],
          [
            7.18,
            47.78
          ],
          [
            7.17,
            47.68
          ],
          [
            7.18,
            47.545
          ],
          [
            7.147,
            47.503
          ]
        ]
      }
    },
    {
      "type": "Feature",
      "id": "front:1916-07-11",
      "properties": {
        "date": "1916-07-11",
        "at": -1687564800000,
        "label": "Verdun: the German high-water mark",
        "precision": "medium",
        "summary": "Five months of attack on both banks of the Meuse have taken Douaumont, Vaux, Côte 304 and the Mort-Homme. On 11 July the last attack stops short of Fort Souville, four kilometres from the citadel.",
        "sources": [
          {
            "source": "source:foley-2005",
            "note": "the German offensive on both banks of the Meuse and the halt before Souville on 11 July"
          },
          {
            "source": "source:memorial-verdun-bataille",
            "note": "the phases of the battle and the ground held at its deepest"
          }
        ],
        "through": [
          "Nieuwpoort",
          "Sint-Joris",
          "Schoorbakke",
          "Stuivekenskerke",
          "Dixmude",
          "Noordschote",
          "Steenstraat",
          "Boesinghe",
          "Wieltje",
          "Frezenberg",
          "Hooge",
          "Sanctuary Wood",
          "Hill 60",
          "Sint-Elooi",
          "Wijtschate",
          "Messines",
          "Ploegsteert",
          "Frelinghien",
          "Bois-Grenier",
          "Fromelles",
          "Aubers",
          "Neuve-Chapelle",
          "Festubert",
          "Givenchy-lès-la-Bassée",
          "Cuinchy",
          "Vermelles",
          "Loos-en-Gohelle",
          "Angres",
          "Souchez",
          "Neuville-Saint-Vaast",
          "Roclincourt",
          "east of Arras",
          "Ficheux",
          "Monchy-au-Bois",
          "Gommecourt",
          "Hébuterne",
          "Serre",
          "Beaumont-Hamel",
          "Thiepval",
          "Ovillers-la-Boisselle",
          "La Boisselle",
          "Fricourt",
          "Mametz",
          "Montauban-de-Picardie",
          "Maricourt",
          "Curlu",
          "Frise",
          "Dompierre-Becquincourt",
          "Fay",
          "Lihons",
          "Chaulnes",
          "Roye",
          "Canny-sur-Matz",
          "Lassigny",
          "Noyon",
          "Ribécourt-Dreslincourt",
          "Tracy-le-Val",
          "Moulin-sous-Touvent",
          "Nouvron-Vingré",
          "Vic-sur-Aisne",
          "north of Soissons",
          "Crouy",
          "Vailly-sur-Aisne",
          "Chavonne",
          "Cerny-en-Laonnois",
          "Craonne",
          "Berry-au-Bac",
          "Loivre",
          "Brimont",
          "north of Reims",
          "Nogent-l'Abbesse",
          "Prunay",
          "Auberive",
          "Ferme Navarin",
          "Butte de Tahure",
          "Massiges",
          "Ville-sur-Tourbe",
          "Vienne-le-Château",
          "La Harazée",
          "Boureuilles",
          "Vauquois",
          "Avocourt",
          "Côte 304",
          "Le Mort-Homme",
          "Cumières",
          "Fort Douaumont",
          "Fleury-devant-Douaumont",
          "Fort Souville",
          "Fort Vaux",
          "Damloup",
          "Combres",
          "Les Éparges",
          "Saint-Mihiel",
          "Apremont-la-Forêt",
          "Flirey",
          "Regniéville",
          "Bois-le-Prêtre",
          "Pont-à-Mousson",
          "Nomeny",
          "Arracourt",
          "Blâmont",
          "Badonviller",
          "Celles-sur-Plaine",
          "Ban-de-Sapt",
          "Col du Bonhomme",
          "Le Linge",
          "Hartmannswillerkopf",
          "Steinbach",
          "Aspach",
          "Ammertzwiller",
          "Seppois",
          "Pfetterhouse"
        ],
        "lengthKm": 745
      },
      "geometry": {
        "type": "LineString",
        "coordinates": [
          [
            2.752,
            51.13
          ],
          [
            2.795,
            51.115
          ],
          [
            2.83,
            51.075
          ],
          [
            2.855,
            51.06
          ],
          [
            2.865,
            51.033
          ],
          [
            2.845,
            50.965
          ],
          [
            2.855,
            50.945
          ],
          [
            2.885,
            50.895
          ],
          [
            2.918,
            50.876
          ],
          [
            2.955,
            50.862
          ],
          [
            2.945,
            50.848
          ],
          [
            2.94,
            50.838
          ],
          [
            2.929,
            50.825
          ],
          [
            2.905,
            50.813
          ],
          [
            2.888,
            50.782
          ],
          [
            2.897,
            50.762
          ],
          [
            2.879,
            50.727
          ],
          [
            3,
            50.7
          ],
          [
            2.905,
            50.653
          ],
          [
            2.855,
            50.607
          ],
          [
            2.828,
            50.593
          ],
          [
            2.777,
            50.584
          ],
          [
            2.735,
            50.545
          ],
          [
            2.74,
            50.523
          ],
          [
            2.755,
            50.518
          ],
          [
            2.755,
            50.483
          ],
          [
            2.796,
            50.455
          ],
          [
            2.76,
            50.415
          ],
          [
            2.74,
            50.398
          ],
          [
            2.766,
            50.36
          ],
          [
            2.794,
            50.322
          ],
          [
            2.83,
            50.291
          ],
          [
            2.72,
            50.23
          ],
          [
            2.65,
            50.175
          ],
          [
            2.66,
            50.107
          ],
          [
            2.65,
            50.117
          ],
          [
            2.68,
            50.093
          ],
          [
            2.663,
            50.077
          ],
          [
            2.686,
            50.055
          ],
          [
            2.708,
            50.03
          ],
          [
            2.699,
            50.017
          ],
          [
            2.716,
            49.997
          ],
          [
            2.735,
            49.995
          ],
          [
            2.752,
            49.998
          ],
          [
            2.783,
            49.983
          ],
          [
            2.808,
            49.965
          ],
          [
            2.808,
            49.935
          ],
          [
            2.827,
            49.898
          ],
          [
            2.84,
            49.88
          ],
          [
            2.782,
            49.833
          ],
          [
            2.803,
            49.813
          ],
          [
            2.792,
            49.7
          ],
          [
            2.79,
            49.61
          ],
          [
            2.821,
            49.583
          ],
          [
            3,
            49.583
          ],
          [
            2.918,
            49.512
          ],
          [
            3.01,
            49.5
          ],
          [
            3.1,
            49.483
          ],
          [
            3.183,
            49.442
          ],
          [
            3.11,
            49.408
          ],
          [
            3.323,
            49.41
          ],
          [
            3.36,
            49.4
          ],
          [
            3.532,
            49.4
          ],
          [
            3.577,
            49.408
          ],
          [
            3.653,
            49.443
          ],
          [
            3.795,
            49.443
          ],
          [
            3.892,
            49.407
          ],
          [
            3.955,
            49.331
          ],
          [
            3.985,
            49.316
          ],
          [
            4.032,
            49.28
          ],
          [
            4.128,
            49.222
          ],
          [
            4.17,
            49.18
          ],
          [
            4.283,
            49.2
          ],
          [
            4.42,
            49.215
          ],
          [
            4.53,
            49.225
          ],
          [
            4.66,
            49.208
          ],
          [
            4.75,
            49.19
          ],
          [
            4.9,
            49.202
          ],
          [
            4.93,
            49.192
          ],
          [
            5.048,
            49.213
          ],
          [
            5.07,
            49.203
          ],
          [
            5.18,
            49.183
          ],
          [
            5.26,
            49.235
          ],
          [
            5.3,
            49.235
          ],
          [
            5.32,
            49.24
          ],
          [
            5.44,
            49.212
          ],
          [
            5.42,
            49.19
          ],
          [
            5.415,
            49.175
          ],
          [
            5.47,
            49.198
          ],
          [
            5.5,
            49.19
          ],
          [
            5.64,
            49.07
          ],
          [
            5.63,
            49.055
          ],
          [
            5.545,
            48.888
          ],
          [
            5.64,
            48.848
          ],
          [
            5.87,
            48.87
          ],
          [
            5.92,
            48.89
          ],
          [
            6.02,
            48.88
          ],
          [
            6.055,
            48.905
          ],
          [
            6.23,
            48.888
          ],
          [
            6.535,
            48.727
          ],
          [
            6.845,
            48.588
          ],
          [
            6.917,
            48.492
          ],
          [
            6.965,
            48.462
          ],
          [
            7.02,
            48.36
          ],
          [
            7.1,
            48.163
          ],
          [
            7.17,
            48.063
          ],
          [
            7.13,
            47.863
          ],
          [
            7.16,
            47.845
          ],
          [
            7.18,
            47.78
          ],
          [
            7.17,
            47.68
          ],
          [
            7.18,
            47.545
          ],
          [
            7.147,
            47.503
          ]
        ]
      }
    },
    {
      "type": "Feature",
      "id": "front:1916-09-15",
      "properties": {
        "date": "1916-09-15",
        "at": -1681862400000,
        "label": "Flers-Courcelette: the tanks",
        "precision": "medium",
        "summary": "Forty-nine tanks are sent forward on the Somme, thirty-two reach the start line, and the ones that keep going take Flers. The line has moved some five kilometres since 1 July.",
        "sources": [
          {
            "source": "source:harris-1995",
            "note": "Flers-Courcelette: the tanks that started, the tanks that arrived, and what they did"
          },
          {
            "source": "source:prior-wilson-2005",
            "note": "the Somme front on 15 September and the advance since 1 July"
          }
        ],
        "through": [
          "Nieuwpoort",
          "Sint-Joris",
          "Schoorbakke",
          "Stuivekenskerke",
          "Dixmude",
          "Noordschote",
          "Steenstraat",
          "Boesinghe",
          "Wieltje",
          "Frezenberg",
          "Hooge",
          "Sanctuary Wood",
          "Hill 60",
          "Sint-Elooi",
          "Wijtschate",
          "Messines",
          "Ploegsteert",
          "Frelinghien",
          "Bois-Grenier",
          "Fromelles",
          "Aubers",
          "Neuve-Chapelle",
          "Festubert",
          "Givenchy-lès-la-Bassée",
          "Cuinchy",
          "Vermelles",
          "Loos-en-Gohelle",
          "Angres",
          "Souchez",
          "Neuville-Saint-Vaast",
          "Roclincourt",
          "east of Arras",
          "Ficheux",
          "Monchy-au-Bois",
          "Gommecourt",
          "Hébuterne",
          "Serre",
          "Beaumont-Hamel",
          "Grandcourt",
          "Le Sars",
          "Gueudecourt",
          "Lesbœufs",
          "Combles",
          "Rancourt",
          "Bouchavesnes",
          "Barleux",
          "Chaulnes",
          "Roye",
          "Canny-sur-Matz",
          "Lassigny",
          "Noyon",
          "Ribécourt-Dreslincourt",
          "Tracy-le-Val",
          "Moulin-sous-Touvent",
          "Nouvron-Vingré",
          "Vic-sur-Aisne",
          "north of Soissons",
          "Crouy",
          "Vailly-sur-Aisne",
          "Chavonne",
          "Cerny-en-Laonnois",
          "Craonne",
          "Berry-au-Bac",
          "Loivre",
          "Brimont",
          "north of Reims",
          "Nogent-l'Abbesse",
          "Prunay",
          "Auberive",
          "Ferme Navarin",
          "Butte de Tahure",
          "Massiges",
          "Ville-sur-Tourbe",
          "Vienne-le-Château",
          "La Harazée",
          "Boureuilles",
          "Vauquois",
          "Avocourt",
          "Côte 304",
          "Le Mort-Homme",
          "Cumières",
          "Fort Douaumont",
          "Fleury-devant-Douaumont",
          "Fort Souville",
          "Fort Vaux",
          "Damloup",
          "Combres",
          "Les Éparges",
          "Saint-Mihiel",
          "Apremont-la-Forêt",
          "Flirey",
          "Regniéville",
          "Bois-le-Prêtre",
          "Pont-à-Mousson",
          "Nomeny",
          "Arracourt",
          "Blâmont",
          "Badonviller",
          "Celles-sur-Plaine",
          "Ban-de-Sapt",
          "Col du Bonhomme",
          "Le Linge",
          "Hartmannswillerkopf",
          "Steinbach",
          "Aspach",
          "Ammertzwiller",
          "Seppois",
          "Pfetterhouse"
        ],
        "lengthKm": 748
      },
      "geometry": {
        "type": "LineString",
        "coordinates": [
          [
            2.752,
            51.13
          ],
          [
            2.795,
            51.115
          ],
          [
            2.83,
            51.075
          ],
          [
            2.855,
            51.06
          ],
          [
            2.865,
            51.033
          ],
          [
            2.845,
            50.965
          ],
          [
            2.855,
            50.945
          ],
          [
            2.885,
            50.895
          ],
          [
            2.918,
            50.876
          ],
          [
            2.955,
            50.862
          ],
          [
            2.945,
            50.848
          ],
          [
            2.94,
            50.838
          ],
          [
            2.929,
            50.825
          ],
          [
            2.905,
            50.813
          ],
          [
            2.888,
            50.782
          ],
          [
            2.897,
            50.762
          ],
          [
            2.879,
            50.727
          ],
          [
            3,
            50.7
          ],
          [
            2.905,
            50.653
          ],
          [
            2.855,
            50.607
          ],
          [
            2.828,
            50.593
          ],
          [
            2.777,
            50.584
          ],
          [
            2.735,
            50.545
          ],
          [
            2.74,
            50.523
          ],
          [
            2.755,
            50.518
          ],
          [
            2.755,
            50.483
          ],
          [
            2.796,
            50.455
          ],
          [
            2.76,
            50.415
          ],
          [
            2.74,
            50.398
          ],
          [
            2.766,
            50.36
          ],
          [
            2.794,
            50.322
          ],
          [
            2.83,
            50.291
          ],
          [
            2.72,
            50.23
          ],
          [
            2.65,
            50.175
          ],
          [
            2.66,
            50.107
          ],
          [
            2.65,
            50.117
          ],
          [
            2.68,
            50.093
          ],
          [
            2.663,
            50.077
          ],
          [
            2.72,
            50.065
          ],
          [
            2.77,
            50.055
          ],
          [
            2.83,
            50.045
          ],
          [
            2.845,
            50.02
          ],
          [
            2.865,
            50
          ],
          [
            2.885,
            49.985
          ],
          [
            2.895,
            49.965
          ],
          [
            2.86,
            49.905
          ],
          [
            2.803,
            49.813
          ],
          [
            2.792,
            49.7
          ],
          [
            2.79,
            49.61
          ],
          [
            2.821,
            49.583
          ],
          [
            3,
            49.583
          ],
          [
            2.918,
            49.512
          ],
          [
            3.01,
            49.5
          ],
          [
            3.1,
            49.483
          ],
          [
            3.183,
            49.442
          ],
          [
            3.11,
            49.408
          ],
          [
            3.323,
            49.41
          ],
          [
            3.36,
            49.4
          ],
          [
            3.532,
            49.4
          ],
          [
            3.577,
            49.408
          ],
          [
            3.653,
            49.443
          ],
          [
            3.795,
            49.443
          ],
          [
            3.892,
            49.407
          ],
          [
            3.955,
            49.331
          ],
          [
            3.985,
            49.316
          ],
          [
            4.032,
            49.28
          ],
          [
            4.128,
            49.222
          ],
          [
            4.17,
            49.18
          ],
          [
            4.283,
            49.2
          ],
          [
            4.42,
            49.215
          ],
          [
            4.53,
            49.225
          ],
          [
            4.66,
            49.208
          ],
          [
            4.75,
            49.19
          ],
          [
            4.9,
            49.202
          ],
          [
            4.93,
            49.192
          ],
          [
            5.048,
            49.213
          ],
          [
            5.07,
            49.203
          ],
          [
            5.18,
            49.183
          ],
          [
            5.26,
            49.235
          ],
          [
            5.3,
            49.235
          ],
          [
            5.32,
            49.24
          ],
          [
            5.44,
            49.212
          ],
          [
            5.42,
            49.19
          ],
          [
            5.415,
            49.175
          ],
          [
            5.47,
            49.198
          ],
          [
            5.5,
            49.19
          ],
          [
            5.64,
            49.07
          ],
          [
            5.63,
            49.055
          ],
          [
            5.545,
            48.888
          ],
          [
            5.64,
            48.848
          ],
          [
            5.87,
            48.87
          ],
          [
            5.92,
            48.89
          ],
          [
            6.02,
            48.88
          ],
          [
            6.055,
            48.905
          ],
          [
            6.23,
            48.888
          ],
          [
            6.535,
            48.727
          ],
          [
            6.845,
            48.588
          ],
          [
            6.917,
            48.492
          ],
          [
            6.965,
            48.462
          ],
          [
            7.02,
            48.36
          ],
          [
            7.1,
            48.163
          ],
          [
            7.17,
            48.063
          ],
          [
            7.13,
            47.863
          ],
          [
            7.16,
            47.845
          ],
          [
            7.18,
            47.78
          ],
          [
            7.17,
            47.68
          ],
          [
            7.18,
            47.545
          ],
          [
            7.147,
            47.503
          ]
        ]
      }
    },
    {
      "type": "Feature",
      "id": "front:1916-12-18",
      "properties": {
        "date": "1916-12-18",
        "at": -1673740800000,
        "label": "The Somme closed; Verdun recovered",
        "precision": "medium",
        "summary": "The Somme ends in November having taken about ten kilometres at its deepest. At Verdun the French counter-offensives of October and December retake Douaumont, Vaux and the ground up to Louvemont and Bezonvaux, and the year ends roughly where it began.",
        "sources": [
          {
            "source": "source:prior-wilson-2005",
            "note": "the line at the close of the Somme in November"
          },
          {
            "source": "source:foley-2005",
            "note": "the French counter-offensives of October and December at Verdun"
          }
        ],
        "through": [
          "Nieuwpoort",
          "Sint-Joris",
          "Schoorbakke",
          "Stuivekenskerke",
          "Dixmude",
          "Noordschote",
          "Steenstraat",
          "Boesinghe",
          "Wieltje",
          "Frezenberg",
          "Hooge",
          "Sanctuary Wood",
          "Hill 60",
          "Sint-Elooi",
          "Wijtschate",
          "Messines",
          "Ploegsteert",
          "Frelinghien",
          "Bois-Grenier",
          "Fromelles",
          "Aubers",
          "Neuve-Chapelle",
          "Festubert",
          "Givenchy-lès-la-Bassée",
          "Cuinchy",
          "Vermelles",
          "Loos-en-Gohelle",
          "Angres",
          "Souchez",
          "Neuville-Saint-Vaast",
          "Roclincourt",
          "east of Arras",
          "Ficheux",
          "Monchy-au-Bois",
          "Gommecourt",
          "Hébuterne",
          "Serre",
          "Beaumont-Hamel",
          "Grandcourt",
          "Le Sars",
          "Gueudecourt",
          "Lesbœufs",
          "Combles",
          "Rancourt",
          "Bouchavesnes",
          "Barleux",
          "Chaulnes",
          "Roye",
          "Canny-sur-Matz",
          "Lassigny",
          "Noyon",
          "Ribécourt-Dreslincourt",
          "Tracy-le-Val",
          "Moulin-sous-Touvent",
          "Nouvron-Vingré",
          "Vic-sur-Aisne",
          "north of Soissons",
          "Crouy",
          "Vailly-sur-Aisne",
          "Chavonne",
          "Cerny-en-Laonnois",
          "Craonne",
          "Berry-au-Bac",
          "Loivre",
          "Brimont",
          "north of Reims",
          "Nogent-l'Abbesse",
          "Prunay",
          "Auberive",
          "Ferme Navarin",
          "Butte de Tahure",
          "Massiges",
          "Ville-sur-Tourbe",
          "Vienne-le-Château",
          "La Harazée",
          "Boureuilles",
          "Vauquois",
          "Avocourt",
          "Côte 304",
          "Le Mort-Homme",
          "Cumières",
          "Louvemont",
          "Bezonvaux",
          "Damloup",
          "Combres",
          "Les Éparges",
          "Saint-Mihiel",
          "Apremont-la-Forêt",
          "Flirey",
          "Regniéville",
          "Bois-le-Prêtre",
          "Pont-à-Mousson",
          "Nomeny",
          "Arracourt",
          "Blâmont",
          "Badonviller",
          "Celles-sur-Plaine",
          "Ban-de-Sapt",
          "Col du Bonhomme",
          "Le Linge",
          "Hartmannswillerkopf",
          "Steinbach",
          "Aspach",
          "Ammertzwiller",
          "Seppois",
          "Pfetterhouse"
        ],
        "lengthKm": 745
      },
      "geometry": {
        "type": "LineString",
        "coordinates": [
          [
            2.752,
            51.13
          ],
          [
            2.795,
            51.115
          ],
          [
            2.83,
            51.075
          ],
          [
            2.855,
            51.06
          ],
          [
            2.865,
            51.033
          ],
          [
            2.845,
            50.965
          ],
          [
            2.855,
            50.945
          ],
          [
            2.885,
            50.895
          ],
          [
            2.918,
            50.876
          ],
          [
            2.955,
            50.862
          ],
          [
            2.945,
            50.848
          ],
          [
            2.94,
            50.838
          ],
          [
            2.929,
            50.825
          ],
          [
            2.905,
            50.813
          ],
          [
            2.888,
            50.782
          ],
          [
            2.897,
            50.762
          ],
          [
            2.879,
            50.727
          ],
          [
            3,
            50.7
          ],
          [
            2.905,
            50.653
          ],
          [
            2.855,
            50.607
          ],
          [
            2.828,
            50.593
          ],
          [
            2.777,
            50.584
          ],
          [
            2.735,
            50.545
          ],
          [
            2.74,
            50.523
          ],
          [
            2.755,
            50.518
          ],
          [
            2.755,
            50.483
          ],
          [
            2.796,
            50.455
          ],
          [
            2.76,
            50.415
          ],
          [
            2.74,
            50.398
          ],
          [
            2.766,
            50.36
          ],
          [
            2.794,
            50.322
          ],
          [
            2.83,
            50.291
          ],
          [
            2.72,
            50.23
          ],
          [
            2.65,
            50.175
          ],
          [
            2.66,
            50.107
          ],
          [
            2.65,
            50.117
          ],
          [
            2.68,
            50.093
          ],
          [
            2.663,
            50.077
          ],
          [
            2.72,
            50.065
          ],
          [
            2.77,
            50.055
          ],
          [
            2.83,
            50.045
          ],
          [
            2.845,
            50.02
          ],
          [
            2.865,
            50
          ],
          [
            2.885,
            49.985
          ],
          [
            2.895,
            49.965
          ],
          [
            2.86,
            49.905
          ],
          [
            2.803,
            49.813
          ],
          [
            2.792,
            49.7
          ],
          [
            2.79,
            49.61
          ],
          [
            2.821,
            49.583
          ],
          [
            3,
            49.583
          ],
          [
            2.918,
            49.512
          ],
          [
            3.01,
            49.5
          ],
          [
            3.1,
            49.483
          ],
          [
            3.183,
            49.442
          ],
          [
            3.11,
            49.408
          ],
          [
            3.323,
            49.41
          ],
          [
            3.36,
            49.4
          ],
          [
            3.532,
            49.4
          ],
          [
            3.577,
            49.408
          ],
          [
            3.653,
            49.443
          ],
          [
            3.795,
            49.443
          ],
          [
            3.892,
            49.407
          ],
          [
            3.955,
            49.331
          ],
          [
            3.985,
            49.316
          ],
          [
            4.032,
            49.28
          ],
          [
            4.128,
            49.222
          ],
          [
            4.17,
            49.18
          ],
          [
            4.283,
            49.2
          ],
          [
            4.42,
            49.215
          ],
          [
            4.53,
            49.225
          ],
          [
            4.66,
            49.208
          ],
          [
            4.75,
            49.19
          ],
          [
            4.9,
            49.202
          ],
          [
            4.93,
            49.192
          ],
          [
            5.048,
            49.213
          ],
          [
            5.07,
            49.203
          ],
          [
            5.18,
            49.183
          ],
          [
            5.26,
            49.235
          ],
          [
            5.3,
            49.235
          ],
          [
            5.32,
            49.24
          ],
          [
            5.42,
            49.245
          ],
          [
            5.49,
            49.235
          ],
          [
            5.5,
            49.19
          ],
          [
            5.64,
            49.07
          ],
          [
            5.63,
            49.055
          ],
          [
            5.545,
            48.888
          ],
          [
            5.64,
            48.848
          ],
          [
            5.87,
            48.87
          ],
          [
            5.92,
            48.89
          ],
          [
            6.02,
            48.88
          ],
          [
            6.055,
            48.905
          ],
          [
            6.23,
            48.888
          ],
          [
            6.535,
            48.727
          ],
          [
            6.845,
            48.588
          ],
          [
            6.917,
            48.492
          ],
          [
            6.965,
            48.462
          ],
          [
            7.02,
            48.36
          ],
          [
            7.1,
            48.163
          ],
          [
            7.17,
            48.063
          ],
          [
            7.13,
            47.863
          ],
          [
            7.16,
            47.845
          ],
          [
            7.18,
            47.78
          ],
          [
            7.17,
            47.68
          ],
          [
            7.18,
            47.545
          ],
          [
            7.147,
            47.503
          ]
        ]
      }
    },
    {
      "type": "Feature",
      "id": "front:1917-04-05",
      "properties": {
        "date": "1917-04-05",
        "at": -1664409600000,
        "label": "The withdrawal to the Hindenburg Line",
        "precision": "medium",
        "summary": "Operation Alberich: between 16 March and 5 April the German army walks back up to forty kilometres to a shorter prepared line, wrecking the ground it leaves. The Noyon salient — the closest the war ever came to Paris — disappears, and with it thirteen German divisions’ worth of front.",
        "sources": [
          {
            "source": "source:stevenson-2004",
            "note": "Operation Alberich: the dates, the depth of the withdrawal and the divisions it freed"
          },
          {
            "source": "source:haig-despatches-1919",
            "note": "the British follow-up and the line reached in early April 1917"
          }
        ],
        "through": [
          "Nieuwpoort",
          "Sint-Joris",
          "Schoorbakke",
          "Stuivekenskerke",
          "Dixmude",
          "Noordschote",
          "Steenstraat",
          "Boesinghe",
          "Wieltje",
          "Frezenberg",
          "Hooge",
          "Sanctuary Wood",
          "Hill 60",
          "Sint-Elooi",
          "Wijtschate",
          "Messines",
          "Ploegsteert",
          "Frelinghien",
          "Bois-Grenier",
          "Fromelles",
          "Aubers",
          "Neuve-Chapelle",
          "Festubert",
          "Givenchy-lès-la-Bassée",
          "Cuinchy",
          "Vermelles",
          "Loos-en-Gohelle",
          "Angres",
          "Souchez",
          "Neuville-Saint-Vaast",
          "Roclincourt",
          "east of Arras",
          "Neuville-Vitasse",
          "Wancourt",
          "Croisilles",
          "Bullecourt",
          "Quéant",
          "Hermies",
          "Havrincourt",
          "Gouzeaucourt",
          "Épehy",
          "Le Verguier",
          "Saint-Quentin",
          "Itancourt",
          "La Fère",
          "Anizy-le-Château",
          "Vauxaillon",
          "Crouy",
          "Vailly-sur-Aisne",
          "Chavonne",
          "Cerny-en-Laonnois",
          "Craonne",
          "Berry-au-Bac",
          "Loivre",
          "Brimont",
          "north of Reims",
          "Nogent-l'Abbesse",
          "Prunay",
          "Auberive",
          "Ferme Navarin",
          "Butte de Tahure",
          "Massiges",
          "Ville-sur-Tourbe",
          "Vienne-le-Château",
          "La Harazée",
          "Boureuilles",
          "Vauquois",
          "Avocourt",
          "Côte 304",
          "Le Mort-Homme",
          "Cumières",
          "Louvemont",
          "Bezonvaux",
          "Damloup",
          "Combres",
          "Les Éparges",
          "Saint-Mihiel",
          "Apremont-la-Forêt",
          "Flirey",
          "Regniéville",
          "Bois-le-Prêtre",
          "Pont-à-Mousson",
          "Nomeny",
          "Arracourt",
          "Blâmont",
          "Badonviller",
          "Celles-sur-Plaine",
          "Ban-de-Sapt",
          "Col du Bonhomme",
          "Le Linge",
          "Hartmannswillerkopf",
          "Steinbach",
          "Aspach",
          "Ammertzwiller",
          "Seppois",
          "Pfetterhouse"
        ],
        "lengthKm": 698
      },
      "geometry": {
        "type": "LineString",
        "coordinates": [
          [
            2.752,
            51.13
          ],
          [
            2.795,
            51.115
          ],
          [
            2.83,
            51.075
          ],
          [
            2.855,
            51.06
          ],
          [
            2.865,
            51.033
          ],
          [
            2.845,
            50.965
          ],
          [
            2.855,
            50.945
          ],
          [
            2.885,
            50.895
          ],
          [
            2.918,
            50.876
          ],
          [
            2.955,
            50.862
          ],
          [
            2.945,
            50.848
          ],
          [
            2.94,
            50.838
          ],
          [
            2.929,
            50.825
          ],
          [
            2.905,
            50.813
          ],
          [
            2.888,
            50.782
          ],
          [
            2.897,
            50.762
          ],
          [
            2.879,
            50.727
          ],
          [
            3,
            50.7
          ],
          [
            2.905,
            50.653
          ],
          [
            2.855,
            50.607
          ],
          [
            2.828,
            50.593
          ],
          [
            2.777,
            50.584
          ],
          [
            2.735,
            50.545
          ],
          [
            2.74,
            50.523
          ],
          [
            2.755,
            50.518
          ],
          [
            2.755,
            50.483
          ],
          [
            2.796,
            50.455
          ],
          [
            2.76,
            50.415
          ],
          [
            2.74,
            50.398
          ],
          [
            2.766,
            50.36
          ],
          [
            2.794,
            50.322
          ],
          [
            2.83,
            50.291
          ],
          [
            2.815,
            50.256
          ],
          [
            2.859,
            50.253
          ],
          [
            2.888,
            50.185
          ],
          [
            2.933,
            50.19
          ],
          [
            2.986,
            50.183
          ],
          [
            3.045,
            50.105
          ],
          [
            3.075,
            50.108
          ],
          [
            3.128,
            50.055
          ],
          [
            3.135,
            49.992
          ],
          [
            3.222,
            49.918
          ],
          [
            3.287,
            49.847
          ],
          [
            3.35,
            49.8
          ],
          [
            3.365,
            49.663
          ],
          [
            3.45,
            49.503
          ],
          [
            3.42,
            49.475
          ],
          [
            3.36,
            49.4
          ],
          [
            3.532,
            49.4
          ],
          [
            3.577,
            49.408
          ],
          [
            3.653,
            49.443
          ],
          [
            3.795,
            49.443
          ],
          [
            3.892,
            49.407
          ],
          [
            3.955,
            49.331
          ],
          [
            3.985,
            49.316
          ],
          [
            4.032,
            49.28
          ],
          [
            4.128,
            49.222
          ],
          [
            4.17,
            49.18
          ],
          [
            4.283,
            49.2
          ],
          [
            4.42,
            49.215
          ],
          [
            4.53,
            49.225
          ],
          [
            4.66,
            49.208
          ],
          [
            4.75,
            49.19
          ],
          [
            4.9,
            49.202
          ],
          [
            4.93,
            49.192
          ],
          [
            5.048,
            49.213
          ],
          [
            5.07,
            49.203
          ],
          [
            5.18,
            49.183
          ],
          [
            5.26,
            49.235
          ],
          [
            5.3,
            49.235
          ],
          [
            5.32,
            49.24
          ],
          [
            5.42,
            49.245
          ],
          [
            5.49,
            49.235
          ],
          [
            5.5,
            49.19
          ],
          [
            5.64,
            49.07
          ],
          [
            5.63,
            49.055
          ],
          [
            5.545,
            48.888
          ],
          [
            5.64,
            48.848
          ],
          [
            5.87,
            48.87
          ],
          [
            5.92,
            48.89
          ],
          [
            6.02,
            48.88
          ],
          [
            6.055,
            48.905
          ],
          [
            6.23,
            48.888
          ],
          [
            6.535,
            48.727
          ],
          [
            6.845,
            48.588
          ],
          [
            6.917,
            48.492
          ],
          [
            6.965,
            48.462
          ],
          [
            7.02,
            48.36
          ],
          [
            7.1,
            48.163
          ],
          [
            7.17,
            48.063
          ],
          [
            7.13,
            47.863
          ],
          [
            7.16,
            47.845
          ],
          [
            7.18,
            47.78
          ],
          [
            7.17,
            47.68
          ],
          [
            7.18,
            47.545
          ],
          [
            7.147,
            47.503
          ]
        ]
      }
    },
    {
      "type": "Feature",
      "id": "front:1917-05-20",
      "properties": {
        "date": "1917-05-20",
        "at": -1660521600000,
        "label": "Arras, Vimy and the Nivelle offensive",
        "precision": "medium",
        "summary": "The Canadian Corps takes Vimy Ridge on 9 April. On the Aisne, Nivelle promises a breakthrough in forty-eight hours, gains the forward slope of the Chemin des Dames, and by the end of May half the French army has refused to attack again.",
        "sources": [
          {
            "source": "source:doughty-2005",
            "note": "the Nivelle offensive, its gains on the Chemin des Dames, and the mutinies that followed"
          },
          {
            "source": "source:haig-despatches-1919",
            "note": "Arras and Vimy: the ground taken in April"
          }
        ],
        "through": [
          "Nieuwpoort",
          "Sint-Joris",
          "Schoorbakke",
          "Stuivekenskerke",
          "Dixmude",
          "Noordschote",
          "Steenstraat",
          "Boesinghe",
          "Wieltje",
          "Frezenberg",
          "Hooge",
          "Sanctuary Wood",
          "Hill 60",
          "Sint-Elooi",
          "Wijtschate",
          "Messines",
          "Ploegsteert",
          "Frelinghien",
          "Bois-Grenier",
          "Fromelles",
          "Aubers",
          "Neuve-Chapelle",
          "Festubert",
          "Givenchy-lès-la-Bassée",
          "Cuinchy",
          "Vermelles",
          "Hulluch",
          "Loos-en-Gohelle",
          "Avion",
          "Oppy",
          "Gavrelle",
          "Neuville-Vitasse",
          "Wancourt",
          "Croisilles",
          "Bullecourt",
          "Quéant",
          "Hermies",
          "Havrincourt",
          "Gouzeaucourt",
          "Épehy",
          "Le Verguier",
          "Saint-Quentin",
          "Itancourt",
          "La Fère",
          "Anizy-le-Château",
          "Vauxaillon",
          "Laffaux",
          "Pinon",
          "Chavignon",
          "Ailles",
          "Craonne",
          "Berry-au-Bac",
          "Loivre",
          "Brimont",
          "north of Reims",
          "Nogent-l'Abbesse",
          "Prunay",
          "Auberive",
          "Ferme Navarin",
          "Butte de Tahure",
          "Massiges",
          "Ville-sur-Tourbe",
          "Vienne-le-Château",
          "La Harazée",
          "Boureuilles",
          "Vauquois",
          "Avocourt",
          "Côte 304",
          "Le Mort-Homme",
          "Cumières",
          "Louvemont",
          "Bezonvaux",
          "Damloup",
          "Combres",
          "Les Éparges",
          "Saint-Mihiel",
          "Apremont-la-Forêt",
          "Flirey",
          "Regniéville",
          "Bois-le-Prêtre",
          "Pont-à-Mousson",
          "Nomeny",
          "Arracourt",
          "Blâmont",
          "Badonviller",
          "Celles-sur-Plaine",
          "Ban-de-Sapt",
          "Col du Bonhomme",
          "Le Linge",
          "Hartmannswillerkopf",
          "Steinbach",
          "Aspach",
          "Ammertzwiller",
          "Seppois",
          "Pfetterhouse"
        ],
        "lengthKm": 688
      },
      "geometry": {
        "type": "LineString",
        "coordinates": [
          [
            2.752,
            51.13
          ],
          [
            2.795,
            51.115
          ],
          [
            2.83,
            51.075
          ],
          [
            2.855,
            51.06
          ],
          [
            2.865,
            51.033
          ],
          [
            2.845,
            50.965
          ],
          [
            2.855,
            50.945
          ],
          [
            2.885,
            50.895
          ],
          [
            2.918,
            50.876
          ],
          [
            2.955,
            50.862
          ],
          [
            2.945,
            50.848
          ],
          [
            2.94,
            50.838
          ],
          [
            2.929,
            50.825
          ],
          [
            2.905,
            50.813
          ],
          [
            2.888,
            50.782
          ],
          [
            2.897,
            50.762
          ],
          [
            2.879,
            50.727
          ],
          [
            3,
            50.7
          ],
          [
            2.905,
            50.653
          ],
          [
            2.855,
            50.607
          ],
          [
            2.828,
            50.593
          ],
          [
            2.777,
            50.584
          ],
          [
            2.735,
            50.545
          ],
          [
            2.74,
            50.523
          ],
          [
            2.755,
            50.518
          ],
          [
            2.755,
            50.483
          ],
          [
            2.79,
            50.472
          ],
          [
            2.796,
            50.455
          ],
          [
            2.83,
            50.41
          ],
          [
            2.87,
            50.35
          ],
          [
            2.88,
            50.33
          ],
          [
            2.815,
            50.256
          ],
          [
            2.859,
            50.253
          ],
          [
            2.888,
            50.185
          ],
          [
            2.933,
            50.19
          ],
          [
            2.986,
            50.183
          ],
          [
            3.045,
            50.105
          ],
          [
            3.075,
            50.108
          ],
          [
            3.128,
            50.055
          ],
          [
            3.135,
            49.992
          ],
          [
            3.222,
            49.918
          ],
          [
            3.287,
            49.847
          ],
          [
            3.35,
            49.8
          ],
          [
            3.365,
            49.663
          ],
          [
            3.45,
            49.503
          ],
          [
            3.42,
            49.475
          ],
          [
            3.475,
            49.443
          ],
          [
            3.51,
            49.485
          ],
          [
            3.55,
            49.47
          ],
          [
            3.72,
            49.45
          ],
          [
            3.795,
            49.443
          ],
          [
            3.892,
            49.407
          ],
          [
            3.955,
            49.331
          ],
          [
            3.985,
            49.316
          ],
          [
            4.032,
            49.28
          ],
          [
            4.128,
            49.222
          ],
          [
            4.17,
            49.18
          ],
          [
            4.283,
            49.2
          ],
          [
            4.42,
            49.215
          ],
          [
            4.53,
            49.225
          ],
          [
            4.66,
            49.208
          ],
          [
            4.75,
            49.19
          ],
          [
            4.9,
            49.202
          ],
          [
            4.93,
            49.192
          ],
          [
            5.048,
            49.213
          ],
          [
            5.07,
            49.203
          ],
          [
            5.18,
            49.183
          ],
          [
            5.26,
            49.235
          ],
          [
            5.3,
            49.235
          ],
          [
            5.32,
            49.24
          ],
          [
            5.42,
            49.245
          ],
          [
            5.49,
            49.235
          ],
          [
            5.5,
            49.19
          ],
          [
            5.64,
            49.07
          ],
          [
            5.63,
            49.055
          ],
          [
            5.545,
            48.888
          ],
          [
            5.64,
            48.848
          ],
          [
            5.87,
            48.87
          ],
          [
            5.92,
            48.89
          ],
          [
            6.02,
            48.88
          ],
          [
            6.055,
            48.905
          ],
          [
            6.23,
            48.888
          ],
          [
            6.535,
            48.727
          ],
          [
            6.845,
            48.588
          ],
          [
            6.917,
            48.492
          ],
          [
            6.965,
            48.462
          ],
          [
            7.02,
            48.36
          ],
          [
            7.1,
            48.163
          ],
          [
            7.17,
            48.063
          ],
          [
            7.13,
            47.863
          ],
          [
            7.16,
            47.845
          ],
          [
            7.18,
            47.78
          ],
          [
            7.17,
            47.68
          ],
          [
            7.18,
            47.545
          ],
          [
            7.147,
            47.503
          ]
        ]
      }
    },
    {
      "type": "Feature",
      "id": "front:1917-06-14",
      "properties": {
        "date": "1917-06-14",
        "at": -1658361600000,
        "label": "Messines Ridge",
        "precision": "medium",
        "summary": "Nineteen mines under the ridge, some of them dug for two years, go up at 3.10 a.m. on 7 June. The ridge is taken in a morning — the most completely successful set-piece attack of the war so far, and one that was never meant to go further than the ridge.",
        "sources": [
          {
            "source": "source:prior-wilson-1996",
            "note": "Messines as the preliminary operation, and the objectives taken on 7 June"
          },
          {
            "source": "source:haig-despatches-1919",
            "note": "the Messines attack and the line consolidated on the ridge"
          }
        ],
        "through": [
          "Nieuwpoort",
          "Sint-Joris",
          "Schoorbakke",
          "Stuivekenskerke",
          "Dixmude",
          "Noordschote",
          "Steenstraat",
          "Boesinghe",
          "Wieltje",
          "Frezenberg",
          "Hooge",
          "Sanctuary Wood",
          "Hill 60",
          "Sint-Elooi",
          "Oosttaverne",
          "Warneton",
          "Ploegsteert",
          "Frelinghien",
          "Bois-Grenier",
          "Fromelles",
          "Aubers",
          "Neuve-Chapelle",
          "Festubert",
          "Givenchy-lès-la-Bassée",
          "Cuinchy",
          "Vermelles",
          "Hulluch",
          "Loos-en-Gohelle",
          "Avion",
          "Oppy",
          "Gavrelle",
          "Neuville-Vitasse",
          "Wancourt",
          "Croisilles",
          "Bullecourt",
          "Quéant",
          "Hermies",
          "Havrincourt",
          "Gouzeaucourt",
          "Épehy",
          "Le Verguier",
          "Saint-Quentin",
          "Itancourt",
          "La Fère",
          "Anizy-le-Château",
          "Vauxaillon",
          "Laffaux",
          "Pinon",
          "Chavignon",
          "Ailles",
          "Craonne",
          "Berry-au-Bac",
          "Loivre",
          "Brimont",
          "north of Reims",
          "Nogent-l'Abbesse",
          "Prunay",
          "Auberive",
          "Ferme Navarin",
          "Butte de Tahure",
          "Massiges",
          "Ville-sur-Tourbe",
          "Vienne-le-Château",
          "La Harazée",
          "Boureuilles",
          "Vauquois",
          "Avocourt",
          "Côte 304",
          "Le Mort-Homme",
          "Cumières",
          "Louvemont",
          "Bezonvaux",
          "Damloup",
          "Combres",
          "Les Éparges",
          "Saint-Mihiel",
          "Apremont-la-Forêt",
          "Flirey",
          "Regniéville",
          "Bois-le-Prêtre",
          "Pont-à-Mousson",
          "Nomeny",
          "Arracourt",
          "Blâmont",
          "Badonviller",
          "Celles-sur-Plaine",
          "Ban-de-Sapt",
          "Col du Bonhomme",
          "Le Linge",
          "Hartmannswillerkopf",
          "Steinbach",
          "Aspach",
          "Ammertzwiller",
          "Seppois",
          "Pfetterhouse"
        ],
        "lengthKm": 697
      },
      "geometry": {
        "type": "LineString",
        "coordinates": [
          [
            2.752,
            51.13
          ],
          [
            2.795,
            51.115
          ],
          [
            2.83,
            51.075
          ],
          [
            2.855,
            51.06
          ],
          [
            2.865,
            51.033
          ],
          [
            2.845,
            50.965
          ],
          [
            2.855,
            50.945
          ],
          [
            2.885,
            50.895
          ],
          [
            2.918,
            50.876
          ],
          [
            2.955,
            50.862
          ],
          [
            2.945,
            50.848
          ],
          [
            2.94,
            50.838
          ],
          [
            2.929,
            50.825
          ],
          [
            2.905,
            50.813
          ],
          [
            2.925,
            50.775
          ],
          [
            3,
            50.755
          ],
          [
            2.879,
            50.727
          ],
          [
            3,
            50.7
          ],
          [
            2.905,
            50.653
          ],
          [
            2.855,
            50.607
          ],
          [
            2.828,
            50.593
          ],
          [
            2.777,
            50.584
          ],
          [
            2.735,
            50.545
          ],
          [
            2.74,
            50.523
          ],
          [
            2.755,
            50.518
          ],
          [
            2.755,
            50.483
          ],
          [
            2.79,
            50.472
          ],
          [
            2.796,
            50.455
          ],
          [
            2.83,
            50.41
          ],
          [
            2.87,
            50.35
          ],
          [
            2.88,
            50.33
          ],
          [
            2.815,
            50.256
          ],
          [
            2.859,
            50.253
          ],
          [
            2.888,
            50.185
          ],
          [
            2.933,
            50.19
          ],
          [
            2.986,
            50.183
          ],
          [
            3.045,
            50.105
          ],
          [
            3.075,
            50.108
          ],
          [
            3.128,
            50.055
          ],
          [
            3.135,
            49.992
          ],
          [
            3.222,
            49.918
          ],
          [
            3.287,
            49.847
          ],
          [
            3.35,
            49.8
          ],
          [
            3.365,
            49.663
          ],
          [
            3.45,
            49.503
          ],
          [
            3.42,
            49.475
          ],
          [
            3.475,
            49.443
          ],
          [
            3.51,
            49.485
          ],
          [
            3.55,
            49.47
          ],
          [
            3.72,
            49.45
          ],
          [
            3.795,
            49.443
          ],
          [
            3.892,
            49.407
          ],
          [
            3.955,
            49.331
          ],
          [
            3.985,
            49.316
          ],
          [
            4.032,
            49.28
          ],
          [
            4.128,
            49.222
          ],
          [
            4.17,
            49.18
          ],
          [
            4.283,
            49.2
          ],
          [
            4.42,
            49.215
          ],
          [
            4.53,
            49.225
          ],
          [
            4.66,
            49.208
          ],
          [
            4.75,
            49.19
          ],
          [
            4.9,
            49.202
          ],
          [
            4.93,
            49.192
          ],
          [
            5.048,
            49.213
          ],
          [
            5.07,
            49.203
          ],
          [
            5.18,
            49.183
          ],
          [
            5.26,
            49.235
          ],
          [
            5.3,
            49.235
          ],
          [
            5.32,
            49.24
          ],
          [
            5.42,
            49.245
          ],
          [
            5.49,
            49.235
          ],
          [
            5.5,
            49.19
          ],
          [
            5.64,
            49.07
          ],
          [
            5.63,
            49.055
          ],
          [
            5.545,
            48.888
          ],
          [
            5.64,
            48.848
          ],
          [
            5.87,
            48.87
          ],
          [
            5.92,
            48.89
          ],
          [
            6.02,
            48.88
          ],
          [
            6.055,
            48.905
          ],
          [
            6.23,
            48.888
          ],
          [
            6.535,
            48.727
          ],
          [
            6.845,
            48.588
          ],
          [
            6.917,
            48.492
          ],
          [
            6.965,
            48.462
          ],
          [
            7.02,
            48.36
          ],
          [
            7.1,
            48.163
          ],
          [
            7.17,
            48.063
          ],
          [
            7.13,
            47.863
          ],
          [
            7.16,
            47.845
          ],
          [
            7.18,
            47.78
          ],
          [
            7.17,
            47.68
          ],
          [
            7.18,
            47.545
          ],
          [
            7.147,
            47.503
          ]
        ]
      }
    },
    {
      "type": "Feature",
      "id": "front:1917-11-10",
      "properties": {
        "date": "1917-11-10",
        "at": -1645488000000,
        "label": "Passchendaele",
        "precision": "medium",
        "summary": "Third Ypres closes on the ridge it was named for, eight kilometres from where it started in July, in mud that swallowed the guns. The salient is deeper than it was in 1915 and harder to hold.",
        "sources": [
          {
            "source": "source:prior-wilson-1996",
            "note": "Third Ypres: the phases, the ground gained and the closing date"
          },
          {
            "source": "source:1914-1918-online-ypres",
            "note": "the capture of Passchendaele village and the shape of the salient"
          }
        ],
        "through": [
          "Nieuwpoort",
          "Sint-Joris",
          "Schoorbakke",
          "Stuivekenskerke",
          "Dixmude",
          "Noordschote",
          "Steenstraat",
          "Boesinghe",
          "Langemarck",
          "Poelkapelle",
          "Passchendaele",
          "Broodseinde",
          "Becelaere",
          "Gheluvelt",
          "Zandvoorde",
          "Hollebeke",
          "Sint-Elooi",
          "Oosttaverne",
          "Warneton",
          "Ploegsteert",
          "Frelinghien",
          "Bois-Grenier",
          "Fromelles",
          "Aubers",
          "Neuve-Chapelle",
          "Festubert",
          "Givenchy-lès-la-Bassée",
          "Cuinchy",
          "Vermelles",
          "Hulluch",
          "Loos-en-Gohelle",
          "Avion",
          "Oppy",
          "Gavrelle",
          "Neuville-Vitasse",
          "Wancourt",
          "Croisilles",
          "Bullecourt",
          "Quéant",
          "Hermies",
          "Havrincourt",
          "Gouzeaucourt",
          "Épehy",
          "Le Verguier",
          "Saint-Quentin",
          "Itancourt",
          "La Fère",
          "Anizy-le-Château",
          "Vauxaillon",
          "Laffaux",
          "Pinon",
          "Chavignon",
          "Ailles",
          "Craonne",
          "Berry-au-Bac",
          "Loivre",
          "Brimont",
          "north of Reims",
          "Nogent-l'Abbesse",
          "Prunay",
          "Auberive",
          "Ferme Navarin",
          "Butte de Tahure",
          "Massiges",
          "Ville-sur-Tourbe",
          "Vienne-le-Château",
          "La Harazée",
          "Boureuilles",
          "Vauquois",
          "Avocourt",
          "Malancourt",
          "Forges-sur-Meuse",
          "Brabant-sur-Meuse",
          "Consenvoye",
          "Bois des Caures",
          "Ornes",
          "Fromezey",
          "Combres",
          "Les Éparges",
          "Saint-Mihiel",
          "Apremont-la-Forêt",
          "Flirey",
          "Regniéville",
          "Bois-le-Prêtre",
          "Pont-à-Mousson",
          "Nomeny",
          "Arracourt",
          "Blâmont",
          "Badonviller",
          "Celles-sur-Plaine",
          "Ban-de-Sapt",
          "Col du Bonhomme",
          "Le Linge",
          "Hartmannswillerkopf",
          "Steinbach",
          "Aspach",
          "Ammertzwiller",
          "Seppois",
          "Pfetterhouse"
        ],
        "lengthKm": 720
      },
      "geometry": {
        "type": "LineString",
        "coordinates": [
          [
            2.752,
            51.13
          ],
          [
            2.795,
            51.115
          ],
          [
            2.83,
            51.075
          ],
          [
            2.855,
            51.06
          ],
          [
            2.865,
            51.033
          ],
          [
            2.845,
            50.965
          ],
          [
            2.855,
            50.945
          ],
          [
            2.885,
            50.895
          ],
          [
            2.917,
            50.917
          ],
          [
            2.96,
            50.913
          ],
          [
            3.02,
            50.898
          ],
          [
            3.01,
            50.873
          ],
          [
            3.03,
            50.855
          ],
          [
            3,
            50.836
          ],
          [
            2.982,
            50.813
          ],
          [
            2.958,
            50.797
          ],
          [
            2.905,
            50.813
          ],
          [
            2.925,
            50.775
          ],
          [
            3,
            50.755
          ],
          [
            2.879,
            50.727
          ],
          [
            3,
            50.7
          ],
          [
            2.905,
            50.653
          ],
          [
            2.855,
            50.607
          ],
          [
            2.828,
            50.593
          ],
          [
            2.777,
            50.584
          ],
          [
            2.735,
            50.545
          ],
          [
            2.74,
            50.523
          ],
          [
            2.755,
            50.518
          ],
          [
            2.755,
            50.483
          ],
          [
            2.79,
            50.472
          ],
          [
            2.796,
            50.455
          ],
          [
            2.83,
            50.41
          ],
          [
            2.87,
            50.35
          ],
          [
            2.88,
            50.33
          ],
          [
            2.815,
            50.256
          ],
          [
            2.859,
            50.253
          ],
          [
            2.888,
            50.185
          ],
          [
            2.933,
            50.19
          ],
          [
            2.986,
            50.183
          ],
          [
            3.045,
            50.105
          ],
          [
            3.075,
            50.108
          ],
          [
            3.128,
            50.055
          ],
          [
            3.135,
            49.992
          ],
          [
            3.222,
            49.918
          ],
          [
            3.287,
            49.847
          ],
          [
            3.35,
            49.8
          ],
          [
            3.365,
            49.663
          ],
          [
            3.45,
            49.503
          ],
          [
            3.42,
            49.475
          ],
          [
            3.475,
            49.443
          ],
          [
            3.51,
            49.485
          ],
          [
            3.55,
            49.47
          ],
          [
            3.72,
            49.45
          ],
          [
            3.795,
            49.443
          ],
          [
            3.892,
            49.407
          ],
          [
            3.955,
            49.331
          ],
          [
            3.985,
            49.316
          ],
          [
            4.032,
            49.28
          ],
          [
            4.128,
            49.222
          ],
          [
            4.17,
            49.18
          ],
          [
            4.283,
            49.2
          ],
          [
            4.42,
            49.215
          ],
          [
            4.53,
            49.225
          ],
          [
            4.66,
            49.208
          ],
          [
            4.75,
            49.19
          ],
          [
            4.9,
            49.202
          ],
          [
            4.93,
            49.192
          ],
          [
            5.048,
            49.213
          ],
          [
            5.07,
            49.203
          ],
          [
            5.18,
            49.183
          ],
          [
            5.212,
            49.22
          ],
          [
            5.278,
            49.283
          ],
          [
            5.312,
            49.302
          ],
          [
            5.32,
            49.31
          ],
          [
            5.42,
            49.27
          ],
          [
            5.48,
            49.23
          ],
          [
            5.56,
            49.18
          ],
          [
            5.64,
            49.07
          ],
          [
            5.63,
            49.055
          ],
          [
            5.545,
            48.888
          ],
          [
            5.64,
            48.848
          ],
          [
            5.87,
            48.87
          ],
          [
            5.92,
            48.89
          ],
          [
            6.02,
            48.88
          ],
          [
            6.055,
            48.905
          ],
          [
            6.23,
            48.888
          ],
          [
            6.535,
            48.727
          ],
          [
            6.845,
            48.588
          ],
          [
            6.917,
            48.492
          ],
          [
            6.965,
            48.462
          ],
          [
            7.02,
            48.36
          ],
          [
            7.1,
            48.163
          ],
          [
            7.17,
            48.063
          ],
          [
            7.13,
            47.863
          ],
          [
            7.16,
            47.845
          ],
          [
            7.18,
            47.78
          ],
          [
            7.17,
            47.68
          ],
          [
            7.18,
            47.545
          ],
          [
            7.147,
            47.503
          ]
        ]
      }
    },
    {
      "type": "Feature",
      "id": "front:1917-11-23",
      "properties": {
        "date": "1917-11-23",
        "at": -1644364800000,
        "label": "Cambrai: the tanks break the line",
        "precision": "medium",
        "summary": "Four hundred and seventy-six tanks attack without a preliminary bombardment on 20 November and tear a six-kilometre hole in the Hindenburg Line in a morning. The church bells are rung in England. There is nothing to push through the hole with.",
        "sources": [
          {
            "source": "source:hammond-2008",
            "note": "Cambrai: the first day, its depth, and what the bells were rung for"
          },
          {
            "source": "source:harris-1995",
            "note": "the tank numbers and the method of 20 November"
          }
        ],
        "through": [
          "Nieuwpoort",
          "Sint-Joris",
          "Schoorbakke",
          "Stuivekenskerke",
          "Dixmude",
          "Noordschote",
          "Steenstraat",
          "Boesinghe",
          "Langemarck",
          "Poelkapelle",
          "Passchendaele",
          "Broodseinde",
          "Becelaere",
          "Gheluvelt",
          "Zandvoorde",
          "Hollebeke",
          "Sint-Elooi",
          "Oosttaverne",
          "Warneton",
          "Ploegsteert",
          "Frelinghien",
          "Bois-Grenier",
          "Fromelles",
          "Aubers",
          "Neuve-Chapelle",
          "Festubert",
          "Givenchy-lès-la-Bassée",
          "Cuinchy",
          "Vermelles",
          "Hulluch",
          "Loos-en-Gohelle",
          "Avion",
          "Oppy",
          "Gavrelle",
          "Neuville-Vitasse",
          "Wancourt",
          "Croisilles",
          "Bullecourt",
          "Quéant",
          "Bourlon Wood",
          "Flesquières",
          "Marcoing",
          "Masnières",
          "Gouzeaucourt",
          "Épehy",
          "Le Verguier",
          "Saint-Quentin",
          "Itancourt",
          "La Fère",
          "Anizy-le-Château",
          "Vauxaillon",
          "Laffaux",
          "Pinon",
          "Chavignon",
          "Ailles",
          "Craonne",
          "Berry-au-Bac",
          "Loivre",
          "Brimont",
          "north of Reims",
          "Nogent-l'Abbesse",
          "Prunay",
          "Auberive",
          "Ferme Navarin",
          "Butte de Tahure",
          "Massiges",
          "Ville-sur-Tourbe",
          "Vienne-le-Château",
          "La Harazée",
          "Boureuilles",
          "Vauquois",
          "Avocourt",
          "Malancourt",
          "Forges-sur-Meuse",
          "Brabant-sur-Meuse",
          "Consenvoye",
          "Bois des Caures",
          "Ornes",
          "Fromezey",
          "Combres",
          "Les Éparges",
          "Saint-Mihiel",
          "Apremont-la-Forêt",
          "Flirey",
          "Regniéville",
          "Bois-le-Prêtre",
          "Pont-à-Mousson",
          "Nomeny",
          "Arracourt",
          "Blâmont",
          "Badonviller",
          "Celles-sur-Plaine",
          "Ban-de-Sapt",
          "Col du Bonhomme",
          "Le Linge",
          "Hartmannswillerkopf",
          "Steinbach",
          "Aspach",
          "Ammertzwiller",
          "Seppois",
          "Pfetterhouse"
        ],
        "lengthKm": 733
      },
      "geometry": {
        "type": "LineString",
        "coordinates": [
          [
            2.752,
            51.13
          ],
          [
            2.795,
            51.115
          ],
          [
            2.83,
            51.075
          ],
          [
            2.855,
            51.06
          ],
          [
            2.865,
            51.033
          ],
          [
            2.845,
            50.965
          ],
          [
            2.855,
            50.945
          ],
          [
            2.885,
            50.895
          ],
          [
            2.917,
            50.917
          ],
          [
            2.96,
            50.913
          ],
          [
            3.02,
            50.898
          ],
          [
            3.01,
            50.873
          ],
          [
            3.03,
            50.855
          ],
          [
            3,
            50.836
          ],
          [
            2.982,
            50.813
          ],
          [
            2.958,
            50.797
          ],
          [
            2.905,
            50.813
          ],
          [
            2.925,
            50.775
          ],
          [
            3,
            50.755
          ],
          [
            2.879,
            50.727
          ],
          [
            3,
            50.7
          ],
          [
            2.905,
            50.653
          ],
          [
            2.855,
            50.607
          ],
          [
            2.828,
            50.593
          ],
          [
            2.777,
            50.584
          ],
          [
            2.735,
            50.545
          ],
          [
            2.74,
            50.523
          ],
          [
            2.755,
            50.518
          ],
          [
            2.755,
            50.483
          ],
          [
            2.79,
            50.472
          ],
          [
            2.796,
            50.455
          ],
          [
            2.83,
            50.41
          ],
          [
            2.87,
            50.35
          ],
          [
            2.88,
            50.33
          ],
          [
            2.815,
            50.256
          ],
          [
            2.859,
            50.253
          ],
          [
            2.888,
            50.185
          ],
          [
            2.933,
            50.19
          ],
          [
            2.986,
            50.183
          ],
          [
            3.09,
            50.18
          ],
          [
            3.09,
            50.117
          ],
          [
            3.17,
            50.117
          ],
          [
            3.22,
            50.107
          ],
          [
            3.128,
            50.055
          ],
          [
            3.135,
            49.992
          ],
          [
            3.222,
            49.918
          ],
          [
            3.287,
            49.847
          ],
          [
            3.35,
            49.8
          ],
          [
            3.365,
            49.663
          ],
          [
            3.45,
            49.503
          ],
          [
            3.42,
            49.475
          ],
          [
            3.475,
            49.443
          ],
          [
            3.51,
            49.485
          ],
          [
            3.55,
            49.47
          ],
          [
            3.72,
            49.45
          ],
          [
            3.795,
            49.443
          ],
          [
            3.892,
            49.407
          ],
          [
            3.955,
            49.331
          ],
          [
            3.985,
            49.316
          ],
          [
            4.032,
            49.28
          ],
          [
            4.128,
            49.222
          ],
          [
            4.17,
            49.18
          ],
          [
            4.283,
            49.2
          ],
          [
            4.42,
            49.215
          ],
          [
            4.53,
            49.225
          ],
          [
            4.66,
            49.208
          ],
          [
            4.75,
            49.19
          ],
          [
            4.9,
            49.202
          ],
          [
            4.93,
            49.192
          ],
          [
            5.048,
            49.213
          ],
          [
            5.07,
            49.203
          ],
          [
            5.18,
            49.183
          ],
          [
            5.212,
            49.22
          ],
          [
            5.278,
            49.283
          ],
          [
            5.312,
            49.302
          ],
          [
            5.32,
            49.31
          ],
          [
            5.42,
            49.27
          ],
          [
            5.48,
            49.23
          ],
          [
            5.56,
            49.18
          ],
          [
            5.64,
            49.07
          ],
          [
            5.63,
            49.055
          ],
          [
            5.545,
            48.888
          ],
          [
            5.64,
            48.848
          ],
          [
            5.87,
            48.87
          ],
          [
            5.92,
            48.89
          ],
          [
            6.02,
            48.88
          ],
          [
            6.055,
            48.905
          ],
          [
            6.23,
            48.888
          ],
          [
            6.535,
            48.727
          ],
          [
            6.845,
            48.588
          ],
          [
            6.917,
            48.492
          ],
          [
            6.965,
            48.462
          ],
          [
            7.02,
            48.36
          ],
          [
            7.1,
            48.163
          ],
          [
            7.17,
            48.063
          ],
          [
            7.13,
            47.863
          ],
          [
            7.16,
            47.845
          ],
          [
            7.18,
            47.78
          ],
          [
            7.17,
            47.68
          ],
          [
            7.18,
            47.545
          ],
          [
            7.147,
            47.503
          ]
        ]
      }
    },
    {
      "type": "Feature",
      "id": "front:1917-12-07",
      "properties": {
        "date": "1917-12-07",
        "at": -1643155200000,
        "label": "Cambrai: the counter-attack",
        "precision": "medium",
        "summary": "On 30 November German infantry attacking in small infiltrating groups, behind a short hurricane bombardment, take back most of the salient and some ground beyond it. Both halves of 1918 are visible in this fortnight.",
        "sources": [
          {
            "source": "source:hammond-2008",
            "note": "the German counter-attack of 30 November and the ground held at the close"
          },
          {
            "source": "source:lupfer-1981",
            "note": "the counter-attack as the first full use of the new German attack doctrine"
          }
        ],
        "through": [
          "Nieuwpoort",
          "Sint-Joris",
          "Schoorbakke",
          "Stuivekenskerke",
          "Dixmude",
          "Noordschote",
          "Steenstraat",
          "Boesinghe",
          "Langemarck",
          "Poelkapelle",
          "Passchendaele",
          "Broodseinde",
          "Becelaere",
          "Gheluvelt",
          "Zandvoorde",
          "Hollebeke",
          "Sint-Elooi",
          "Oosttaverne",
          "Warneton",
          "Ploegsteert",
          "Frelinghien",
          "Bois-Grenier",
          "Fromelles",
          "Aubers",
          "Neuve-Chapelle",
          "Festubert",
          "Givenchy-lès-la-Bassée",
          "Cuinchy",
          "Vermelles",
          "Hulluch",
          "Loos-en-Gohelle",
          "Avion",
          "Oppy",
          "Gavrelle",
          "Neuville-Vitasse",
          "Wancourt",
          "Croisilles",
          "Bullecourt",
          "Quéant",
          "Hermies",
          "Flesquières",
          "Marcoing",
          "Gouzeaucourt",
          "Épehy",
          "Le Verguier",
          "Saint-Quentin",
          "Itancourt",
          "La Fère",
          "Anizy-le-Château",
          "Vauxaillon",
          "Laffaux",
          "Pinon",
          "Chavignon",
          "Ailles",
          "Craonne",
          "Berry-au-Bac",
          "Loivre",
          "Brimont",
          "north of Reims",
          "Nogent-l'Abbesse",
          "Prunay",
          "Auberive",
          "Ferme Navarin",
          "Butte de Tahure",
          "Massiges",
          "Ville-sur-Tourbe",
          "Vienne-le-Château",
          "La Harazée",
          "Boureuilles",
          "Vauquois",
          "Avocourt",
          "Malancourt",
          "Forges-sur-Meuse",
          "Brabant-sur-Meuse",
          "Consenvoye",
          "Bois des Caures",
          "Ornes",
          "Fromezey",
          "Combres",
          "Les Éparges",
          "Saint-Mihiel",
          "Apremont-la-Forêt",
          "Flirey",
          "Regniéville",
          "Bois-le-Prêtre",
          "Pont-à-Mousson",
          "Nomeny",
          "Arracourt",
          "Blâmont",
          "Badonviller",
          "Celles-sur-Plaine",
          "Ban-de-Sapt",
          "Col du Bonhomme",
          "Le Linge",
          "Hartmannswillerkopf",
          "Steinbach",
          "Aspach",
          "Ammertzwiller",
          "Seppois",
          "Pfetterhouse"
        ],
        "lengthKm": 727
      },
      "geometry": {
        "type": "LineString",
        "coordinates": [
          [
            2.752,
            51.13
          ],
          [
            2.795,
            51.115
          ],
          [
            2.83,
            51.075
          ],
          [
            2.855,
            51.06
          ],
          [
            2.865,
            51.033
          ],
          [
            2.845,
            50.965
          ],
          [
            2.855,
            50.945
          ],
          [
            2.885,
            50.895
          ],
          [
            2.917,
            50.917
          ],
          [
            2.96,
            50.913
          ],
          [
            3.02,
            50.898
          ],
          [
            3.01,
            50.873
          ],
          [
            3.03,
            50.855
          ],
          [
            3,
            50.836
          ],
          [
            2.982,
            50.813
          ],
          [
            2.958,
            50.797
          ],
          [
            2.905,
            50.813
          ],
          [
            2.925,
            50.775
          ],
          [
            3,
            50.755
          ],
          [
            2.879,
            50.727
          ],
          [
            3,
            50.7
          ],
          [
            2.905,
            50.653
          ],
          [
            2.855,
            50.607
          ],
          [
            2.828,
            50.593
          ],
          [
            2.777,
            50.584
          ],
          [
            2.735,
            50.545
          ],
          [
            2.74,
            50.523
          ],
          [
            2.755,
            50.518
          ],
          [
            2.755,
            50.483
          ],
          [
            2.79,
            50.472
          ],
          [
            2.796,
            50.455
          ],
          [
            2.83,
            50.41
          ],
          [
            2.87,
            50.35
          ],
          [
            2.88,
            50.33
          ],
          [
            2.815,
            50.256
          ],
          [
            2.859,
            50.253
          ],
          [
            2.888,
            50.185
          ],
          [
            2.933,
            50.19
          ],
          [
            2.986,
            50.183
          ],
          [
            3.045,
            50.105
          ],
          [
            3.09,
            50.117
          ],
          [
            3.17,
            50.117
          ],
          [
            3.128,
            50.055
          ],
          [
            3.135,
            49.992
          ],
          [
            3.222,
            49.918
          ],
          [
            3.287,
            49.847
          ],
          [
            3.35,
            49.8
          ],
          [
            3.365,
            49.663
          ],
          [
            3.45,
            49.503
          ],
          [
            3.42,
            49.475
          ],
          [
            3.475,
            49.443
          ],
          [
            3.51,
            49.485
          ],
          [
            3.55,
            49.47
          ],
          [
            3.72,
            49.45
          ],
          [
            3.795,
            49.443
          ],
          [
            3.892,
            49.407
          ],
          [
            3.955,
            49.331
          ],
          [
            3.985,
            49.316
          ],
          [
            4.032,
            49.28
          ],
          [
            4.128,
            49.222
          ],
          [
            4.17,
            49.18
          ],
          [
            4.283,
            49.2
          ],
          [
            4.42,
            49.215
          ],
          [
            4.53,
            49.225
          ],
          [
            4.66,
            49.208
          ],
          [
            4.75,
            49.19
          ],
          [
            4.9,
            49.202
          ],
          [
            4.93,
            49.192
          ],
          [
            5.048,
            49.213
          ],
          [
            5.07,
            49.203
          ],
          [
            5.18,
            49.183
          ],
          [
            5.212,
            49.22
          ],
          [
            5.278,
            49.283
          ],
          [
            5.312,
            49.302
          ],
          [
            5.32,
            49.31
          ],
          [
            5.42,
            49.27
          ],
          [
            5.48,
            49.23
          ],
          [
            5.56,
            49.18
          ],
          [
            5.64,
            49.07
          ],
          [
            5.63,
            49.055
          ],
          [
            5.545,
            48.888
          ],
          [
            5.64,
            48.848
          ],
          [
            5.87,
            48.87
          ],
          [
            5.92,
            48.89
          ],
          [
            6.02,
            48.88
          ],
          [
            6.055,
            48.905
          ],
          [
            6.23,
            48.888
          ],
          [
            6.535,
            48.727
          ],
          [
            6.845,
            48.588
          ],
          [
            6.917,
            48.492
          ],
          [
            6.965,
            48.462
          ],
          [
            7.02,
            48.36
          ],
          [
            7.1,
            48.163
          ],
          [
            7.17,
            48.063
          ],
          [
            7.13,
            47.863
          ],
          [
            7.16,
            47.845
          ],
          [
            7.18,
            47.78
          ],
          [
            7.17,
            47.68
          ],
          [
            7.18,
            47.545
          ],
          [
            7.147,
            47.503
          ]
        ]
      }
    },
    {
      "type": "Feature",
      "id": "front:1918-04-05",
      "properties": {
        "date": "1918-04-05",
        "at": -1632873600000,
        "label": "Operation Michael",
        "precision": "medium",
        "summary": "On 21 March seventy-six divisions attack on a eighty-kilometre front behind a five-hour bombardment. In sixteen days the Germans advance sixty kilometres — the deepest advance by anyone on this front since 1914 — retake everything the Somme cost and stop, exhausted, in front of Amiens.",
        "sources": [
          {
            "source": "source:zabecki-2006",
            "note": "Michael: the frontage, the depth reached, and the halt before Amiens"
          },
          {
            "source": "source:lupfer-1981",
            "note": "the attack method and why it outran its own supply"
          }
        ],
        "through": [
          "Nieuwpoort",
          "Sint-Joris",
          "Schoorbakke",
          "Stuivekenskerke",
          "Dixmude",
          "Noordschote",
          "Steenstraat",
          "Boesinghe",
          "Langemarck",
          "Poelkapelle",
          "Passchendaele",
          "Broodseinde",
          "Becelaere",
          "Gheluvelt",
          "Zandvoorde",
          "Hollebeke",
          "Sint-Elooi",
          "Oosttaverne",
          "Warneton",
          "Ploegsteert",
          "Frelinghien",
          "Bois-Grenier",
          "Fromelles",
          "Aubers",
          "Neuve-Chapelle",
          "Festubert",
          "Givenchy-lès-la-Bassée",
          "Cuinchy",
          "Vermelles",
          "Hulluch",
          "Loos-en-Gohelle",
          "Avion",
          "Oppy",
          "Gavrelle",
          "east of Arras",
          "Ayette",
          "Bucquoy",
          "Hébuterne",
          "Albert",
          "Morlancourt",
          "Le Hamel",
          "Villers-Bretonneux",
          "Moreuil",
          "Montdidier",
          "Lassigny",
          "Noyon",
          "Ribécourt-Dreslincourt",
          "Tracy-le-Val",
          "Moulin-sous-Touvent",
          "Nouvron-Vingré",
          "Vic-sur-Aisne",
          "north of Soissons",
          "Laffaux",
          "Pinon",
          "Chavignon",
          "Ailles",
          "Craonne",
          "Berry-au-Bac",
          "Loivre",
          "Brimont",
          "north of Reims",
          "Nogent-l'Abbesse",
          "Prunay",
          "Auberive",
          "Ferme Navarin",
          "Butte de Tahure",
          "Massiges",
          "Ville-sur-Tourbe",
          "Vienne-le-Château",
          "La Harazée",
          "Boureuilles",
          "Vauquois",
          "Avocourt",
          "Malancourt",
          "Forges-sur-Meuse",
          "Brabant-sur-Meuse",
          "Consenvoye",
          "Bois des Caures",
          "Ornes",
          "Fromezey",
          "Combres",
          "Les Éparges",
          "Saint-Mihiel",
          "Apremont-la-Forêt",
          "Flirey",
          "Regniéville",
          "Bois-le-Prêtre",
          "Pont-à-Mousson",
          "Nomeny",
          "Arracourt",
          "Blâmont",
          "Badonviller",
          "Celles-sur-Plaine",
          "Ban-de-Sapt",
          "Col du Bonhomme",
          "Le Linge",
          "Hartmannswillerkopf",
          "Steinbach",
          "Aspach",
          "Ammertzwiller",
          "Seppois",
          "Pfetterhouse"
        ],
        "lengthKm": 781
      },
      "geometry": {
        "type": "LineString",
        "coordinates": [
          [
            2.752,
            51.13
          ],
          [
            2.795,
            51.115
          ],
          [
            2.83,
            51.075
          ],
          [
            2.855,
            51.06
          ],
          [
            2.865,
            51.033
          ],
          [
            2.845,
            50.965
          ],
          [
            2.855,
            50.945
          ],
          [
            2.885,
            50.895
          ],
          [
            2.917,
            50.917
          ],
          [
            2.96,
            50.913
          ],
          [
            3.02,
            50.898
          ],
          [
            3.01,
            50.873
          ],
          [
            3.03,
            50.855
          ],
          [
            3,
            50.836
          ],
          [
            2.982,
            50.813
          ],
          [
            2.958,
            50.797
          ],
          [
            2.905,
            50.813
          ],
          [
            2.925,
            50.775
          ],
          [
            3,
            50.755
          ],
          [
            2.879,
            50.727
          ],
          [
            3,
            50.7
          ],
          [
            2.905,
            50.653
          ],
          [
            2.855,
            50.607
          ],
          [
            2.828,
            50.593
          ],
          [
            2.777,
            50.584
          ],
          [
            2.735,
            50.545
          ],
          [
            2.74,
            50.523
          ],
          [
            2.755,
            50.518
          ],
          [
            2.755,
            50.483
          ],
          [
            2.79,
            50.472
          ],
          [
            2.796,
            50.455
          ],
          [
            2.83,
            50.41
          ],
          [
            2.87,
            50.35
          ],
          [
            2.88,
            50.33
          ],
          [
            2.83,
            50.291
          ],
          [
            2.755,
            50.155
          ],
          [
            2.702,
            50.128
          ],
          [
            2.65,
            50.117
          ],
          [
            2.65,
            50.003
          ],
          [
            2.61,
            49.955
          ],
          [
            2.585,
            49.897
          ],
          [
            2.52,
            49.868
          ],
          [
            2.485,
            49.775
          ],
          [
            2.568,
            49.65
          ],
          [
            2.821,
            49.583
          ],
          [
            3,
            49.583
          ],
          [
            2.918,
            49.512
          ],
          [
            3.01,
            49.5
          ],
          [
            3.1,
            49.483
          ],
          [
            3.183,
            49.442
          ],
          [
            3.11,
            49.408
          ],
          [
            3.323,
            49.41
          ],
          [
            3.475,
            49.443
          ],
          [
            3.51,
            49.485
          ],
          [
            3.55,
            49.47
          ],
          [
            3.72,
            49.45
          ],
          [
            3.795,
            49.443
          ],
          [
            3.892,
            49.407
          ],
          [
            3.955,
            49.331
          ],
          [
            3.985,
            49.316
          ],
          [
            4.032,
            49.28
          ],
          [
            4.128,
            49.222
          ],
          [
            4.17,
            49.18
          ],
          [
            4.283,
            49.2
          ],
          [
            4.42,
            49.215
          ],
          [
            4.53,
            49.225
          ],
          [
            4.66,
            49.208
          ],
          [
            4.75,
            49.19
          ],
          [
            4.9,
            49.202
          ],
          [
            4.93,
            49.192
          ],
          [
            5.048,
            49.213
          ],
          [
            5.07,
            49.203
          ],
          [
            5.18,
            49.183
          ],
          [
            5.212,
            49.22
          ],
          [
            5.278,
            49.283
          ],
          [
            5.312,
            49.302
          ],
          [
            5.32,
            49.31
          ],
          [
            5.42,
            49.27
          ],
          [
            5.48,
            49.23
          ],
          [
            5.56,
            49.18
          ],
          [
            5.64,
            49.07
          ],
          [
            5.63,
            49.055
          ],
          [
            5.545,
            48.888
          ],
          [
            5.64,
            48.848
          ],
          [
            5.87,
            48.87
          ],
          [
            5.92,
            48.89
          ],
          [
            6.02,
            48.88
          ],
          [
            6.055,
            48.905
          ],
          [
            6.23,
            48.888
          ],
          [
            6.535,
            48.727
          ],
          [
            6.845,
            48.588
          ],
          [
            6.917,
            48.492
          ],
          [
            6.965,
            48.462
          ],
          [
            7.02,
            48.36
          ],
          [
            7.1,
            48.163
          ],
          [
            7.17,
            48.063
          ],
          [
            7.13,
            47.863
          ],
          [
            7.16,
            47.845
          ],
          [
            7.18,
            47.78
          ],
          [
            7.17,
            47.68
          ],
          [
            7.18,
            47.545
          ],
          [
            7.147,
            47.503
          ]
        ]
      }
    },
    {
      "type": "Feature",
      "id": "front:1918-04-29",
      "properties": {
        "date": "1918-04-29",
        "at": -1630800000000,
        "label": "Operation Georgette: the Lys",
        "precision": "medium",
        "summary": "The second blow falls in Flanders on 9 April. Messines, Bailleul and Mount Kemmel go; Haig issues the \"backs to the wall\" order; and the British give up Passchendaele — every metre of the previous autumn — in a night, to shorten the line.",
        "sources": [
          {
            "source": "source:zabecki-2006",
            "note": "Georgette: the Lys front, Kemmel, and the evacuation of the Passchendaele salient"
          },
          {
            "source": "source:haig-despatches-1919",
            "note": "the order of 11 April and the shortening of the Ypres salient"
          }
        ],
        "through": [
          "Nieuwpoort",
          "Sint-Joris",
          "Schoorbakke",
          "Stuivekenskerke",
          "Dixmude",
          "Noordschote",
          "Steenstraat",
          "Boesinghe",
          "Wieltje",
          "Hooge",
          "Hill 60",
          "Voormezele",
          "Mount Kemmel",
          "Dranouter",
          "Neuve-Église",
          "Bailleul",
          "Merville",
          "Robecq",
          "Givenchy-lès-la-Bassée",
          "Cuinchy",
          "Vermelles",
          "Hulluch",
          "Loos-en-Gohelle",
          "Avion",
          "Oppy",
          "Gavrelle",
          "east of Arras",
          "Ayette",
          "Bucquoy",
          "Hébuterne",
          "Albert",
          "Morlancourt",
          "Le Hamel",
          "Villers-Bretonneux",
          "Moreuil",
          "Montdidier",
          "Lassigny",
          "Noyon",
          "Ribécourt-Dreslincourt",
          "Tracy-le-Val",
          "Moulin-sous-Touvent",
          "Nouvron-Vingré",
          "Vic-sur-Aisne",
          "north of Soissons",
          "Laffaux",
          "Pinon",
          "Chavignon",
          "Ailles",
          "Craonne",
          "Berry-au-Bac",
          "Loivre",
          "Brimont",
          "north of Reims",
          "Nogent-l'Abbesse",
          "Prunay",
          "Auberive",
          "Ferme Navarin",
          "Butte de Tahure",
          "Massiges",
          "Ville-sur-Tourbe",
          "Vienne-le-Château",
          "La Harazée",
          "Boureuilles",
          "Vauquois",
          "Avocourt",
          "Malancourt",
          "Forges-sur-Meuse",
          "Brabant-sur-Meuse",
          "Consenvoye",
          "Bois des Caures",
          "Ornes",
          "Fromezey",
          "Combres",
          "Les Éparges",
          "Saint-Mihiel",
          "Apremont-la-Forêt",
          "Flirey",
          "Regniéville",
          "Bois-le-Prêtre",
          "Pont-à-Mousson",
          "Nomeny",
          "Arracourt",
          "Blâmont",
          "Badonviller",
          "Celles-sur-Plaine",
          "Ban-de-Sapt",
          "Col du Bonhomme",
          "Le Linge",
          "Hartmannswillerkopf",
          "Steinbach",
          "Aspach",
          "Ammertzwiller",
          "Seppois",
          "Pfetterhouse"
        ],
        "lengthKm": 761
      },
      "geometry": {
        "type": "LineString",
        "coordinates": [
          [
            2.752,
            51.13
          ],
          [
            2.795,
            51.115
          ],
          [
            2.83,
            51.075
          ],
          [
            2.855,
            51.06
          ],
          [
            2.865,
            51.033
          ],
          [
            2.845,
            50.965
          ],
          [
            2.855,
            50.945
          ],
          [
            2.885,
            50.895
          ],
          [
            2.918,
            50.876
          ],
          [
            2.945,
            50.848
          ],
          [
            2.929,
            50.825
          ],
          [
            2.865,
            50.815
          ],
          [
            2.815,
            50.788
          ],
          [
            2.775,
            50.767
          ],
          [
            2.79,
            50.75
          ],
          [
            2.735,
            50.735
          ],
          [
            2.64,
            50.645
          ],
          [
            2.545,
            50.585
          ],
          [
            2.74,
            50.523
          ],
          [
            2.755,
            50.518
          ],
          [
            2.755,
            50.483
          ],
          [
            2.79,
            50.472
          ],
          [
            2.796,
            50.455
          ],
          [
            2.83,
            50.41
          ],
          [
            2.87,
            50.35
          ],
          [
            2.88,
            50.33
          ],
          [
            2.83,
            50.291
          ],
          [
            2.755,
            50.155
          ],
          [
            2.702,
            50.128
          ],
          [
            2.65,
            50.117
          ],
          [
            2.65,
            50.003
          ],
          [
            2.61,
            49.955
          ],
          [
            2.585,
            49.897
          ],
          [
            2.52,
            49.868
          ],
          [
            2.485,
            49.775
          ],
          [
            2.568,
            49.65
          ],
          [
            2.821,
            49.583
          ],
          [
            3,
            49.583
          ],
          [
            2.918,
            49.512
          ],
          [
            3.01,
            49.5
          ],
          [
            3.1,
            49.483
          ],
          [
            3.183,
            49.442
          ],
          [
            3.11,
            49.408
          ],
          [
            3.323,
            49.41
          ],
          [
            3.475,
            49.443
          ],
          [
            3.51,
            49.485
          ],
          [
            3.55,
            49.47
          ],
          [
            3.72,
            49.45
          ],
          [
            3.795,
            49.443
          ],
          [
            3.892,
            49.407
          ],
          [
            3.955,
            49.331
          ],
          [
            3.985,
            49.316
          ],
          [
            4.032,
            49.28
          ],
          [
            4.128,
            49.222
          ],
          [
            4.17,
            49.18
          ],
          [
            4.283,
            49.2
          ],
          [
            4.42,
            49.215
          ],
          [
            4.53,
            49.225
          ],
          [
            4.66,
            49.208
          ],
          [
            4.75,
            49.19
          ],
          [
            4.9,
            49.202
          ],
          [
            4.93,
            49.192
          ],
          [
            5.048,
            49.213
          ],
          [
            5.07,
            49.203
          ],
          [
            5.18,
            49.183
          ],
          [
            5.212,
            49.22
          ],
          [
            5.278,
            49.283
          ],
          [
            5.312,
            49.302
          ],
          [
            5.32,
            49.31
          ],
          [
            5.42,
            49.27
          ],
          [
            5.48,
            49.23
          ],
          [
            5.56,
            49.18
          ],
          [
            5.64,
            49.07
          ],
          [
            5.63,
            49.055
          ],
          [
            5.545,
            48.888
          ],
          [
            5.64,
            48.848
          ],
          [
            5.87,
            48.87
          ],
          [
            5.92,
            48.89
          ],
          [
            6.02,
            48.88
          ],
          [
            6.055,
            48.905
          ],
          [
            6.23,
            48.888
          ],
          [
            6.535,
            48.727
          ],
          [
            6.845,
            48.588
          ],
          [
            6.917,
            48.492
          ],
          [
            6.965,
            48.462
          ],
          [
            7.02,
            48.36
          ],
          [
            7.1,
            48.163
          ],
          [
            7.17,
            48.063
          ],
          [
            7.13,
            47.863
          ],
          [
            7.16,
            47.845
          ],
          [
            7.18,
            47.78
          ],
          [
            7.17,
            47.68
          ],
          [
            7.18,
            47.545
          ],
          [
            7.147,
            47.503
          ]
        ]
      }
    },
    {
      "type": "Feature",
      "id": "front:1918-07-17",
      "properties": {
        "date": "1918-07-17",
        "at": -1623974400000,
        "label": "The high-water mark: the Marne again",
        "precision": "medium",
        "summary": "Blücher breaks the Chemin des Dames on 27 May and runs twenty kilometres in a day. By 3 June the Germans are on the Marne at Château-Thierry, fifty-six miles from Paris, holding a salient that is all flank and no railway. On 15 July they attack out of it for the last time.",
        "sources": [
          {
            "source": "source:zabecki-2006",
            "note": "Blücher-Yorck and the Marne salient; the Friedensturm of 15 July"
          },
          {
            "source": "source:doughty-2005",
            "note": "the French defence on the Aisne and the shape of the salient"
          }
        ],
        "through": [
          "Nieuwpoort",
          "Sint-Joris",
          "Schoorbakke",
          "Stuivekenskerke",
          "Dixmude",
          "Noordschote",
          "Steenstraat",
          "Boesinghe",
          "Wieltje",
          "Hooge",
          "Hill 60",
          "Voormezele",
          "Mount Kemmel",
          "Dranouter",
          "Neuve-Église",
          "Bailleul",
          "Merville",
          "Robecq",
          "Givenchy-lès-la-Bassée",
          "Cuinchy",
          "Vermelles",
          "Hulluch",
          "Loos-en-Gohelle",
          "Avion",
          "Oppy",
          "Gavrelle",
          "east of Arras",
          "Ayette",
          "Bucquoy",
          "Hébuterne",
          "Albert",
          "Morlancourt",
          "Le Hamel",
          "Villers-Bretonneux",
          "Moreuil",
          "Montdidier",
          "Lassigny",
          "Noyon",
          "Ribécourt-Dreslincourt",
          "Ambleny",
          "Villers-Cotterêts",
          "Longpont",
          "Belleau",
          "Château-Thierry",
          "Dormans",
          "north of Reims",
          "Nogent-l'Abbesse",
          "Prunay",
          "Auberive",
          "Ferme Navarin",
          "Butte de Tahure",
          "Massiges",
          "Ville-sur-Tourbe",
          "Vienne-le-Château",
          "La Harazée",
          "Boureuilles",
          "Vauquois",
          "Avocourt",
          "Malancourt",
          "Forges-sur-Meuse",
          "Brabant-sur-Meuse",
          "Consenvoye",
          "Bois des Caures",
          "Ornes",
          "Fromezey",
          "Combres",
          "Les Éparges",
          "Saint-Mihiel",
          "Apremont-la-Forêt",
          "Flirey",
          "Regniéville",
          "Bois-le-Prêtre",
          "Pont-à-Mousson",
          "Nomeny",
          "Arracourt",
          "Blâmont",
          "Badonviller",
          "Celles-sur-Plaine",
          "Ban-de-Sapt",
          "Col du Bonhomme",
          "Le Linge",
          "Hartmannswillerkopf",
          "Steinbach",
          "Aspach",
          "Ammertzwiller",
          "Seppois",
          "Pfetterhouse"
        ],
        "lengthKm": 790
      },
      "geometry": {
        "type": "LineString",
        "coordinates": [
          [
            2.752,
            51.13
          ],
          [
            2.795,
            51.115
          ],
          [
            2.83,
            51.075
          ],
          [
            2.855,
            51.06
          ],
          [
            2.865,
            51.033
          ],
          [
            2.845,
            50.965
          ],
          [
            2.855,
            50.945
          ],
          [
            2.885,
            50.895
          ],
          [
            2.918,
            50.876
          ],
          [
            2.945,
            50.848
          ],
          [
            2.929,
            50.825
          ],
          [
            2.865,
            50.815
          ],
          [
            2.815,
            50.788
          ],
          [
            2.775,
            50.767
          ],
          [
            2.79,
            50.75
          ],
          [
            2.735,
            50.735
          ],
          [
            2.64,
            50.645
          ],
          [
            2.545,
            50.585
          ],
          [
            2.74,
            50.523
          ],
          [
            2.755,
            50.518
          ],
          [
            2.755,
            50.483
          ],
          [
            2.79,
            50.472
          ],
          [
            2.796,
            50.455
          ],
          [
            2.83,
            50.41
          ],
          [
            2.87,
            50.35
          ],
          [
            2.88,
            50.33
          ],
          [
            2.83,
            50.291
          ],
          [
            2.755,
            50.155
          ],
          [
            2.702,
            50.128
          ],
          [
            2.65,
            50.117
          ],
          [
            2.65,
            50.003
          ],
          [
            2.61,
            49.955
          ],
          [
            2.585,
            49.897
          ],
          [
            2.52,
            49.868
          ],
          [
            2.485,
            49.775
          ],
          [
            2.568,
            49.65
          ],
          [
            2.821,
            49.583
          ],
          [
            3,
            49.583
          ],
          [
            2.918,
            49.512
          ],
          [
            3.2,
            49.4
          ],
          [
            3.09,
            49.253
          ],
          [
            3.22,
            49.27
          ],
          [
            3.29,
            49.09
          ],
          [
            3.403,
            49.046
          ],
          [
            3.635,
            49.068
          ],
          [
            4.032,
            49.28
          ],
          [
            4.128,
            49.222
          ],
          [
            4.17,
            49.18
          ],
          [
            4.283,
            49.2
          ],
          [
            4.42,
            49.215
          ],
          [
            4.53,
            49.225
          ],
          [
            4.66,
            49.208
          ],
          [
            4.75,
            49.19
          ],
          [
            4.9,
            49.202
          ],
          [
            4.93,
            49.192
          ],
          [
            5.048,
            49.213
          ],
          [
            5.07,
            49.203
          ],
          [
            5.18,
            49.183
          ],
          [
            5.212,
            49.22
          ],
          [
            5.278,
            49.283
          ],
          [
            5.312,
            49.302
          ],
          [
            5.32,
            49.31
          ],
          [
            5.42,
            49.27
          ],
          [
            5.48,
            49.23
          ],
          [
            5.56,
            49.18
          ],
          [
            5.64,
            49.07
          ],
          [
            5.63,
            49.055
          ],
          [
            5.545,
            48.888
          ],
          [
            5.64,
            48.848
          ],
          [
            5.87,
            48.87
          ],
          [
            5.92,
            48.89
          ],
          [
            6.02,
            48.88
          ],
          [
            6.055,
            48.905
          ],
          [
            6.23,
            48.888
          ],
          [
            6.535,
            48.727
          ],
          [
            6.845,
            48.588
          ],
          [
            6.917,
            48.492
          ],
          [
            6.965,
            48.462
          ],
          [
            7.02,
            48.36
          ],
          [
            7.1,
            48.163
          ],
          [
            7.17,
            48.063
          ],
          [
            7.13,
            47.863
          ],
          [
            7.16,
            47.845
          ],
          [
            7.18,
            47.78
          ],
          [
            7.17,
            47.68
          ],
          [
            7.18,
            47.545
          ],
          [
            7.147,
            47.503
          ]
        ]
      }
    },
    {
      "type": "Feature",
      "id": "front:1918-08-06",
      "properties": {
        "date": "1918-08-06",
        "at": -1622246400000,
        "label": "The Second Marne: the tide turns",
        "precision": "medium",
        "summary": "On 18 July Mangin attacks the salient’s western flank out of the Forest of Villers-Cotterêts with tanks and no preliminary bombardment. By 6 August the salient is gone and the Germans are back behind the Vesle. It is the last day of the war on which the German army holds the initiative.",
        "sources": [
          {
            "source": "source:doughty-2005",
            "note": "the counter-offensive of 18 July and the reduction of the salient to the Vesle"
          },
          {
            "source": "source:sheffield-2001",
            "note": "the Second Marne as the turn of the campaign"
          }
        ],
        "through": [
          "Nieuwpoort",
          "Sint-Joris",
          "Schoorbakke",
          "Stuivekenskerke",
          "Dixmude",
          "Noordschote",
          "Steenstraat",
          "Boesinghe",
          "Wieltje",
          "Hooge",
          "Hill 60",
          "Voormezele",
          "Mount Kemmel",
          "Dranouter",
          "Neuve-Église",
          "Bailleul",
          "Merville",
          "Robecq",
          "Givenchy-lès-la-Bassée",
          "Cuinchy",
          "Vermelles",
          "Hulluch",
          "Loos-en-Gohelle",
          "Avion",
          "Oppy",
          "Gavrelle",
          "east of Arras",
          "Ayette",
          "Bucquoy",
          "Hébuterne",
          "Albert",
          "Morlancourt",
          "Le Hamel",
          "Villers-Bretonneux",
          "Moreuil",
          "Montdidier",
          "Lassigny",
          "Noyon",
          "Ribécourt-Dreslincourt",
          "Tracy-le-Val",
          "Nouvron-Vingré",
          "north of Soissons",
          "Braine",
          "Fismes",
          "north of Reims",
          "Nogent-l'Abbesse",
          "Prunay",
          "Auberive",
          "Ferme Navarin",
          "Butte de Tahure",
          "Massiges",
          "Ville-sur-Tourbe",
          "Vienne-le-Château",
          "La Harazée",
          "Boureuilles",
          "Vauquois",
          "Avocourt",
          "Malancourt",
          "Forges-sur-Meuse",
          "Brabant-sur-Meuse",
          "Consenvoye",
          "Bois des Caures",
          "Ornes",
          "Fromezey",
          "Combres",
          "Les Éparges",
          "Saint-Mihiel",
          "Apremont-la-Forêt",
          "Flirey",
          "Regniéville",
          "Bois-le-Prêtre",
          "Pont-à-Mousson",
          "Nomeny",
          "Arracourt",
          "Blâmont",
          "Badonviller",
          "Celles-sur-Plaine",
          "Ban-de-Sapt",
          "Col du Bonhomme",
          "Le Linge",
          "Hartmannswillerkopf",
          "Steinbach",
          "Aspach",
          "Ammertzwiller",
          "Seppois",
          "Pfetterhouse"
        ],
        "lengthKm": 740
      },
      "geometry": {
        "type": "LineString",
        "coordinates": [
          [
            2.752,
            51.13
          ],
          [
            2.795,
            51.115
          ],
          [
            2.83,
            51.075
          ],
          [
            2.855,
            51.06
          ],
          [
            2.865,
            51.033
          ],
          [
            2.845,
            50.965
          ],
          [
            2.855,
            50.945
          ],
          [
            2.885,
            50.895
          ],
          [
            2.918,
            50.876
          ],
          [
            2.945,
            50.848
          ],
          [
            2.929,
            50.825
          ],
          [
            2.865,
            50.815
          ],
          [
            2.815,
            50.788
          ],
          [
            2.775,
            50.767
          ],
          [
            2.79,
            50.75
          ],
          [
            2.735,
            50.735
          ],
          [
            2.64,
            50.645
          ],
          [
            2.545,
            50.585
          ],
          [
            2.74,
            50.523
          ],
          [
            2.755,
            50.518
          ],
          [
            2.755,
            50.483
          ],
          [
            2.79,
            50.472
          ],
          [
            2.796,
            50.455
          ],
          [
            2.83,
            50.41
          ],
          [
            2.87,
            50.35
          ],
          [
            2.88,
            50.33
          ],
          [
            2.83,
            50.291
          ],
          [
            2.755,
            50.155
          ],
          [
            2.702,
            50.128
          ],
          [
            2.65,
            50.117
          ],
          [
            2.65,
            50.003
          ],
          [
            2.61,
            49.955
          ],
          [
            2.585,
            49.897
          ],
          [
            2.52,
            49.868
          ],
          [
            2.485,
            49.775
          ],
          [
            2.568,
            49.65
          ],
          [
            2.821,
            49.583
          ],
          [
            3,
            49.583
          ],
          [
            2.918,
            49.512
          ],
          [
            3.01,
            49.5
          ],
          [
            3.183,
            49.442
          ],
          [
            3.323,
            49.41
          ],
          [
            3.54,
            49.35
          ],
          [
            3.68,
            49.31
          ],
          [
            4.032,
            49.28
          ],
          [
            4.128,
            49.222
          ],
          [
            4.17,
            49.18
          ],
          [
            4.283,
            49.2
          ],
          [
            4.42,
            49.215
          ],
          [
            4.53,
            49.225
          ],
          [
            4.66,
            49.208
          ],
          [
            4.75,
            49.19
          ],
          [
            4.9,
            49.202
          ],
          [
            4.93,
            49.192
          ],
          [
            5.048,
            49.213
          ],
          [
            5.07,
            49.203
          ],
          [
            5.18,
            49.183
          ],
          [
            5.212,
            49.22
          ],
          [
            5.278,
            49.283
          ],
          [
            5.312,
            49.302
          ],
          [
            5.32,
            49.31
          ],
          [
            5.42,
            49.27
          ],
          [
            5.48,
            49.23
          ],
          [
            5.56,
            49.18
          ],
          [
            5.64,
            49.07
          ],
          [
            5.63,
            49.055
          ],
          [
            5.545,
            48.888
          ],
          [
            5.64,
            48.848
          ],
          [
            5.87,
            48.87
          ],
          [
            5.92,
            48.89
          ],
          [
            6.02,
            48.88
          ],
          [
            6.055,
            48.905
          ],
          [
            6.23,
            48.888
          ],
          [
            6.535,
            48.727
          ],
          [
            6.845,
            48.588
          ],
          [
            6.917,
            48.492
          ],
          [
            6.965,
            48.462
          ],
          [
            7.02,
            48.36
          ],
          [
            7.1,
            48.163
          ],
          [
            7.17,
            48.063
          ],
          [
            7.13,
            47.863
          ],
          [
            7.16,
            47.845
          ],
          [
            7.18,
            47.78
          ],
          [
            7.17,
            47.68
          ],
          [
            7.18,
            47.545
          ],
          [
            7.147,
            47.503
          ]
        ]
      }
    },
    {
      "type": "Feature",
      "id": "front:1918-09-26",
      "properties": {
        "date": "1918-09-26",
        "at": -1617840000000,
        "label": "Back to the Hindenburg Line; Saint-Mihiel gone",
        "precision": "medium",
        "summary": "Amiens on 8 August — \"the black day of the German army\" — begins seven weeks of attacks that never let go. By late September the salients of the spring have been given back, the Americans have pinched out Saint-Mihiel in four days, and the Allies stand in front of the Hindenburg Line again.",
        "sources": [
          {
            "source": "source:sheffield-2001",
            "note": "Amiens and the successive attacks that returned the Allies to the Hindenburg Line"
          },
          {
            "source": "source:1914-1918-online-hundred-days",
            "note": "the reduction of the Saint-Mihiel salient and the September front"
          }
        ],
        "through": [
          "Nieuwpoort",
          "Sint-Joris",
          "Schoorbakke",
          "Stuivekenskerke",
          "Dixmude",
          "Noordschote",
          "Steenstraat",
          "Boesinghe",
          "Wieltje",
          "Hooge",
          "Hill 60",
          "Sint-Elooi",
          "Oosttaverne",
          "Warneton",
          "Ploegsteert",
          "Frelinghien",
          "Bois-Grenier",
          "Fromelles",
          "Aubers",
          "Neuve-Chapelle",
          "Festubert",
          "Givenchy-lès-la-Bassée",
          "Cuinchy",
          "Vermelles",
          "Hulluch",
          "Loos-en-Gohelle",
          "Avion",
          "Oppy",
          "Gavrelle",
          "Neuville-Vitasse",
          "Wancourt",
          "Croisilles",
          "Bullecourt",
          "Quéant",
          "Hermies",
          "Havrincourt",
          "Gouzeaucourt",
          "Épehy",
          "Le Verguier",
          "Saint-Quentin",
          "Itancourt",
          "La Fère",
          "Anizy-le-Château",
          "Vauxaillon",
          "Laffaux",
          "Pinon",
          "Chavignon",
          "Ailles",
          "Craonne",
          "Berry-au-Bac",
          "Loivre",
          "Brimont",
          "north of Reims",
          "Nogent-l'Abbesse",
          "Prunay",
          "Auberive",
          "Ferme Navarin",
          "Butte de Tahure",
          "Massiges",
          "Ville-sur-Tourbe",
          "Vienne-le-Château",
          "La Harazée",
          "Boureuilles",
          "Vauquois",
          "Avocourt",
          "Malancourt",
          "Forges-sur-Meuse",
          "Brabant-sur-Meuse",
          "Consenvoye",
          "Bois des Caures",
          "Ornes",
          "Fromezey",
          "Étain",
          "Fresnes-en-Woëvre",
          "Thiaucourt",
          "Pont-à-Mousson",
          "Nomeny",
          "Arracourt",
          "Blâmont",
          "Badonviller",
          "Celles-sur-Plaine",
          "Ban-de-Sapt",
          "Col du Bonhomme",
          "Le Linge",
          "Hartmannswillerkopf",
          "Steinbach",
          "Aspach",
          "Ammertzwiller",
          "Seppois",
          "Pfetterhouse"
        ],
        "lengthKm": 689
      },
      "geometry": {
        "type": "LineString",
        "coordinates": [
          [
            2.752,
            51.13
          ],
          [
            2.795,
            51.115
          ],
          [
            2.83,
            51.075
          ],
          [
            2.855,
            51.06
          ],
          [
            2.865,
            51.033
          ],
          [
            2.845,
            50.965
          ],
          [
            2.855,
            50.945
          ],
          [
            2.885,
            50.895
          ],
          [
            2.918,
            50.876
          ],
          [
            2.945,
            50.848
          ],
          [
            2.929,
            50.825
          ],
          [
            2.905,
            50.813
          ],
          [
            2.925,
            50.775
          ],
          [
            3,
            50.755
          ],
          [
            2.879,
            50.727
          ],
          [
            3,
            50.7
          ],
          [
            2.905,
            50.653
          ],
          [
            2.855,
            50.607
          ],
          [
            2.828,
            50.593
          ],
          [
            2.777,
            50.584
          ],
          [
            2.735,
            50.545
          ],
          [
            2.74,
            50.523
          ],
          [
            2.755,
            50.518
          ],
          [
            2.755,
            50.483
          ],
          [
            2.79,
            50.472
          ],
          [
            2.796,
            50.455
          ],
          [
            2.83,
            50.41
          ],
          [
            2.87,
            50.35
          ],
          [
            2.88,
            50.33
          ],
          [
            2.815,
            50.256
          ],
          [
            2.859,
            50.253
          ],
          [
            2.888,
            50.185
          ],
          [
            2.933,
            50.19
          ],
          [
            2.986,
            50.183
          ],
          [
            3.045,
            50.105
          ],
          [
            3.075,
            50.108
          ],
          [
            3.128,
            50.055
          ],
          [
            3.135,
            49.992
          ],
          [
            3.222,
            49.918
          ],
          [
            3.287,
            49.847
          ],
          [
            3.35,
            49.8
          ],
          [
            3.365,
            49.663
          ],
          [
            3.45,
            49.503
          ],
          [
            3.42,
            49.475
          ],
          [
            3.475,
            49.443
          ],
          [
            3.51,
            49.485
          ],
          [
            3.55,
            49.47
          ],
          [
            3.72,
            49.45
          ],
          [
            3.795,
            49.443
          ],
          [
            3.892,
            49.407
          ],
          [
            3.955,
            49.331
          ],
          [
            3.985,
            49.316
          ],
          [
            4.032,
            49.28
          ],
          [
            4.128,
            49.222
          ],
          [
            4.17,
            49.18
          ],
          [
            4.283,
            49.2
          ],
          [
            4.42,
            49.215
          ],
          [
            4.53,
            49.225
          ],
          [
            4.66,
            49.208
          ],
          [
            4.75,
            49.19
          ],
          [
            4.9,
            49.202
          ],
          [
            4.93,
            49.192
          ],
          [
            5.048,
            49.213
          ],
          [
            5.07,
            49.203
          ],
          [
            5.18,
            49.183
          ],
          [
            5.212,
            49.22
          ],
          [
            5.278,
            49.283
          ],
          [
            5.312,
            49.302
          ],
          [
            5.32,
            49.31
          ],
          [
            5.42,
            49.27
          ],
          [
            5.48,
            49.23
          ],
          [
            5.56,
            49.18
          ],
          [
            5.64,
            49.215
          ],
          [
            5.63,
            49.03
          ],
          [
            5.86,
            48.95
          ],
          [
            6.055,
            48.905
          ],
          [
            6.23,
            48.888
          ],
          [
            6.535,
            48.727
          ],
          [
            6.845,
            48.588
          ],
          [
            6.917,
            48.492
          ],
          [
            6.965,
            48.462
          ],
          [
            7.02,
            48.36
          ],
          [
            7.1,
            48.163
          ],
          [
            7.17,
            48.063
          ],
          [
            7.13,
            47.863
          ],
          [
            7.16,
            47.845
          ],
          [
            7.18,
            47.78
          ],
          [
            7.17,
            47.68
          ],
          [
            7.18,
            47.545
          ],
          [
            7.147,
            47.503
          ]
        ]
      }
    },
    {
      "type": "Feature",
      "id": "front:1918-10-20",
      "properties": {
        "date": "1918-10-20",
        "at": -1615766400000,
        "label": "The Hindenburg Line broken",
        "precision": "low",
        "summary": "The line is broken on 29 September across the Saint-Quentin canal. Flanders is cleared, the Belgian coast with it; in the Argonne the Americans grind north towards Sedan. From here the German army retreats until it is told to stop.",
        "sources": [
          {
            "source": "source:sheffield-2001",
            "note": "the breaking of the Hindenburg Line on 29 September and the general advance"
          },
          {
            "source": "source:haig-despatches-1919",
            "note": "the October advance to the Scheldt and the Sambre"
          }
        ],
        "through": [
          "the Dutch frontier on the Scheldt",
          "east of Ghent",
          "Oudenaarde",
          "Tournai",
          "Valenciennes",
          "Le Cateau",
          "Guise",
          "Vervins",
          "Marle",
          "Château-Porcien",
          "Rethel",
          "Vouziers",
          "Grandpré",
          "Vauquois",
          "Avocourt",
          "Malancourt",
          "Forges-sur-Meuse",
          "Brabant-sur-Meuse",
          "Consenvoye",
          "Bois des Caures",
          "Ornes",
          "Fromezey",
          "Étain",
          "Fresnes-en-Woëvre",
          "Thiaucourt",
          "Pont-à-Mousson",
          "Nomeny",
          "Arracourt",
          "Blâmont",
          "Badonviller",
          "Celles-sur-Plaine",
          "Ban-de-Sapt",
          "Col du Bonhomme",
          "Le Linge",
          "Hartmannswillerkopf",
          "Steinbach",
          "Aspach",
          "Ammertzwiller",
          "Seppois",
          "Pfetterhouse"
        ],
        "lengthKm": 617
      },
      "geometry": {
        "type": "LineString",
        "coordinates": [
          [
            3.83,
            51.25
          ],
          [
            3.83,
            51.05
          ],
          [
            3.6,
            50.85
          ],
          [
            3.39,
            50.607
          ],
          [
            3.523,
            50.357
          ],
          [
            3.543,
            50.104
          ],
          [
            3.627,
            49.899
          ],
          [
            3.909,
            49.835
          ],
          [
            3.772,
            49.74
          ],
          [
            4.25,
            49.53
          ],
          [
            4.37,
            49.51
          ],
          [
            4.7,
            49.4
          ],
          [
            4.87,
            49.34
          ],
          [
            5.07,
            49.203
          ],
          [
            5.18,
            49.183
          ],
          [
            5.212,
            49.22
          ],
          [
            5.278,
            49.283
          ],
          [
            5.312,
            49.302
          ],
          [
            5.32,
            49.31
          ],
          [
            5.42,
            49.27
          ],
          [
            5.48,
            49.23
          ],
          [
            5.56,
            49.18
          ],
          [
            5.64,
            49.215
          ],
          [
            5.63,
            49.03
          ],
          [
            5.86,
            48.95
          ],
          [
            6.055,
            48.905
          ],
          [
            6.23,
            48.888
          ],
          [
            6.535,
            48.727
          ],
          [
            6.845,
            48.588
          ],
          [
            6.917,
            48.492
          ],
          [
            6.965,
            48.462
          ],
          [
            7.02,
            48.36
          ],
          [
            7.1,
            48.163
          ],
          [
            7.17,
            48.063
          ],
          [
            7.13,
            47.863
          ],
          [
            7.16,
            47.845
          ],
          [
            7.18,
            47.78
          ],
          [
            7.17,
            47.68
          ],
          [
            7.18,
            47.545
          ],
          [
            7.147,
            47.503
          ]
        ]
      }
    },
    {
      "type": "Feature",
      "id": "front:1918-11-11",
      "properties": {
        "date": "1918-11-11",
        "at": -1613865600000,
        "label": "The Armistice line",
        "precision": "medium",
        "summary": "At 11 a.m. the guns stop on a line that runs from the Dutch frontier to Switzerland and lies, almost everywhere, on ground the German army held in 1914. No Allied soldier is standing in Germany. Within a month there is no German Empire, no Austria-Hungary, no Ottoman Empire and no Russian Empire either.",
        "sources": [
          {
            "source": "source:1914-1918-online-hundred-days",
            "note": "the line reached on 11 November 1918"
          },
          {
            "source": "source:stevenson-2004",
            "note": "the Armistice terms and the collapse of the four empires"
          }
        ],
        "through": [
          "the Dutch frontier on the Scheldt",
          "east of Ghent",
          "Geraardsbergen",
          "Ath",
          "Mons",
          "Maubeuge",
          "Avesnes-sur-Helpe",
          "Hirson",
          "Rocroi",
          "Mézières",
          "Sedan",
          "Stenay",
          "Dun-sur-Meuse",
          "Damvillers",
          "Étain",
          "Fresnes-en-Woëvre",
          "Thiaucourt",
          "Pont-à-Mousson",
          "Nomeny",
          "Arracourt",
          "Blâmont",
          "Badonviller",
          "Celles-sur-Plaine",
          "Ban-de-Sapt",
          "Col du Bonhomme",
          "Le Linge",
          "Hartmannswillerkopf",
          "Steinbach",
          "Aspach",
          "Ammertzwiller",
          "Seppois",
          "Pfetterhouse"
        ],
        "lengthKm": 559
      },
      "geometry": {
        "type": "LineString",
        "coordinates": [
          [
            3.83,
            51.25
          ],
          [
            3.83,
            51.05
          ],
          [
            3.87,
            50.77
          ],
          [
            3.778,
            50.63
          ],
          [
            3.952,
            50.454
          ],
          [
            3.973,
            50.278
          ],
          [
            3.928,
            50.123
          ],
          [
            4.083,
            49.923
          ],
          [
            4.522,
            49.925
          ],
          [
            4.72,
            49.762
          ],
          [
            4.94,
            49.702
          ],
          [
            5.19,
            49.49
          ],
          [
            5.183,
            49.383
          ],
          [
            5.395,
            49.34
          ],
          [
            5.64,
            49.215
          ],
          [
            5.63,
            49.03
          ],
          [
            5.86,
            48.95
          ],
          [
            6.055,
            48.905
          ],
          [
            6.23,
            48.888
          ],
          [
            6.535,
            48.727
          ],
          [
            6.845,
            48.588
          ],
          [
            6.917,
            48.492
          ],
          [
            6.965,
            48.462
          ],
          [
            7.02,
            48.36
          ],
          [
            7.1,
            48.163
          ],
          [
            7.17,
            48.063
          ],
          [
            7.13,
            47.863
          ],
          [
            7.16,
            47.845
          ],
          [
            7.18,
            47.78
          ],
          [
            7.17,
            47.68
          ],
          [
            7.18,
            47.545
          ],
          [
            7.147,
            47.503
          ]
        ]
      }
    }
  ]
}
