{"type":"FeatureCollection","name":"borders-1870","attribution":"Historical borders: aourednik/historical-basemaps (GPL-3.0), simplified","source":"aourednik/historical-basemaps@62d8f1a geojson/world_1880.geojson","targetYear":1870,"sourceYear":1880,"caveat":"Upstream has no 1870 file; 1880 shows Alsace-Lorraine already German and the Empire proclaimed. The 1870 prequel (sand-mny.1) must restore the pre-annexation frontier and the North German Confederation / southern states by hand.","features":[{"type":"Feature","geometry":{"type":"Polygon","coordinates":[[[5.824,49.507],[6.433,49.445],[6.109,50.117],[5.824,49.507]]]},"properties":{"NAME":"Luxembourg","SUBJECTO":"Luxembourg","PARTOF":"Luxembourg","BORDERPRECISION":3}},{"type":"Feature","geometry":{"type":"MultiPolygon","coordinates":[[[[137.31,37.433],[135.978,35.973],[135.157,35.646],[133.006,35.254],[132.663,35.381],[130.899,33.904],[131.995,33.804],[132.481,34.129],[134.427,34.628],[135.063,33.69],[135.756,33.342],[136.734,34.874],[137.248,34.482],[138.75,34.65],[139.423,35.166],[140.317,35.034],[140.656,36.618],[140.964,36.956],[140.872,37.917],[141.496,38.422],[141.998,39.672],[141.153,40.865],[140.386,40.986],[139.915,40.575],[140.03,39.483],[139.198,37.92],[138.317,37.206],[137.464,36.854],[137.31,37.433]]],[[[132.467,32.758],[132.901,32.67],[133.517,33.395],[133.999,33.148],[134.54,34.013],[133.806,34.176],[132.784,33.908],[132.121,33.348],[132.467,32.758]]],[[[130.554,30.97],[131.319,31.511],[131.831,32.693],[131.286,33.39],[130.427,33.674],[129.343,33.151],[129.846,32.587],[130.06,31.217],[130.554,30.97]]],[[[139.978,41.503],[140.93,42.255],[141.928,42.501],[143.214,41.927],[143.848,42.775],[145.448,43.17],[145.059,43.786],[144.028,43.951],[143.021,44.464],[141.875,45.435],[141.523,45.183],[141.709,43.914],[141.304,43.187],[139.712,42.478],[139.978,41.503]]]]},"properties":{"NAME":"Imperial Japan","SUBJECTO":"Imperial Japan","PARTOF":"Imperial Japan","BORDERPRECISION":3}},{"type":"Feature","geometry":{"type":"Polygon","coordinates":[[[91.608,27.641],[91.152,28.032],[89.366,27.876],[88.803,27.181],[90,26.779],[91.909,26.805],[91.608,27.641]]]},"properties":{"NAME":"Bhutan","SUBJECTO":"Bhutan","PARTOF":"Bhutan","BORDERPRECISION":3}},{"type":"Feature","geometry":{"type":"Polygon","coordinates":[[[-82.177,22.366],[-80.776,22.102],[-79.735,21.672],[-78.728,21.617],[-78.45,20.969],[-77.291,20.704],[-77.461,19.871],[-75.519,19.907],[-74.345,20.323],[-75.604,21.013],[-77.34,21.512],[-78.171,22.12],[-79.33,22.404],[-79.76,22.759],[-81.431,23.137],[-82.959,23.025],[-82.177,22.366]]]},"properties":{"NAME":"Spain","SUBJECTO":"Spain","PARTOF":"Spain","BORDERPRECISION":3}},{"type":"Feature","geometry":{"type":"Polygon","coordinates":[[[-71.777,19.771],[-72.676,19.392],[-72.746,18.509],[-71.677,18.003],[-71.777,19.771]]]},"properties":{"NAME":"Haiti","SUBJECTO":"Haiti","PARTOF":"Haiti","BORDERPRECISION":3}},{"type":"Feature","geometry":{"type":"Polygon","coordinates":[[[-71.677,18.003],[-70.621,18.507],[-68.657,18.873],[-70.882,19.93],[-71.777,19.771],[-71.677,18.003]]]},"properties":{"NAME":"Dominican Republic","SUBJECTO":"Dominican Republic","PARTOF":"Dominican Republic","BORDERPRECISION":3}},{"type":"Feature","geometry":{"type":"MultiPolygon","coordinates":[[[[120.364,14.531],[121.009,13.656],[121.729,14.108],[121.242,15.308],[122.064,16.332],[122.396,17.114],[122.028,18.009],[121.036,18.528],[120.393,18.044],[120.303,16.417],[119.762,16.359],[119.772,15.47],[120.364,14.531]]],[[[121.873,10.468],[122.897,11.15],[121.994,11.758],[121.873,10.468]]],[[[122.942,9.048],[123.312,10.738],[122.92,10.852],[122.396,9.478],[122.942,9.048]]],[[[126.045,6.608],[126.322,7.149],[126.272,8.426],[125.934,9.175],[123.663,8.014],[123.486,8.496],[122.094,7.775],[123.023,7.478],[123.465,7.791],[124.224,6.09],[125.073,5.723],[125.28,6.594],[126.045,6.608]]]]},"properties":{"NAME":"Philippines","SUBJECTO":"Philippines","PARTOF":"Philippines","BORDERPRECISION":3}},{"type":"Feature","geometry":{"type":"MultiPolygon","coordinates":[[[[-6.335,53.786],[-5.662,54.322],[-6.018,55.093],[-7.427,55.294],[-8.345,55.095],[-8.59,54.203],[-9.892,54.326],[-9.526,52.905],[-9.891,52.194],[-9.819,51.435],[-8.565,51.615],[-7.751,52.033],[-6.406,52.214],[-6.043,52.893],[-6.335,53.786]]],[[[0.268,53.127],[-0.296,54.033],[-1.389,54.68],[-1.719,55.454],[-2.773,56.171],[-2.159,57.014],[-2.15,57.572],[-4.148,57.555],[-3.166,58.275],[-4.926,58.567],[-5.763,57.62],[-5.57,55.751],[-4.711,56.131],[-4.908,55.664],[-4.638,55.428],[-4.6,54.688],[-3.577,54.924],[-2.886,54.169],[-3.057,53.514],[-3.957,53.205],[-4.295,52.2],[-4.281,51.187],[-4.967,50.212],[-3.521,50.617],[-1.103,50.817],[0.192,50.731],[0.686,51.56],[1.512,52.026],[1.376,52.809],[0.268,53.127]]]]},"properties":{"NAME":"United Kingdom of Great Britain and Ireland","SUBJECTO":"United Kingdom of Great Britain and Ireland","PARTOF":"United Kingdom of Great Britain and Ireland","BORDERPRECISION":3}},{"type":"Feature","geometry":{"type":"Polygon","coordinates":[[[-87.404,13.03],[-87.261,12.623],[-85.84,11.078],[-83.747,10.878],[-83.914,11.251],[-83.662,13.705],[-83.417,15.001],[-84.834,14.771],[-85.735,13.857],[-86.689,13.768],[-87.404,13.03]]]},"properties":{"NAME":"Nicaragua","SUBJECTO":"Nicaragua","PARTOF":"Nicaragua","BORDERPRECISION":3}},{"type":"Feature","geometry":{"type":"Polygon","coordinates":[[[-85.84,11.078],[-85.778,10.138],[-85.089,9.583],[-83.615,9.152],[-83.605,8.548],[-82.957,8.047],[-82.907,9.519],[-82.56,9.583],[-83.747,10.878],[-85.84,11.078]]]},"properties":{"NAME":"Costa Rica","SUBJECTO":"Costa Rica","PARTOF":"Costa Rica","BORDERPRECISION":3}},{"type":"Feature","geometry":{"type":"Polygon","coordinates":[[[80.563,5.932],[81.203,6.079],[81.866,7.085],[80.662,9.299],[80.178,9.445],[79.675,8.805],[79.854,7.061],[80.563,5.932]]]},"properties":{"NAME":"Ceylon","SUBJECTO":"Ceylon","PARTOF":"Ceylon","BORDERPRECISION":3}},{"type":"Feature","geometry":{"type":"MultiPolygon","coordinates":[[[[175.308,-37.321],[174.217,-35.337],[173.046,-35.253],[174.765,-37.297],[174.945,-37.928],[174.655,-38.983],[173.992,-39.611],[175.354,-40.3],[174.895,-41.296],[175.365,-41.662],[176.011,-41.255],[177.157,-39.854],[178.408,-38.771],[178.569,-37.921],[177.528,-38.204],[176.129,-37.798],[175.308,-37.321]]],[[[172.063,-43.923],[173.841,-42.488],[174.234,-42.011],[174.058,-41.291],[173.264,-41.544],[172.437,-40.753],[172.148,-41.578],[171.458,-41.993],[171.024,-42.887],[169.649,-43.741],[168.416,-44.221],[167.137,-45.2],[166.551,-45.967],[167.62,-46.351],[169.399,-46.71],[170.612,-45.946],[171.378,-44.338],[172.063,-43.923]]]]},"properties":{"NAME":"M?ori","SUBJECTO":"M?ori","PARTOF":"M?ori","BORDERPRECISION":3}},{"type":"Feature","geometry":{"type":"MultiPolygon","coordinates":[[[[-68.456,-52.42],[-69.077,-51.499],[-69.041,-50.562],[-67.833,-49.968],[-67.578,-49.059],[-66.078,-48.142],[-65.776,-47.23],[-66.671,-47.017],[-67.328,-46.532],[-67.472,-45.922],[-66.973,-45.306],[-65.27,-44.258],[-65.047,-43.331],[-63.6,-42.704],[-63.729,-42.101],[-64.644,-42.437],[-64.992,-42.193],[-64.939,-40.827],[-63.842,-41.158],[-62.964,-41.137],[-62.068,-39.556],[-61.361,-39.031],[-59.515,-38.875],[-57.809,-38.386],[-56.698,-36.944],[-57.419,-35.997],[-57.226,-35.436],[-58.523,-34.587],[-58.34,-34.216],[-58.021,-32.964],[-58.118,-32.139],[-57.576,-30.403],[-54.755,-27.694],[-53.731,-27.218],[-53.616,-26.271],[-53.942,-25.663],[-54.58,-25.743],[-54.817,-26.558],[-55.732,-27.452],[-58.072,-27.193],[-58.277,-26.381],[-57.71,-25.336],[-59.811,-24.217],[-61.24,-23.616],[-62.61,-22.157],[-63.784,-22.074],[-64.249,-22.878],[-64.756,-22.163],[-66.146,-21.923],[-67.189,-22.984],[-67.258,-24.083],[-68.393,-24.604],[-68.48,-25.939],[-68.318,-27.22],[-68.823,-27.267],[-69.951,-29.356],[-69.852,-30.359],[-70.26,-30.716],[-70.505,-31.689],[-69.84,-33.761],[-69.849,-34.256],[-70.48,-35.358],[-70.391,-36.165],[-71.095,-36.805],[-71.153,-37.811],[-70.844,-38.727],[-71.363,-39.029],[-71.86,-40.748],[-71.696,-42.156],[-71.787,-44.109],[-71.324,-44.814],[-71.738,-45.733],[-71.693,-46.691],[-72.382,-47.578],[-72.458,-48.854],[-73.513,-49.761],[-73.158,-50.855],[-72.333,-50.693],[-72.145,-51.832],[-71.794,-52.088],[-69.587,-52.143],[-68.456,-52.42]]],[[[-68.749,-54.889],[-67.153,-54.91],[-66.983,-54.341],[-68.13,-53.375],[-68.705,-53.235],[-68.749,-54.889]]]]},"properties":{"NAME":"Argentina","SUBJECTO":"Argentina","PARTOF":"Argentina","BORDERPRECISION":3}},{"type":"Feature","geometry":{"type":"Polygon","coordinates":[[[-24.219,65.534],[-23.678,65.317],[-21.955,65.378],[-22.279,64.619],[-21.804,64.11],[-19.553,63.415],[-18.642,63.324],[-17.591,63.689],[-16.534,63.784],[-14.26,64.713],[-13.647,65.495],[-15.86,66.419],[-16.922,65.978],[-18.676,66.091],[-21.08,65.205],[-21.779,66.254],[-24.219,65.534]]]},"properties":{"NAME":"Iceland","SUBJECTO":"Denmark","PARTOF":"Denmark","BORDERPRECISION":3}},{"type":"Feature","geometry":{"type":"Polygon","coordinates":[[[6.109,50.117],[6,50.742],[5.113,51.405],[3.775,51.388],[2.522,51.091],[2.875,50.682],[4.22,50.242],[5.824,49.507],[6.109,50.117]]]},"properties":{"NAME":"Belgium","SUBJECTO":"Belgium","PARTOF":"Belgium","BORDERPRECISION":3}},{"type":"Feature","geometry":{"type":"Polygon","coordinates":[[[-8.806,41.889],[-6.709,41.96],[-6.933,38.961],[-7.394,38.295],[-7.492,37.208],[-6.632,37.022],[-5.661,36.008],[-4.447,36.722],[-2.239,36.728],[-1.817,37.292],[-0.918,37.57],[-0.166,38.954],[-0.161,39.886],[0.879,41.022],[2.081,41.298],[3.129,41.857],[3.087,42.369],[2.363,42.293],[0.744,42.772],[-0.612,42.731],[-1.915,43.305],[-3.417,43.376],[-5.98,43.705],[-7.636,43.721],[-9.271,43.049],[-8.644,42.42],[-8.806,41.889]]]},"properties":{"NAME":"Spain","SUBJECTO":"Spain","PARTOF":"Spain","BORDERPRECISION":3}},{"type":"Feature","geometry":{"type":"Polygon","coordinates":[[[-8.806,41.889],[-8.694,40.992],[-9.549,38.775],[-8.854,38.5],[-8.667,37.121],[-7.492,37.208],[-7.394,38.295],[-6.933,38.961],[-6.709,41.96],[-8.806,41.889]]]},"properties":{"NAME":"Portugal","SUBJECTO":"Portugal","PARTOF":"Portugal","BORDERPRECISION":3}},{"type":"Feature","geometry":{"type":"Polygon","coordinates":[[[61.221,35.582],[60.787,34.385],[60.853,33.484],[60.54,32.993],[60.794,31.579],[61.779,30.905],[60.82,29.833],[62.369,29.385],[64.089,29.395],[66.091,29.736],[66.467,30.843],[67.57,31.186],[68.243,31.767],[69.206,31.798],[69.508,32.949],[70.289,33.283],[71.097,34.62],[71.659,35.125],[71.325,36.052],[72.373,36.718],[73.786,36.727],[74.521,37.005],[74.733,37.209],[74.137,37.37],[72.714,37.186],[71.848,36.716],[71.303,37.17],[71.444,37.834],[70.719,38.365],[70.022,37.457],[69.308,37.084],[67.856,36.853],[67.515,37.214],[65.725,37.49],[64.826,37.148],[64.541,36.338],[63.117,35.789],[62.678,35.265],[61.221,35.582]]]},"properties":{"NAME":"Afghanistan","SUBJECTO":"Afghanistan","PARTOF":"Afghanistan","BORDERPRECISION":3}},{"type":"Feature","geometry":{"type":"Polygon","coordinates":[[[-88.941,15.905],[-88.242,17.014],[-88.32,18.494],[-89.154,17.831],[-89.251,15.897],[-88.941,15.905]]]},"properties":{"NAME":"Belize","SUBJECTO":"Belize","PARTOF":"Belize","BORDERPRECISION":3}},{"type":"Feature","geometry":{"type":"Polygon","coordinates":[[[-89.154,17.831],[-91.01,17.836],[-91.076,16.92],[-90,16.816],[-90,16.098],[-91.759,16.098],[-92.244,15.282],[-92.155,14.543],[-91.242,13.952],[-90,13.873],[-89.38,14.467],[-89.176,15.096],[-88.274,15.747],[-88.941,15.905],[-89.251,15.897],[-89.154,17.831]]]},"properties":{"NAME":"Guatemala","SUBJECTO":"Guatemala","PARTOF":"Guatemala","BORDERPRECISION":3}},{"type":"Feature","geometry":{"type":"Polygon","coordinates":[[[-83.417,15.001],[-84.65,15.933],[-88.274,15.747],[-89.176,15.096],[-89.38,14.467],[-87.771,13.501],[-87.404,13.03],[-86.689,13.768],[-85.735,13.857],[-84.834,14.771],[-83.417,15.001]]]},"properties":{"NAME":"Honduras","SUBJECTO":"Honduras","PARTOF":"Honduras","BORDERPRECISION":3}},{"type":"Feature","geometry":{"type":"Polygon","coordinates":[[[-90,13.873],[-89.989,13.678],[-87.949,13.172],[-87.771,13.501],[-89.38,14.467],[-90,13.873]]]},"properties":{"NAME":"El Salvador","SUBJECTO":"El Salvador","PARTOF":"El Salvador","BORDERPRECISION":3}},{"type":"Feature","geometry":{"type":"MultiPolygon","coordinates":[[[[100.159,6.34],[100.664,3.904],[101.336,2.781],[103.428,1.381],[104.176,1.389],[103.308,3.026],[103.342,4.805],[102.074,6.154],[101.763,5.586],[100.617,6.422],[100.159,6.34]]],[[[114.074,4.455],[112.759,3.009],[111.372,2.599],[110.818,1.244],[109.518,1.821],[110.549,0.726],[111.562,0.764],[112.4,1.43],[113.677,1.145],[114.659,1.596],[115.53,3.171],[115.707,4.157],[117.559,3.981],[118.391,4.374],[119.043,5.17],[118.377,5.639],[117.37,5.789],[117.507,6.393],[116.596,6.899],[114.962,4.877],[115.161,4.309],[114.434,3.998],[114.074,4.455]]]]},"properties":{"NAME":"Malaya","SUBJECTO":"Malaya","PARTOF":"Malaya","BORDERPRECISION":3}},{"type":"Feature","geometry":{"type":"Polygon","coordinates":[[[-56.71,1.891],[-54.861,2.481],[-54.388,2.261],[-53.977,3.357],[-54.366,4.69],[-53.837,5.689],[-54.57,5.964],[-56.746,6.003],[-57.065,5.837],[-57.255,4.952],[-57.764,4.911],[-57.995,3.963],[-57.246,3.255],[-56.71,1.891]]]},"properties":{"NAME":"Dutch Guiana","SUBJECTO":"Dutch Guiana","PARTOF":"Dutch Guiana","BORDERPRECISION":3}},{"type":"Feature","geometry":{"type":"Polygon","coordinates":[[[-54.388,2.261],[-52.846,2.092],[-51.623,4.216],[-53.027,5.427],[-53.837,5.689],[-54.366,4.69],[-53.977,3.357],[-54.388,2.261]]]},"properties":{"NAME":"French Guiana","SUBJECTO":"French Guiana","PARTOF":"French Guiana","BORDERPRECISION":3}},{"type":"Feature","geometry":{"type":"MultiPolygon","coordinates":[[[[149.554,-6.406],[150.276,-6.341],[150.289,-5.712],[148.377,-5.659],[149.554,-6.406]]],[[[140.948,-9.274],[142.607,-9.377],[143.331,-9],[143.437,-8.358],[144.38,-7.758],[145.82,-8.098],[146.646,-9.279],[147.874,-10.179],[149.783,-10.41],[149.83,-9.711],[148.589,-9.16],[148.035,-8.246],[147.376,-7.796],[146.909,-6.895],[147.376,-6.125],[145.593,-5.423],[145.728,-4.997],[143.446,-3.61],[140.87,-2.795],[140.948,-9.274]]]]},"properties":{"NAME":"Papua New Guinea","SUBJECTO":"Papua New Guinea","PARTOF":"Papua New Guinea","BORDERPRECISION":3}},{"type":"Feature","geometry":{"type":"Polygon","coordinates":[[[128.824,-24.935],[128.722,-31.917],[131.28,-31.635],[131.993,-32.066],[133.837,-32.342],[135.153,-34.05],[135.528,-35.055],[137.067,-33.951],[137.457,-33.314],[138.568,-34.928],[138.352,-35.865],[139.368,-35.614],[140.012,-37.642],[141.056,-38.377],[141.019,-33.998],[140.976,-28.859],[140.951,-25.869],[137.878,-25.919],[137.899,-24.935],[128.824,-24.935]]]},"properties":{"NAME":"South Australia (UK)","SUBJECTO":"South Australia (UK)","PARTOF":"South Australia (UK)","BORDERPRECISION":3}},{"type":"Feature","geometry":{"type":"Polygon","coordinates":[[[-58.34,-34.216],[-56.338,-34.995],[-54.622,-34.922],[-53.406,-33.879],[-53.236,-32.937],[-53.894,-32.046],[-55.874,-31.174],[-56.746,-30.246],[-57.576,-30.403],[-58.118,-32.139],[-58.021,-32.964],[-58.34,-34.216]]]},"properties":{"NAME":"Uruguay","SUBJECTO":"Uruguay","PARTOF":"Uruguay","BORDERPRECISION":3}},{"type":"Feature","geometry":{"type":"Polygon","coordinates":[[[6,50.742],[6.825,51.956],[7.16,53.164],[6.751,53.39],[5.39,53.139],[4.641,52.756],[3.775,51.388],[5.113,51.405],[6,50.742]]]},"properties":{"NAME":"Netherlands","SUBJECTO":"Netherlands","PARTOF":"Netherlands","BORDERPRECISION":3}},{"type":"Feature","geometry":{"type":"Polygon","coordinates":[[[88.197,27.876],[86.446,27.947],[85.144,28.342],[83.402,29.54],[81.656,30.455],[81.021,30.247],[80.413,29.785],[80.098,28.952],[81.362,28.186],[82.812,27.538],[84.136,27.538],[84.666,27.07],[86.777,26.467],[88.092,26.445],[88.197,27.876]]]},"properties":{"NAME":"Nepal","SUBJECTO":"Nepal","PARTOF":"Nepal","BORDERPRECISION":3}},{"type":"Feature","geometry":{"type":"Polygon","coordinates":[[[114.962,4.877],[114.074,4.455],[114.434,3.998],[115.161,4.309],[114.962,4.877]]]},"properties":{"NAME":"Brunei","SUBJECTO":"Brunei","PARTOF":"Brunei","BORDERPRECISION":3}},{"type":"Feature","geometry":{"type":"MultiPolygon","coordinates":[[[[109.518,1.821],[108.814,0.808],[109.179,-0.869],[109.941,-1.643],[110.102,-3.079],[111.436,-2.974],[112.578,-3.423],[112.795,-2.971],[114.712,-4.206],[115.568,-3.804],[116.349,-2.417],[116.046,-1.934],[117.046,-0.935],[117.534,0.611],[118.517,1.166],[117.696,1.901],[117.829,2.314],[117.074,3.507],[117.559,3.981],[115.707,4.157],[115.53,3.171],[114.659,1.596],[113.677,1.145],[112.4,1.43],[111.562,0.764],[110.549,0.726],[109.518,1.821]]],[[[140.87,-2.795],[137.854,-1.614],[136.271,-2.418],[135.246,-3.539],[134.283,-2.855],[133.907,-1.006],[132.254,-0.527],[131.211,-1.025],[132.719,-2.934],[132.713,-3.888],[134.041,-3.948],[134.777,-4.309],[137.385,-5.123],[137.824,-5.427],[139.156,-7.725],[139.977,-8.238],[140.948,-9.274],[140.87,-2.795]]],[[[122.949,-8.377],[121.279,-8.717],[120.565,-8.388],[119.935,-8.936],[121.694,-8.996],[122.949,-8.377]]],[[[103.714,-0.017],[102.472,0.623],[101.06,2.081],[100.732,1.871],[99.858,2.904],[98.146,4.07],[97.384,5.18],[96.187,5.146],[95.561,4.534],[96.394,3.647],[96.72,3.705],[97.509,2.74],[97.597,2.251],[98.601,1.707],[99.113,0.221],[99.697,-0.152],[100.65,-1.631],[100.812,-2.336],[102.111,-3.604],[102.462,-4.182],[103.523,-4.999],[104.568,-6.071],[105.187,-5.542],[105.728,-5.827],[105.711,-4.105],[105.943,-3.215],[105.445,-2.599],[104.352,-1.89],[104.298,-1.363],[103.238,-0.659],[103.714,-0.017]]],[[[105.185,-6.866],[106.366,-7.04],[106.484,-7.503],[108.16,-7.856],[109.037,-7.72],[110.778,-8.32],[112.414,-8.488],[113.074,-8.347],[114.105,-8.688],[113.948,-7.824],[112.678,-7.719],[112.275,-7.027],[111.045,-6.852],[110.027,-7.044],[108.556,-6.921],[106.945,-6.026],[106.024,-6.081],[105.185,-6.866]]],[[[123.492,-10.352],[124.154,-10.205],[125.212,-9.395],[125.08,-8.772],[123.665,-9.748],[123.492,-10.352]]],[[[119.692,-0.017],[119.205,-1.432],[119.175,-2.176],[118.684,-2.901],[118.791,-3.663],[119.461,-3.808],[119.477,-5.804],[120.248,-5.586],[120.144,-3.076],[120.999,-3.049],[120.881,-3.716],[121.873,-4.96],[122.641,-4.284],[122.258,-3.211],[121.265,-2.101],[122.223,-1.654],[121.461,-0.989],[120.507,-1.448],[119.873,-0.465],[120.337,0.356],[122.733,0.673],[120.767,1.139],[119.914,0.54],[119.692,-0.017]]]]},"properties":{"NAME":"Netherlands Indies","SUBJECTO":"Netherlands","PARTOF":"Netherlands","BORDERPRECISION":3}},{"type":"Feature","geometry":{"type":"MultiPolygon","coordinates":[[[[-26.787,71.558],[-25.291,71.569],[-24.386,71.183],[-23.754,70.59],[-21.471,70.532],[-21.592,71.211],[-22.431,71.341],[-22.818,71.87],[-25.073,72.634],[-27.357,72.859],[-27.441,73.287],[-25.763,73.354],[-24.076,73.756],[-22.82,73.327],[-20.33,73.42],[-19.716,74.213],[-20.616,74.954],[-19.562,75.228],[-19.57,76.11],[-19.978,76.946],[-18.057,76.805],[-18.253,77.3],[-20.105,77.382],[-20.391,77.987],[-21.382,77.587],[-21.7,77.923],[-20.879,78.818],[-19.763,78.873],[-19.177,79.613],[-19.045,80.426],[-16.441,80.451],[-14.202,81.21],[-14.253,81.835],[-16.465,81.904],[-17.963,81.518],[-19.317,81.597],[-21.182,81.287],[-23.339,80.623],[-23.533,81.1],[-22.053,81.54],[-22.064,81.965],[-24.877,81.595],[-25.975,81.831],[-30.651,81.811],[-31.135,82.198],[-28.391,82.31],[-25.457,82.221],[-22.59,82.419],[-22.432,82.743],[-25.324,83],[-26.421,83.342],[-32.513,83.577],[-34.427,83.403],[-36.487,83.511],[-38.587,83.382],[-38.587,82.828],[-41.881,83.263],[-43.812,83.08],[-44.323,81.823],[-44.683,81.729],[-49.648,82.478],[-49.938,81.676],[-52.364,82.12],[-53.664,81.463],[-53.768,82.245],[-54.575,82.328],[-58.058,82.034],[-57.444,81.424],[-60.039,81.883],[-61.122,81.798],[-61.112,81.182],[-63.725,81.086],[-66.522,80.711],[-66.419,79.982],[-64.623,79.949],[-65.485,79.158],[-67.969,79.127],[-69.266,78.796],[-72.383,78.526],[-71.888,77.949],[-69.688,77.555],[-67.852,77.593],[-66.805,77.777],[-66.784,77.259],[-67.736,77.189],[-70.618,77.278],[-70.5,76.833],[-68.376,76.778],[-69.045,76.294],[-66.563,75.929],[-63.651,76.38],[-61.507,76.258],[-58.636,75.793],[-58.205,75.295],[-56.939,74.919],[-55.779,73.704],[-54.73,73.038],[-55.366,72.728],[-55.626,71.73],[-55.012,71.335],[-53.988,71.414],[-53.323,71.891],[-52.036,71.48],[-50.939,70.577],[-53.628,70.819],[-53.666,70.357],[-51.637,69.94],[-50.573,69.866],[-50.954,68.539],[-50.477,67.482],[-52.808,67.775],[-53.267,66.922],[-52.303,66.909],[-53.103,65.873],[-52.078,65.372],[-51.805,64.233],[-50.988,64.092],[-50.048,62.314],[-49.116,62.104],[-48.915,61.421],[-47.159,60.856],[-46.072,60.942],[-45.622,60.601],[-43.144,59.819],[-42.478,61.307],[-42.271,62.194],[-40.894,63.524],[-40.484,64.685],[-39.686,65.171],[-37.155,66.32],[-37.048,65.743],[-35.972,65.847],[-35.708,66.352],[-34.433,66.384],[-33.214,67.47],[-32.037,67.985],[-30.305,67.98],[-29.4,68.228],[-26.964,68.502],[-25.324,69.09],[-22.732,69.774],[-24.585,70.304],[-27.475,70.207],[-28.384,70.458],[-26.787,71.558]]],[[[-53.551,69.278],[-53.617,70.158],[-54.594,70.24],[-54.687,69.707],[-53.551,69.278]]]]},"properties":{"NAME":"Greenland","SUBJECTO":"Denmark","PARTOF":"Denmark","BORDERPRECISION":3}},{"type":"Feature","geometry":{"type":"MultiPolygon","coordinates":[[[[-76.133,44.327],[-74.782,45.012],[-71.535,44.959],[-70.589,45.295],[-69.565,46.946],[-69.049,47.464],[-67.699,47.041],[-67.559,45.772],[-67.187,45.252],[-65.76,45.294],[-66.189,44.141],[-65.713,43.56],[-64.835,43.884],[-64.088,44.513],[-63.559,44.513],[-61.265,45.301],[-61.94,45.922],[-62.39,45.722],[-64.535,46.272],[-65.028,47.882],[-64.398,48.456],[-64.952,49.207],[-66.03,49.166],[-68.341,48.546],[-69.254,48.12],[-69.507,48.459],[-68.307,49.227],[-67.318,49.425],[-66.855,50.089],[-65.582,50.362],[-61.64,50.277],[-60.138,50.412],[-59.132,50.836],[-58.524,51.379],[-56.964,51.488],[-55.659,52.187],[-56.11,52.605],[-55.881,53.352],[-57.561,54.131],[-57.515,54.466],[-59.694,55.154],[-61.458,56.158],[-62.015,57.841],[-62.577,58.039],[-63.006,58.815],[-64.671,60.181],[-65.263,59.348],[-66.475,58.808],[-66.821,58.388],[-67.772,58.249],[-69.343,59.209],[-70.028,60.883],[-71.673,61.266],[-71.724,61.547],[-73.66,62.39],[-74.708,62.176],[-77.362,62.517],[-77.985,61.859],[-77.462,61.473],[-77.262,59.983],[-78.337,58.551],[-76.772,57.663],[-76.439,56.81],[-77.234,55.607],[-78.589,54.922],[-79.545,54.692],[-78.491,52.256],[-79.594,51.266],[-80.361,51.304],[-80.877,51.906],[-81.747,52.17],[-82.341,52.981],[-82.202,54.969],[-83.576,55.223],[-84.468,55.167],[-87.467,55.912],[-87.914,56.332],[-90,57.178],[-92.483,56.977],[-92.523,57.687],[-93.074,58.551],[-94.684,58.878],[-94.753,59.95],[-94.376,60.795],[-93.423,61.858],[-91.417,62.853],[-90,62.946],[-89.973,64.191],[-88.377,64.057],[-87.435,64.569],[-87.157,65.06],[-88.904,65.325],[-88.642,65.712],[-87.254,65.43],[-85.387,66.612],[-84.95,66.275],[-83.139,66.373],[-81.499,67.069],[-81.295,67.499],[-82.178,67.995],[-81.48,69.189],[-84.314,69.826],[-85.113,69.817],[-85.782,68.041],[-86.488,67.378],[-87.325,67.169],[-88.324,67.813],[-88.097,68.853],[-88.905,69.228],[-89.441,69.046],[-90,69.489],[-91.977,69.607],[-91.658,70.286],[-93.099,70.969],[-93.271,71.559],[-94.417,71.884],[-95.411,71.859],[-96.7,70.838],[-96.127,69.941],[-94.037,69.55],[-92.992,69.515],[-93.414,68.542],[-94.637,68.069],[-95.323,68.06],[-95.259,67.028],[-96.26,67.315],[-96.208,68.074],[-98.886,67.815],[-101.913,67.705],[-105.636,68.355],[-107.662,67.963],[-107.528,66.563],[-108.485,67.07],[-108.835,67.611],[-110.532,67.92],[-112.503,67.693],[-115.562,67.896],[-115.285,68.892],[-117.832,69.008],[-122.326,69.884],[-123.051,69.86],[-123.803,69.434],[-124.707,69.941],[-125.974,69.43],[-126.795,69.785],[-127.352,70.38],[-129.013,69.72],[-129.943,69.643],[-132.175,68.981],[-132.508,69.858],[-133.648,69.507],[-135.439,69.526],[-136.203,68.876],[-137.729,69.016],[-140.335,69.623],[-141.059,69.595],[-140.916,64.768],[-140.895,60.389],[-139.005,60.258],[-138.621,59.778],[-137.223,58.882],[-135.855,59.646],[-135.258,59.67],[-133.503,58.424],[-131.725,56.605],[-130.287,56.107],[-130.003,55.289],[-130.299,54.548],[-130.004,53.938],[-129.06,53.739],[-128.06,52.5],[-127.556,52.168],[-127.675,51.245],[-127.247,50.968],[-124.939,50.596],[-124.795,50.035],[-122.9,49.067],[-110.18,49.07],[-94.82,49.051],[-93.713,48.574],[-92.839,48.515],[-91.682,48.039],[-90,48.249],[-89.622,47.968],[-88.095,49.005],[-86.384,48.725],[-85.797,47.966],[-85.027,47.94],[-84.442,46.817],[-84.744,46.468],[-83.821,46.15],[-83.614,46.266],[-80.758,45.97],[-79.918,44.967],[-80.224,44.505],[-81.095,44.799],[-81.719,44.139],[-81.808,43.318],[-82.298,43.029],[-83.056,42.027],[-82.484,41.96],[-81.439,42.587],[-79.05,42.852],[-79.14,43.222],[-79.153,43.772],[-76.133,44.327]]],[[[-98.606,68.863],[-96.794,68.529],[-96.182,69.297],[-98.115,69.801],[-98.606,68.863]]],[[[-100.759,72.241],[-98.939,71.392],[-96.85,71.88],[-96.689,72.817],[-97.74,73.013],[-97.347,73.891],[-99.219,73.743],[-100.835,72.745],[-100.759,72.241]]],[[[-95.615,73.319],[-95.058,72.283],[-94.109,72.222],[-93.695,72.878],[-92.001,72.841],[-91.32,73.255],[-90,73.591],[-90,74],[-92.693,74.012],[-94.868,74.137],[-95.615,73.319]]],[[[-125.46,49.168],[-125.098,48.795],[-123.902,48.471],[-123.861,49.158],[-124.718,49.491],[-125.719,50.409],[-127.848,50.861],[-126.961,50.057],[-125.46,49.168]]],[[[-111.641,72.725],[-112.839,72.953],[-114.473,72.625],[-114.647,73.355],[-117.22,72.857],[-118.399,72.476],[-118.986,72.034],[-117.314,71.475],[-117.761,70.722],[-113.764,70.737],[-115.147,70.273],[-117.193,70.123],[-116.656,69.516],[-113.925,69.249],[-113.152,68.596],[-110.448,68.653],[-108.646,69.002],[-107.536,69.057],[-106.854,69.451],[-104.188,68.898],[-102.278,68.954],[-102.436,70.465],[-103.864,70.701],[-104.595,71.048],[-104.467,71.655],[-105.313,72.65],[-106.523,73.195],[-108.182,73.383],[-108.087,72.629],[-109.834,72.95],[-110.079,72.562],[-111.726,72.331],[-111.641,72.725]]],[[[-124.577,71.898],[-123.468,71.199],[-122.574,71.146],[-121.936,71.505],[-120.843,71.53],[-120.454,72.299],[-119.768,72.394],[-118.585,72.974],[-115.763,73.568],[-117.336,74.167],[-119.557,74.163],[-121.239,74.58],[-123.057,74.439],[-124.065,73.865],[-124.247,73.457],[-125.341,72.969],[-124.577,71.898]]],[[[-114.948,76.443],[-116.296,76.238],[-117.012,75.258],[-115.186,75.154],[-113.926,74.902],[-113.106,74.514],[-112.203,74.5],[-109.07,75.133],[-107.48,75.012],[-105.773,75.23],[-105.498,75.847],[-106.59,76.13],[-108.163,76.009],[-108.965,76.871],[-109.776,76.275],[-109.144,75.714],[-111.386,75.66],[-112.851,76.227],[-113.549,76.133],[-114.948,76.443]]],[[[-122.282,76.151],[-121.311,76.296],[-120.454,75.952],[-119.387,76.375],[-118.736,76.938],[-117.863,76.438],[-116.24,76.78],[-116.359,77.578],[-117.226,77.413],[-119.696,77.313],[-121.578,76.702],[-122.282,76.151]]],[[[-113.024,77.602],[-110.62,77.537],[-110.71,78.023],[-113.01,77.923],[-113.024,77.602]]],[[[-103.232,78.274],[-101.168,78.269],[-99.68,77.792],[-99.892,78.658],[-100.693,78.878],[-102.569,79.016],[-103.365,79.389],[-104.441,79.459],[-103.232,78.274]]],[[[-61.047,46.664],[-61.025,45.67],[-59.997,45.854],[-60.26,46.938],[-61.047,46.664]]],[[[-57.974,49.083],[-58.392,49.037],[-59.157,47.67],[-58.091,47.763],[-56.804,47.616],[-55.368,47.795],[-54.936,47.339],[-53.07,46.731],[-52.729,47.455],[-53.703,47.844],[-54.158,49.477],[-55.107,49.279],[-56.49,49.768],[-56.662,50.056],[-55.557,51.326],[-56.152,51.47],[-57.356,50.595],[-58.128,49.496],[-57.974,49.083]]],[[[-87.101,63.545],[-85.601,63.748],[-85.463,63.206],[-83.496,63.744],[-83.189,64.182],[-82.198,63.69],[-82.11,64.644],[-83.085,64.865],[-85.558,65.864],[-86.243,64.542],[-86.061,64.141],[-87.101,63.545]]],[[[-77.112,67.848],[-77.065,67.329],[-75.77,67.302],[-75.12,68.113],[-76.496,68.267],[-77.112,67.848]]],[[[-71.535,63.36],[-71.319,63.061],[-69.559,62.709],[-69.155,62.42],[-65.94,61.79],[-66.332,62.319],[-68.476,63.337],[-68.486,63.737],[-66.496,63.077],[-64.735,63.067],[-65.327,64.359],[-66.193,64.889],[-66.598,64.766],[-67.329,65.584],[-68.252,66.064],[-67.256,66.616],[-65.034,65.953],[-64.844,65.378],[-63.541,64.995],[-62.845,65.614],[-61.495,66.341],[-62.096,67.017],[-62.991,67.177],[-64.829,67.953],[-66.407,68.025],[-68.221,68.627],[-67.171,69.17],[-67.044,69.798],[-67.575,70.185],[-68.75,70.39],[-69.092,70.782],[-70.293,70.618],[-71.253,71.351],[-72.535,71.629],[-73.275,71.161],[-74.313,72.039],[-75.322,72.548],[-77.896,72.701],[-79.056,71.96],[-79.33,72.368],[-80.57,71.996],[-81.044,72.38],[-80.489,73.037],[-81.532,73.688],[-82.697,73.782],[-84.505,73.491],[-85.504,72.608],[-85.602,72.01],[-86.333,71.993],[-86.662,73.097],[-85.64,73.865],[-88.099,73.636],[-89.639,72.782],[-89.997,71.541],[-87.949,71.351],[-89.019,70.675],[-87.948,70.385],[-86.373,70.465],[-85.984,70.113],[-84.874,70.115],[-82.269,69.86],[-80.713,70.153],[-79.826,69.918],[-78.713,70.011],[-79.101,70.655],[-75.552,69.222],[-75.199,68.862],[-73.185,68.296],[-72.305,67.264],[-73.036,66.642],[-73.994,66.266],[-74.079,65.448],[-75.368,65.263],[-77.266,65.391],[-78.103,64.507],[-76.526,64.23],[-74.559,64.78],[-73.164,64.574],[-71.535,63.36]]],[[[-90,75.968],[-90,76.591],[-92.247,76.622],[-92.366,75.421],[-91.867,74.789],[-91.054,74.977],[-89.698,74.615],[-88.39,74.99],[-88.144,74.569],[-82.936,74.684],[-82.373,74.555],[-80.349,74.616],[-80.766,75.61],[-81.532,75.859],[-83.559,75.905],[-85.203,75.743],[-86.179,75.408],[-87.638,75.705],[-89.042,75.461],[-90,75.968]]],[[[-90,82.017],[-89.236,80.864],[-88.322,81.166],[-86.437,81.393],[-85.192,81.324],[-85.504,80.618],[-83.48,80.895],[-82.791,80.697],[-80.088,81.022],[-82.263,80.051],[-83.618,80.207],[-86.17,80.279],[-83.84,78.857],[-85.807,78.906],[-86.51,78.297],[-84.843,78.16],[-84.93,77.345],[-86.436,77.817],[-87.812,77.876],[-88.183,76.74],[-87.273,76.504],[-85.037,76.407],[-84.559,76.543],[-82.424,76.471],[-81.382,76.651],[-80.814,76.238],[-78.212,76.547],[-78.121,77.041],[-81.473,77.24],[-81.554,77.541],[-78.855,77.374],[-78.177,78.068],[-76.291,78.011],[-74.963,79.122],[-73.674,79.518],[-74.245,80.043],[-71.454,79.846],[-70.219,80.137],[-69.497,80.547],[-66.482,81.303],[-66.375,82.101],[-63.921,82.011],[-62.546,82.257],[-62.427,82.634],[-65.481,82.9],[-67.696,82.873],[-70.584,83.176],[-71.178,82.81],[-71.926,83.084],[-74.161,82.991],[-76.382,83.152],[-77.074,82.863],[-78.698,83.003],[-80.415,82.867],[-81.287,82.387],[-82.57,82.225],[-84.947,82.379],[-86.324,82.206],[-90,82.017]]],[[[-100.097,75.765],[-99.944,75.084],[-98.164,75.096],[-97.667,75.861],[-97.817,76.476],[-98.903,76.414],[-100.067,76.675],[-100.511,76.445],[-101.746,76.544],[-102.15,75.644],[-100.097,75.765]]],[[[-96.809,76.92],[-95.873,76.513],[-93.938,76.398],[-94.195,76.899],[-95.629,77.042],[-96.809,76.92]]],[[[-98.343,78.803],[-97.46,78.101],[-95.233,78.132],[-95.097,78.438],[-97.31,78.822],[-98.343,78.803]]],[[[-88.336,80.12],[-89.425,80.615],[-91.016,80.75],[-92.025,81.259],[-93.435,81.44],[-93.532,81.124],[-95.06,81.031],[-95.7,80.037],[-95.039,79.396],[-92.702,78.434],[-90,78.263],[-89.121,78.344],[-88.661,78.901],[-87.989,78.716],[-87.165,79.126],[-87.504,80.228],[-88.336,80.12]]]]},"properties":{"NAME":"Canada","SUBJECTO":"Canada","PARTOF":"Canada","BORDERPRECISION":3}},{"type":"Feature","geometry":{"type":"MultiPolygon","coordinates":[[[[-73.112,-72.749],[-70.021,-72.672],[-68.63,-72.054],[-68.398,-71.127],[-70.33,-68.963],[-71.412,-68.886],[-72.107,-71.05],[-72.725,-71.281],[-74.657,-71.436],[-74.348,-72.209],[-72.03,-71.822],[-71.952,-72.209],[-73.112,-72.749]]],[[[-102.551,-72.131],[-101.16,-72.363],[-97.142,-72.672],[-95.906,-72.363],[-97.22,-71.822],[-101.16,-71.822],[-102.551,-72.131]]],[[[-55.185,-80.94],[-50.162,-80.786],[-44.831,-80.322],[-43.904,-79.781],[-44.213,-78.39],[-45.758,-78.081],[-48.849,-78.081],[-50.858,-78.699],[-51.012,-79.395],[-51.708,-79.781],[-53.871,-79.936],[-54.953,-80.399],[-55.185,-80.94]]],[[[-164.058,-79.356],[-162.358,-79.742],[-160.426,-79.974],[-159.203,-79.882],[-160.735,-79.047],[-162.59,-78.815],[-164.058,-79.356]]],[[[169.769,-83.418],[168.874,-83.343],[163.309,-82.087],[162.015,-81.66],[160.577,-81.534],[160.433,-80.906],[159.315,-80.027],[160.686,-79.114],[161.773,-78.866],[164.902,-78.599],[164.107,-77.656],[162.613,-77.072],[162.823,-75.622],[164.616,-74.172],[167.575,-73.476],[168.899,-73.54],[169.911,-72.615],[169.89,-72.076],[170.729,-71.904],[167.635,-70.865],[164.319,-70.518],[162.888,-70.571],[162.485,-70.306],[160.599,-70.221],[159.846,-69.829],[157.307,-69.156],[156.148,-69.311],[154.435,-68.95],[151.093,-68.886],[150.893,-68.538],[148.73,-68.306],[148.093,-67.937],[146.875,-67.997],[145.454,-67.63],[145.262,-67.098],[142.183,-66.985],[141.157,-66.722],[136.317,-66.399],[134.691,-66.083],[134.59,-65.022],[134.035,-65.185],[134.205,-66.18],[130.272,-66.253],[129.422,-66.52],[129.01,-67.03],[126.8,-66.884],[126.412,-66.374],[125.125,-66.787],[122.458,-66.645],[118.286,-67.07],[115.679,-66.414],[114.436,-66.493],[113.959,-65.988],[113.015,-65.763],[110.607,-66.059],[110.568,-66.395],[109.404,-66.71],[108.101,-66.71],[107.622,-66.452],[105.459,-66.297],[102.631,-65.926],[100.875,-66.079],[99.12,-66.893],[98.662,-66.626],[97.114,-66.684],[95.723,-66.529],[90,-66.607],[88.654,-66.764],[88.305,-66.066],[87.223,-66.993],[85.523,-66.916],[81.814,-67.302],[78.26,-68.384],[76.869,-69.311],[75.401,-69.466],[72.542,-70.238],[71.924,-70.547],[70.301,-72.015],[69.528,-72.402],[68.215,-72.402],[67.365,-71.706],[68.458,-70.69],[68.215,-69.852],[68.951,-69.889],[69.773,-68.636],[69.374,-67.843],[66.979,-67.843],[63.579,-67.534],[62.806,-67.611],[59.603,-67.33],[56.627,-66.942],[55.142,-65.963],[52.452,-65.988],[50.006,-66.588],[49.962,-67.196],[48.967,-66.973],[48.848,-67.434],[47.305,-67.775],[46.37,-67.33],[46.038,-67.688],[44.797,-67.745],[44.184,-68.036],[42.561,-68.113],[41.943,-68.422],[39.647,-68.934],[39.459,-69.701],[38.332,-70.029],[37.581,-69.278],[36.532,-69.654],[34.716,-68.934],[34.293,-68.5],[33.541,-68.542],[32.748,-69.35],[30.662,-69.736],[23.707,-70.586],[22.548,-70.586],[19.535,-70.161],[17.603,-70.084],[12.658,-70.315],[11.113,-70.856],[10.34,-70.702],[9.413,-70.084],[8.485,-70.084],[6.554,-70.47],[0.681,-71.32],[-0.787,-71.706],[-1.251,-71.32],[-2.719,-71.397],[-4.882,-71.281],[-6.318,-71.425],[-6.35,-70.663],[-7.2,-70.895],[-7.741,-71.668],[-8.823,-71.822],[-9.75,-71.05],[-11.141,-71.59],[-11.808,-71.3],[-12.329,-71.675],[-11.828,-72.323],[-14.271,-72.844],[-14.584,-73.178],[-16.396,-73.445],[-16.164,-74.063],[-18.405,-75.686],[-20.645,-75.918],[-23.582,-75.918],[-25.977,-76.304],[-30.227,-76.845],[-32.081,-77.308],[-33.163,-77.386],[-34.94,-77.927],[-36.408,-78.622],[-36.408,-79.163],[-32.854,-79.317],[-29.568,-79.224],[-29.035,-79.377],[-28.913,-80.476],[-32.931,-80.863],[-38.031,-80.94],[-41.817,-81.404],[-42.976,-81.945],[-43.826,-81.79],[-48.231,-81.945],[-52.249,-82.022],[-55.185,-82.331],[-57.58,-83.026],[-58.971,-83.181],[-59.28,-82.717],[-60.207,-82.331],[-63.144,-82.099],[-67.934,-81.481],[-71.798,-81.095],[-74.889,-80.708],[-76.643,-80.215],[-76.589,-79.395],[-77.98,-79.086],[-80.22,-79.317],[-82.925,-79.163],[-84.104,-78.649],[-83.079,-78.236],[-82.075,-78.777],[-79.139,-78.931],[-78.289,-78.313],[-80.761,-78.236],[-80.687,-77.566],[-77.052,-77.927],[-74.502,-78.081],[-73.568,-77.481],[-75.816,-77.463],[-78.598,-76.613],[-77.825,-75.995],[-75.932,-76.484],[-73.881,-76.627],[-70.562,-76.69],[-69.248,-76.381],[-65.925,-75.84],[-64.457,-75.686],[-63.221,-74.836],[-62.68,-74.758],[-61.367,-73.909],[-60.826,-72.749],[-60.98,-72.054],[-61.676,-70.818],[-62.139,-70.509],[-63.839,-68.654],[-65.153,-68.5],[-65.694,-67.881],[-65.385,-67.341],[-63.839,-66.491],[-62.757,-66.645],[-62.371,-65.795],[-61.135,-64.868],[-59.821,-64.327],[-58.894,-64.327],[-57.271,-63.709],[-57.426,-63.245],[-59.126,-63.863],[-60.207,-63.941],[-61.289,-64.482],[-62.912,-64.713],[-64.225,-65.254],[-65.075,-65.95],[-66.853,-66.8],[-67.703,-66.877],[-67.084,-68.654],[-67.471,-69.195],[-68.784,-69.813],[-67.703,-71.281],[-67.084,-71.822],[-67.625,-72.749],[-71.489,-73.368],[-75.584,-73.754],[-77.13,-73.638],[-78.52,-73.715],[-79.757,-73.174],[-80.993,-73.252],[-81.766,-74.024],[-84.393,-73.793],[-86.325,-73.252],[-87.406,-73.406],[-88.565,-73.252],[-89.261,-72.788],[-90,-73.329],[-93.974,-73.174],[-96.524,-73.329],[-99.788,-72.998],[-100.229,-73.438],[-101.421,-73.768],[-101.495,-74.539],[-100.559,-74.466],[-100.045,-75.31],[-105.642,-75.068],[-106.801,-75.377],[-109.196,-75.145],[-110.557,-75.303],[-110.433,-74.295],[-111.746,-74.295],[-112.365,-74.836],[-113.428,-74.688],[-113.502,-74.072],[-114.937,-74.058],[-114.992,-74.449],[-117.387,-74.527],[-118.083,-74.295],[-118.778,-74.604],[-120.169,-74.527],[-123.569,-74.836],[-127.123,-74.681],[-128.978,-74.913],[-130.987,-74.797],[-133.536,-74.797],[-134.773,-74.643],[-138.559,-75.106],[-140.568,-75.261],[-144.509,-75.724],[-146.672,-76.111],[-148.527,-76.033],[-148.45,-76.497],[-147.131,-76.531],[-146.116,-76.86],[-146.146,-77.457],[-147.986,-77.347],[-149.995,-77.733],[-152.086,-77.337],[-154.167,-77.115],[-156.408,-77.115],[-158.031,-77.27],[-158.185,-77.811],[-157.336,-78.197],[-156.022,-78.352],[-155.867,-78.738],[-154.554,-79.124],[-151.772,-79.201],[-150.58,-79.483],[-148.604,-79.665],[-146.904,-80.051],[-145.668,-80.515],[-148.836,-81.365],[-154.477,-81.056],[-154.554,-82.138],[-152.081,-82.601],[-153.24,-83.297],[-153.086,-84.147],[-152.004,-84.379],[-149.609,-84.456],[-145.281,-84.765],[-138.817,-85.013],[-139.331,-85.223],[-141.418,-85.229],[-148.759,-85.074],[-150.381,-85.46],[-151.463,-85.306],[-156.563,-85.46],[-160.504,-85.383],[-167.226,-84.765],[-170.317,-84.688],[-173.871,-84.456],[-178.43,-84.456],[-180,-84.305],[-180,-90],[180,-90],[180,-84.302],[174.585,-83.883],[172.58,-83.844],[171.895,-83.607],[169.769,-83.418]]]]},"properties":{"NAME":null,"SUBJECTO":null,"PARTOF":null,"BORDERPRECISION":3}},{"type":"Feature","geometry":{"type":"MultiPolygon","coordinates":[[[[5.824,49.507],[4.22,50.242],[2.875,50.682],[2.522,51.091],[1.589,50.822],[1.275,50.004],[0.189,49.681],[0.033,49.334],[-1.023,49.398],[-1.871,48.712],[-3.999,48.731],[-3.955,47.904],[-2.005,47.043],[-1.075,46.015],[-1.561,43.524],[-1.915,43.305],[-0.612,42.731],[0.744,42.772],[2.363,42.293],[3.087,42.369],[3.068,42.945],[4.078,43.487],[5.829,43.021],[6.523,43.151],[7.397,43.764],[6.972,44.062],[6.943,44.869],[5.935,45.322],[5.941,46.176],[6.058,46.616],[7.507,47.604],[7.729,48.616],[6.433,49.445],[5.824,49.507]]],[[[9.432,42.794],[8.5,42.36],[8.727,41.561],[9.453,42.048],[9.432,42.794]]]]},"properties":{"NAME":"France","SUBJECTO":"France","PARTOF":"France","BORDERPRECISION":3}},{"type":"Feature","geometry":{"type":"Polygon","coordinates":[[[5.941,46.176],[6.384,46.342],[6.746,46.487],[6.776,46.473],[6.807,46.394],[7.79,45.927],[8.382,46.284],[8.891,45.866],[10.396,46.887],[9.539,47.487],[8.983,47.68],[7.507,47.604],[6.058,46.616],[5.941,46.176]]]},"properties":{"NAME":"Switzerland","SUBJECTO":"Switzerland","PARTOF":"Switzerland","BORDERPRECISION":3}},{"type":"Feature","geometry":{"type":"Polygon","coordinates":[[[-57.065,5.837],[-57.414,6.351],[-58.575,6.984],[-58.617,7.499],[-59.404,8.16],[-60.104,6.557],[-58.703,2.767],[-57.879,2.849],[-57.9,1.594],[-56.71,1.891],[-57.246,3.255],[-57.995,3.963],[-57.764,4.911],[-57.255,4.952],[-57.065,5.837]]]},"properties":{"NAME":"British Guiana","SUBJECTO":"British Guiana","PARTOF":"British Guiana","BORDERPRECISION":3}},{"type":"Feature","geometry":{"type":"MultiPolygon","coordinates":[[[[-59.404,8.16],[-61.29,8.771],[-60.793,9.388],[-61.531,9.851],[-64.068,10.627],[-64.884,10.136],[-66.478,10.679],[-67.98,10.542],[-68.695,11.38],[-69.748,11.533],[-71.098,11.12],[-71.496,10.646],[-71.044,9.392],[-71.605,9.092],[-72.114,9.904],[-71.688,10.769],[-71.988,11.608],[-71.189,11.912],[-72.051,11.722],[-73.017,9.735],[-72.353,8.315],[-72.364,7.469],[-71.812,6.97],[-70.541,7.054],[-69.303,6.006],[-67.766,6.244],[-67.813,4.305],[-67.223,3.336],[-67.768,2.824],[-67.051,1.798],[-66.85,1.011],[-65.356,0.562],[-63.876,1.881],[-63.327,2.062],[-60.516,2.19],[-58.853,1.154],[-57.9,1.594],[-57.879,2.849],[-58.703,2.767],[-60.104,6.557],[-59.404,8.16]]],[[[-50.225,-1.735],[-48.886,-1.421],[-48.402,-0.391],[-50.501,-0.262],[-50.611,-1.438],[-50.225,-1.735]]]]},"properties":{"NAME":"Venezuela","SUBJECTO":"Venezuela","PARTOF":"Venezuela","BORDERPRECISION":3}},{"type":"Feature","geometry":{"type":"Polygon","coordinates":[[[-57.576,-30.403],[-56.746,-30.246],[-55.874,-31.174],[-53.894,-32.046],[-53.236,-32.937],[-53.406,-33.879],[-52.351,-32.675],[-52.042,-31.557],[-51.445,-31.015],[-51.232,-30.265],[-50.582,-30.416],[-49.546,-29.157],[-48.937,-28.698],[-48.564,-27.681],[-48.516,-25.876],[-48.725,-25.426],[-46.206,-23.883],[-45.459,-23.856],[-44.561,-22.99],[-41.958,-22.921],[-40.984,-22.086],[-40.933,-21.279],[-39.691,-19.409],[-39.666,-18.227],[-39.142,-17.775],[-38.948,-16.002],[-39.126,-14.325],[-38.799,-12.627],[-38.266,-12.887],[-37.187,-10.845],[-35.599,-9.628],[-35.114,-8.661],[-34.891,-7.612],[-35.464,-5.268],[-37.181,-4.954],[-38.786,-3.604],[-40.231,-2.851],[-41.103,-2.974],[-42.316,-2.818],[-43.334,-2.432],[-44.222,-2.777],[-44.796,-1.736],[-47.237,-0.68],[-48.043,-0.816],[-49.221,-2.108],[-50.643,-1.882],[-50.977,-1.114],[-52.022,-1.568],[-51.529,-0.429],[-50.647,0.272],[-49.884,1.214],[-49.969,1.728],[-50.688,2.216],[-51.209,4.071],[-51.623,4.216],[-52.846,2.092],[-54.388,2.261],[-54.861,2.481],[-56.71,1.891],[-57.9,1.594],[-58.853,1.154],[-60.516,2.19],[-63.327,2.062],[-63.876,1.881],[-65.356,0.562],[-66.85,1.011],[-67.055,0.941],[-66.66,-2.817],[-67.253,-2.553],[-67.978,-3.41],[-69.231,-3.476],[-69.901,-4.379],[-70.549,-4.267],[-72.769,-5.145],[-73.192,-6.081],[-73.062,-6.519],[-73.779,-7.045],[-73.842,-7.579],[-72.916,-9.041],[-66.474,-9.915],[-65.309,-9.816],[-65.273,-11.366],[-64.261,-12.472],[-63.605,-12.512],[-62.079,-13.101],[-61.627,-13.625],[-60.363,-13.904],[-60.213,-15.853],[-60.032,-16.329],[-58.333,-16.37],[-58.402,-17.133],[-57.596,-18.043],[-57.777,-19.168],[-58.138,-19.812],[-57.752,-20.686],[-57.806,-22.154],[-56.379,-22.139],[-55.623,-22.446],[-55.349,-23.779],[-54.219,-24.121],[-54.58,-25.743],[-53.942,-25.663],[-53.616,-26.271],[-53.731,-27.218],[-54.755,-27.694],[-57.576,-30.403]]]},"properties":{"NAME":"Kingdom of Brazil","SUBJECTO":"Kingdom of Brazil","PARTOF":"Kingdom of Brazil","BORDERPRECISION":3}},{"type":"Feature","geometry":{"type":"Polygon","coordinates":[[[-80.229,-3.471],[-80.259,-4.414],[-79.286,-5.012],[-77.405,-4.333],[-77.339,-4.795],[-75.691,-5.058],[-74.605,-4.36],[-73.592,-4.444],[-72.875,-3.389],[-71.061,-3.938],[-70.588,-3.791],[-70.052,-2.822],[-70.923,-2.318],[-72.959,-2.451],[-73.605,-1.464],[-74.474,-0.573],[-76.148,0.345],[-76.85,0.138],[-78.943,1.381],[-80.086,0.818],[-80.339,-0.663],[-80.966,-1.033],[-80.229,-3.471]]]},"properties":{"NAME":"Ecuador","SUBJECTO":"Ecuador","PARTOF":"Ecuador","BORDERPRECISION":3}},{"type":"Feature","geometry":{"type":"MultiPolygon","coordinates":[[[[-68.48,-25.939],[-69.22,-26.06],[-69.467,-26.884],[-70.291,-26.802],[-70.849,-27.281],[-71.43,-29.1],[-71.234,-29.519],[-71.695,-30.854],[-71.416,-32.753],[-71.616,-33.706],[-72.629,-35.646],[-73.144,-37.156],[-73.673,-37.501],[-73.194,-39.565],[-73.905,-40.839],[-73.594,-41.697],[-72.891,-41.529],[-72.438,-42.305],[-72.53,-43.063],[-72.999,-43.334],[-73.058,-44.19],[-73.571,-46.265],[-74.564,-45.872],[-75.011,-46.774],[-73.979,-47.032],[-74.312,-48.745],[-74.19,-50.171],[-73.408,-52.024],[-72.81,-51.93],[-71.152,-52.962],[-69.237,-52.294],[-68.456,-52.42],[-69.587,-52.143],[-71.794,-52.088],[-72.145,-51.832],[-72.333,-50.693],[-73.158,-50.855],[-73.513,-49.761],[-72.458,-48.854],[-72.382,-47.578],[-71.693,-46.691],[-71.738,-45.733],[-71.324,-44.814],[-71.787,-44.109],[-71.696,-42.156],[-71.86,-40.748],[-71.363,-39.029],[-70.844,-38.727],[-71.153,-37.811],[-71.095,-36.805],[-70.391,-36.165],[-70.48,-35.358],[-69.849,-34.256],[-69.84,-33.761],[-70.505,-31.689],[-70.26,-30.716],[-69.852,-30.359],[-69.951,-29.356],[-68.823,-27.267],[-68.318,-27.22],[-68.48,-25.939]]],[[[-68.701,-52.72],[-69.407,-52.566],[-70.333,-53.473],[-69.568,-54.459],[-68.749,-54.889],[-68.705,-53.235],[-68.701,-52.72]]]]},"properties":{"NAME":"Chile","SUBJECTO":"Chile","PARTOF":"Chile","BORDERPRECISION":3}},{"type":"Feature","geometry":{"type":"Polygon","coordinates":[[[-69.901,-4.379],[-70.588,-3.791],[-71.061,-3.938],[-72.875,-3.389],[-73.592,-4.444],[-74.605,-4.36],[-75.691,-5.058],[-77.339,-4.795],[-77.405,-4.333],[-79.286,-5.012],[-80.259,-4.414],[-80.229,-3.471],[-81.418,-4.675],[-80.612,-6.37],[-80.066,-6.756],[-79.06,-8.216],[-76.238,-13.502],[-76.242,-14.106],[-75.231,-15.222],[-74.05,-16.045],[-71.612,-17.221],[-70.584,-18.083],[-70.209,-19.067],[-70.112,-20.693],[-70.201,-22.217],[-69.055,-22.352],[-67.939,-22.059],[-68.64,-20.445],[-68.433,-19.459],[-69.52,-17.191],[-69.012,-16.617],[-69.291,-15.856],[-69.245,-14.738],[-68.836,-14.17],[-68.968,-13.529],[-69.626,-13.431],[-70.22,-12.178],[-73.121,-9.405],[-72.916,-9.041],[-73.842,-7.579],[-73.779,-7.045],[-73.062,-6.519],[-73.192,-6.081],[-72.769,-5.145],[-70.549,-4.267],[-69.901,-4.379]]]},"properties":{"NAME":"Peru","SUBJECTO":"Peru","PARTOF":"Peru","BORDERPRECISION":3}},{"type":"Feature","geometry":{"type":"Polygon","coordinates":[[[-2.193,35.054],[-4.593,35.151],[-5.565,35.862],[-5.929,35.728],[-6.511,34.454],[-7.004,33.875],[-8.314,33.338],[-9.219,32.58],[-9.813,31.289],[-9.663,29.955],[-10.339,29.146],[-11.576,28.229],[-12.866,27.857],[-13.124,27.546],[-8.641,27.567],[-8.593,28.641],[-7.17,29.476],[-5.603,29.873],[-4.912,30.43],[-3.729,30.894],[-3.78,31.555],[-2.817,31.993],[-1.234,31.989],[-1.081,32.454],[-1.681,33.258],[-1.738,34.605],[-2.193,35.054]]]},"properties":{"NAME":"Morocco","SUBJECTO":"Morocco","PARTOF":"Morocco","BORDERPRECISION":3}},{"type":"Feature","geometry":{"type":"Polygon","coordinates":[[[-88.32,18.494],[-87.877,18.381],[-87.651,20.19],[-86.936,20.976],[-87.201,21.529],[-88.334,21.59],[-90.304,21.052],[-90.442,19.951],[-90.798,19.249],[-91.702,18.823],[-94.242,18.24],[-96.012,18.929],[-97.504,21.189],[-97.882,22.333],[-97.823,24.208],[-97.26,25.811],[-99.1,26.409],[-99.604,27.469],[-101.033,29.326],[-101.734,29.749],[-102.448,29.687],[-103.022,29.092],[-103.586,29.057],[-104.574,29.58],[-105.126,30.615],[-106.545,31.702],[-108.232,31.724],[-108.371,31.278],[-111.089,31.307],[-114.622,32.427],[-114.884,32.636],[-117.174,32.521],[-115.602,29.685],[-114.067,28.423],[-114.478,27.244],[-113.285,26.808],[-112.411,26.193],[-112.166,25.011],[-110.225,23.4],[-110.205,24.315],[-110.798,24.88],[-112.87,28.335],[-114.683,30.143],[-114.973,31.128],[-114.839,31.815],[-113.052,31.139],[-112.654,29.919],[-111.692,28.496],[-110.604,27.856],[-110.382,27.214],[-109.132,26.289],[-108.848,25.615],[-108.013,24.981],[-105.54,22.285],[-105.291,20.67],[-105.67,20.352],[-104.948,19.438],[-103.494,18.354],[-101.993,18.027],[-101.221,17.418],[-98.856,16.597],[-97.881,16.052],[-96.333,15.75],[-95.13,16.299],[-94.075,16.111],[-92.155,14.543],[-92.244,15.282],[-91.759,16.098],[-90,16.098],[-90,16.816],[-91.076,16.92],[-91.01,17.836],[-89.154,17.831],[-88.32,18.494]]]},"properties":{"NAME":"Mexico","SUBJECTO":"Mexico","PARTOF":"Mexico","BORDERPRECISION":3}},{"type":"Feature","geometry":{"type":"Polygon","coordinates":[[[107.876,21.462],[107.098,21.649],[105.941,22.931],[105.313,23.296],[104.478,22.783],[101.968,22.534],[102.993,20.94],[104.129,20.94],[104.716,20.2],[103.899,19.313],[104.812,18.722],[106.638,16.484],[107.108,16.17],[107.387,14.557],[107.515,13.422],[107.385,12.354],[105.843,11.583],[105.834,11.202],[106.704,10.448],[107.412,10.367],[108.696,11.145],[109.073,11.635],[109.307,12.906],[108.786,15.091],[108.236,16.08],[106.433,17.55],[106.364,18.007],[105.533,18.844],[105.843,19.702],[106.807,20.905],[107.374,20.881],[107.876,21.462]]]},"properties":{"NAME":"Annam","SUBJECTO":"Annam","PARTOF":"Annam","BORDERPRECISION":3}},{"type":"Feature","geometry":{"type":"Polygon","coordinates":[[[31.727,-26.154],[31.663,-27.041],[32.825,-27.135],[32.5,-26.068],[33.347,-25.304],[34.884,-24.722],[35.297,-23.825],[35.531,-22.458],[35.261,-22.274],[34.699,-20.572],[34.726,-19.86],[35.915,-19.032],[37.275,-17.713],[39.471,-16.717],[40.386,-15.736],[40.599,-14.401],[40.527,-12.584],[40.311,-11.345],[40.524,-10.55],[39.065,-11.209],[39.533,-12.244],[39.743,-13.713],[39.638,-15.287],[39.219,-15.707],[37.645,-16.021],[36.386,-16.966],[35.546,-16.966],[33.812,-15.728],[32.891,-15.363],[33.086,-16.401],[34.27,-17.617],[34.37,-18.218],[33.972,-18.959],[33.668,-20.324],[33.969,-23.231],[33.468,-24.534],[31.764,-25.637],[31.727,-26.154]]]},"properties":{"NAME":"Mozambique","SUBJECTO":"Portugal","PARTOF":"Mozambique","BORDERPRECISION":3}},{"type":"Feature","geometry":{"type":"Polygon","coordinates":[[[16.334,-28.561],[18.179,-31.805],[18.487,-34.398],[19.181,-34.422],[19.884,-34.992],[20.256,-34.623],[21.669,-34.506],[22.682,-34.103],[24.43,-34.335],[25.619,-33.919],[26.659,-33.847],[28.922,-32.298],[29.974,-31.274],[29.157,-30.85],[28.692,-29.97],[27.877,-30.049],[26.892,-30.574],[26.385,-30.422],[25.749,-30.549],[24.174,-29.547],[23.543,-29.146],[22.603,-29.663],[21.992,-28.587],[21.538,-28.244],[20.736,-28.745],[19.84,-28.444],[19.129,-28.948],[17.707,-28.873],[17.008,-28.072],[16.334,-28.561]]]},"properties":{"NAME":"Cape Colony","SUBJECTO":"Cape Colony","PARTOF":"Cape Colony","BORDERPRECISION":3}},{"type":"Feature","geometry":{"type":"Polygon","coordinates":[[[29.974,-31.274],[31.327,-29.509],[31.008,-28.701],[30.392,-28.495],[29.086,-28.498],[28.692,-29.97],[29.157,-30.85],[29.974,-31.274]]]},"properties":{"NAME":"Natal","SUBJECTO":"Natal","PARTOF":"Natal","BORDERPRECISION":3}},{"type":"Feature","geometry":{"type":"Polygon","coordinates":[[[28.692,-29.97],[29.086,-28.498],[28.897,-28.507],[27.221,-29.178],[26.385,-30.422],[26.892,-30.574],[27.877,-30.049],[28.692,-29.97]]]},"properties":{"NAME":"Basutoland","SUBJECTO":"Basutoland","PARTOF":"Basutoland","BORDERPRECISION":3}},{"type":"Feature","geometry":{"type":"Polygon","coordinates":[[[31.327,-29.509],[32.235,-28.744],[32.303,-28.134],[31.258,-27.637],[30.693,-27.576],[30.392,-28.495],[31.008,-28.701],[31.327,-29.509]]]},"properties":{"NAME":"Zululand","SUBJECTO":"Zululand","PARTOF":"Zululand","BORDERPRECISION":3}},{"type":"Feature","geometry":{"type":"Polygon","coordinates":[[[31.663,-27.041],[31.258,-27.637],[32.303,-28.134],[32.825,-27.135],[31.663,-27.041]]]},"properties":{"NAME":null,"SUBJECTO":null,"PARTOF":null,"BORDERPRECISION":3}},{"type":"Feature","geometry":{"type":"Polygon","coordinates":[[[31.727,-26.154],[31.264,-25.685],[30.623,-26.263],[30.559,-26.84],[30.693,-27.576],[31.258,-27.637],[31.663,-27.041],[31.727,-26.154]]]},"properties":{"NAME":"Swaziland","SUBJECTO":"Swaziland","PARTOF":"Swaziland","BORDERPRECISION":3}},{"type":"Feature","geometry":{"type":"Polygon","coordinates":[[[26.385,-30.422],[27.221,-29.178],[28.897,-28.507],[29.378,-27.544],[29.298,-26.983],[28.416,-26.502],[27.213,-26.983],[25.609,-27.223],[25.128,-27.544],[24.647,-28.988],[24.174,-29.547],[25.749,-30.549],[26.385,-30.422]]]},"properties":{"NAME":"Orange Free State","SUBJECTO":"Orange Free State","PARTOF":"Orange Free State","BORDERPRECISION":3}},{"type":"Feature","geometry":{"type":"Polygon","coordinates":[[[30.392,-28.495],[30.693,-27.576],[30.559,-26.84],[29.298,-26.983],[29.378,-27.544],[28.897,-28.507],[29.086,-28.498],[30.392,-28.495]]]},"properties":{"NAME":null,"SUBJECTO":null,"PARTOF":null,"BORDERPRECISION":3}},{"type":"Feature","geometry":{"type":"Polygon","coordinates":[[[31.264,-25.685],[31.865,-24.817],[31.865,-22.411],[31.544,-21.85],[29.459,-21.529],[28.496,-22.01],[26.527,-23.319],[26.424,-24.192],[25.368,-24.737],[25.048,-26.101],[25.128,-27.544],[25.609,-27.223],[27.213,-26.983],[28.416,-26.502],[29.298,-26.983],[30.559,-26.84],[30.623,-26.263],[31.264,-25.685]]]},"properties":{"NAME":"Transvaal","SUBJECTO":"Transvaal","PARTOF":"Transvaal","BORDERPRECISION":3}},{"type":"Feature","geometry":{"type":"Polygon","coordinates":[[[24.174,-29.547],[24.647,-28.988],[25.128,-27.544],[23.917,-27.175],[23.275,-27.304],[21.992,-28.587],[22.603,-29.663],[23.543,-29.146],[24.174,-29.547]]]},"properties":{"NAME":"Griqualand West","SUBJECTO":"Griqualand West","PARTOF":"Griqualand West","BORDERPRECISION":3}},{"type":"Feature","geometry":{"type":"Polygon","coordinates":[[[27.964,-18.392],[26.424,-18.597],[25.603,-19.675],[25.757,-20.291],[26.783,-20.599],[27.964,-19.829],[28.99,-19.47],[29.196,-18.854],[27.964,-18.392]]]},"properties":{"NAME":"Ndebele","SUBJECTO":"Ndebele","PARTOF":"Ndebele","BORDERPRECISION":3}},{"type":"Feature","geometry":{"type":"Polygon","coordinates":[[[27.502,-22.241],[27.04,-21.471],[25.397,-22.087],[25.089,-22.549],[25.859,-23.268],[27.502,-22.241]]]},"properties":{"NAME":"Ngwato","SUBJECTO":"Ngwato","PARTOF":"Ngwato","BORDERPRECISION":3}},{"type":"Feature","geometry":{"type":"Polygon","coordinates":[[[27.476,-16.879],[27.88,-16.016],[28.035,-14.963],[27.632,-14.405],[26.563,-14.002],[25.37,-13.863],[23.914,-14.297],[23.093,-15.458],[23.217,-16.806],[24.112,-17.645],[24.903,-17.814],[26.416,-17.615],[27.476,-16.879]]]},"properties":{"NAME":"Lozi","SUBJECTO":"Lozi","PARTOF":"Lozi","BORDERPRECISION":3}},{"type":"Feature","geometry":{"type":"Polygon","coordinates":[[[40.524,-10.55],[39.658,-9.796],[39.27,-7.801],[39.566,-7.044],[38.922,-6.34],[39.267,-4.776],[40.234,-3.192],[42.44,-0.512],[43.333,0.405],[41.65,1.201],[40.911,0.019],[39.877,0.019],[39.951,-1.015],[37.735,-2.345],[37.661,-3.379],[38.252,-3.896],[37.957,-4.856],[37.957,-6.777],[36.184,-7.442],[36.036,-8.55],[38.326,-9.067],[39.065,-11.209],[40.524,-10.55]]]},"properties":{"NAME":"Sultinate of Zanzibar","SUBJECTO":"Sultinate of Zanzibar","PARTOF":"Sultinate of Zanzibar","BORDERPRECISION":3}},{"type":"Feature","geometry":{"type":"Polygon","coordinates":[[[33.812,-15.728],[34.144,-14.781],[33.674,-13.465],[32.499,-12.525],[31.747,-12.76],[30.666,-13.606],[29.961,-14.875],[30.196,-16.097],[30.948,-16.708],[32.358,-16.802],[33.086,-16.401],[32.891,-15.363],[33.812,-15.728]]]},"properties":{"NAME":"Shona","SUBJECTO":"Shona","PARTOF":"Shona","BORDERPRECISION":3}},{"type":"Feature","geometry":{"type":"Polygon","coordinates":[[[24.368,-13.653],[25.496,-13.042],[26.06,-11.867],[25.026,-10.833],[24.227,-10.88],[22.911,-11.491],[22.441,-12.102],[22.629,-13.559],[23.663,-13.841],[24.368,-13.653]]]},"properties":{"NAME":"Barotse","SUBJECTO":"Barotse","PARTOF":"Barotse","BORDERPRECISION":3}},{"type":"Feature","geometry":{"type":"Polygon","coordinates":[[[32.875,1.527],[33.345,1.903],[32.687,2.655],[31.371,2.326],[30.243,0.869],[30.008,-0.165],[30.901,-0.447],[31.653,0.728],[32.875,1.527]]]},"properties":{"NAME":"Bunyoro","SUBJECTO":"Bunyoro","PARTOF":"Bunyoro","BORDERPRECISION":3}},{"type":"Feature","geometry":{"type":"Polygon","coordinates":[[[30.901,-0.447],[30.817,-1.108],[31.136,-1.481],[32.101,-1.465],[33.324,-0.113],[32.875,1.527],[31.653,0.728],[30.901,-0.447]]]},"properties":{"NAME":"Buganda","SUBJECTO":"Buganda","PARTOF":"Buganda","BORDERPRECISION":3}},{"type":"Feature","geometry":{"type":"Polygon","coordinates":[[[26.78,-11.818],[27.191,-12.347],[28.719,-12.64],[29.188,-11.935],[30.657,-11.524],[31.303,-10.937],[31.127,-9.233],[29.012,-8.176],[27.426,-8.293],[26.721,-10.819],[26.78,-11.818]]]},"properties":{"NAME":"Yeke","SUBJECTO":"Yeke","PARTOF":"Yeke","BORDERPRECISION":3}},{"type":"Feature","geometry":{"type":"Polygon","coordinates":[[[29.423,-4.474],[29.541,-6.413],[30.305,-7.118],[31.068,-8.587],[32.302,-8.293],[33.183,-7.412],[34.182,-5.414],[33.007,-5.062],[31.068,-4.239],[30.657,-3.711],[30.246,-4.298],[29.423,-4.474]]]},"properties":{"NAME":"Mirambo Unyanyembe Ukimbu","SUBJECTO":"Mirambo Unyanyembe Ukimbu","PARTOF":"Mirambo Unyanyembe Ukimbu","BORDERPRECISION":3}},{"type":"Feature","geometry":{"type":"Polygon","coordinates":[[[30.657,-3.711],[30.187,-3.006],[29.306,-3.887],[29.423,-4.474],[30.246,-4.298],[30.657,-3.711]]]},"properties":{"NAME":"Burundi","SUBJECTO":"Burundi","PARTOF":"Burundi","BORDERPRECISION":3}},{"type":"Feature","geometry":{"type":"Polygon","coordinates":[[[32.831,-3.006],[31.186,-3.123],[31.303,-4.063],[32.655,-4.416],[33.771,-3.769],[33.712,-3.241],[32.831,-3.006]]]},"properties":{"NAME":"Nguni","SUBJECTO":"Nguni","PARTOF":"Nguni","BORDERPRECISION":3}},{"type":"Feature","geometry":{"type":"Polygon","coordinates":[[[30.817,-1.108],[30.128,-1.243],[29.482,-1.889],[29.658,-2.536],[30.422,-2.712],[31.068,-2.359],[31.136,-1.481],[30.817,-1.108]]]},"properties":{"NAME":"Rwanda","SUBJECTO":"Rwanda","PARTOF":"Rwanda","BORDERPRECISION":3}},{"type":"Feature","geometry":{"type":"Polygon","coordinates":[[[27.661,-6.354],[28.836,-6.354],[28.719,-5.297],[28.131,-4.474],[29.012,-3.652],[28.777,-3.006],[27.309,-2.653],[27.25,-1.067],[26.369,0.284],[25.899,0.343],[23.255,-0.715],[22.785,-1.361],[23.666,-2.183],[24.724,-3.828],[24.579,-5.246],[25.252,-6.178],[26.251,-6.531],[27.661,-6.354]]]},"properties":{"NAME":"Sultanate of Utetera","SUBJECTO":"Sultanate of Utetera","PARTOF":"Sultanate of Utetera","BORDERPRECISION":3}},{"type":"Feature","geometry":{"type":"Polygon","coordinates":[[[25.252,-6.178],[24.489,-6.824],[24.312,-7.471],[24.665,-8.469],[25.487,-8.646],[27.132,-8.293],[27.661,-6.942],[27.661,-6.354],[26.251,-6.531],[25.252,-6.178]]]},"properties":{"NAME":"Lunda","SUBJECTO":"Lunda","PARTOF":"Lunda","BORDERPRECISION":3}},{"type":"Feature","geometry":{"type":"Polygon","coordinates":[[[24.579,-5.246],[23.842,-5.532],[23.607,-6.413],[24.489,-6.824],[25.252,-6.178],[24.579,-5.246]]]},"properties":{"NAME":"Luba","SUBJECTO":"Luba","PARTOF":"Luba","BORDERPRECISION":3}},{"type":"Feature","geometry":{"type":"Polygon","coordinates":[[[22.726,-4.768],[22.315,-3.828],[21.375,-3.652],[20.905,-4.122],[20.729,-5.532],[21.199,-6.707],[22.256,-6.589],[22.785,-5.356],[22.726,-4.768]]]},"properties":{"NAME":"Kuba","SUBJECTO":"Kuba","PARTOF":"Kuba","BORDERPRECISION":3}},{"type":"Feature","geometry":{"type":"Polygon","coordinates":[[[12.301,-14.56],[14.42,-12.66],[14.678,-11.759],[14.368,-9.638],[14.325,-8.234],[14.09,-7.706],[13.023,-7.605],[13.477,-8.416],[13.204,-9.637],[13.816,-10.976],[13.649,-12.197],[12.585,-13.464],[12.301,-14.56]]]},"properties":{"NAME":"Angola (Portugal)","SUBJECTO":"Portugal","PARTOF":"Portugal","BORDERPRECISION":3}},{"type":"Feature","geometry":{"type":"Polygon","coordinates":[[[14.42,-12.66],[15.206,-12.64],[16.146,-13.052],[16.205,-10.878],[16.088,-9.82],[14.368,-9.638],[14.678,-11.759],[14.42,-12.66]]]},"properties":{"NAME":"Ovimbundu","SUBJECTO":"Ovimbundu","PARTOF":"Ovimbundu","BORDERPRECISION":3}},{"type":"Feature","geometry":{"type":"Polygon","coordinates":[[[14.368,-9.638],[16.088,-9.82],[16.91,-9.938],[17.615,-9.292],[16.91,-8.058],[15.557,-7.735],[14.971,-7.706],[14.09,-7.706],[14.325,-8.234],[14.368,-9.638]]]},"properties":{"NAME":"Mbailundu","SUBJECTO":"Mbailundu","PARTOF":"Mbailundu","BORDERPRECISION":3}},{"type":"Feature","geometry":{"type":"Polygon","coordinates":[[[14.09,-7.706],[14.971,-7.706],[14.568,-6.283],[14.032,-5.121],[13.419,-4.555],[12.563,-4.298],[11.851,-4.71],[12.372,-6.258],[13.023,-7.605],[14.09,-7.706]]]},"properties":{"NAME":"Congo","SUBJECTO":"France","PARTOF":"Congo","BORDERPRECISION":3}},{"type":"Feature","geometry":{"type":"Polygon","coordinates":[[[14.568,-6.283],[15.383,-5.767],[16.029,-4.768],[16.352,-4.445],[16.675,-4.122],[15.97,-3.085],[15.089,-2.888],[14.384,-3.182],[13.419,-4.555],[14.032,-5.121],[14.568,-6.283]]]},"properties":{"NAME":"Teke","SUBJECTO":"Teke","PARTOF":"Teke","BORDERPRECISION":3}},{"type":"Feature","geometry":{"type":"Polygon","coordinates":[[[15.557,-7.735],[16.029,-4.768],[15.383,-5.767],[14.568,-6.283],[14.971,-7.706],[15.557,-7.735]]]},"properties":{"NAME":null,"SUBJECTO":null,"PARTOF":null,"BORDERPRECISION":3}},{"type":"Feature","geometry":{"type":"Polygon","coordinates":[[[16.91,-8.058],[17.556,-7.706],[17.439,-7.118],[18.085,-5.826],[17.733,-5.121],[16.352,-4.445],[16.029,-4.768],[15.557,-7.735],[16.91,-8.058]]]},"properties":{"NAME":"Yaka","SUBJECTO":"Yaka","PARTOF":"Yaka","BORDERPRECISION":3}},{"type":"Feature","geometry":{"type":"Polygon","coordinates":[[[54.983,17.015],[55.561,17.937],[56.258,17.977],[56.739,18.689],[57.839,19.035],[57.806,20.172],[58.512,20.421],[59.837,22.279],[58.628,23.458],[57.146,23.982],[56.405,24.82],[56.282,25.462],[56.007,25.138],[56.126,24.096],[57.73,22.727],[58.384,21.976],[57.44,21.007],[56.426,19.627],[56.132,18.893],[54.883,18.158],[54.983,17.015]]]},"properties":{"NAME":"Oman","SUBJECTO":"Oman","PARTOF":"Oman","BORDERPRECISION":3}},{"type":"Feature","geometry":{"type":"Polygon","coordinates":[[[56.126,24.096],[54.957,23.446],[51.505,23.372],[50.775,24.154],[49.704,24.41],[49.395,26.078],[48.469,26.695],[47.439,28.829],[46.905,29.438],[44.083,30.337],[40.029,34.391],[38.036,34.597],[37.212,33.566],[36.525,31.162],[36.593,29.787],[37.644,27.356],[39.756,25.428],[40.857,24.988],[41.07,22.263],[41.812,21.713],[41.923,20.767],[45.557,17.204],[45.704,16.176],[45.263,13.826],[45.411,13.09],[46.601,13.401],[48.036,14.045],[48.96,14.219],[49.334,14.633],[51.313,15.247],[52.135,15.687],[52.894,16.61],[54.084,17.019],[54.983,17.015],[54.883,18.158],[56.132,18.893],[56.426,19.627],[57.44,21.007],[58.384,21.976],[57.73,22.727],[56.126,24.096]]]},"properties":{"NAME":"Arabia","SUBJECTO":"Arabia","PARTOF":"Arabia","BORDERPRECISION":3}},{"type":"Feature","geometry":{"type":"Polygon","coordinates":[[[56.282,25.462],[55.457,25.42],[54.347,24.154],[53.687,23.987],[51.291,24.281],[50.968,24.436],[50.775,24.154],[51.505,23.372],[54.957,23.446],[56.126,24.096],[56.007,25.138],[56.282,25.462]]]},"properties":{"NAME":"Trucial Oman","SUBJECTO":"Trucial Oman","PARTOF":"Trucial Oman","BORDERPRECISION":3}},{"type":"Feature","geometry":{"type":"Polygon","coordinates":[[[51.291,24.281],[51.559,24.816],[51.506,25.845],[50.847,25.265],[50.968,24.436],[51.291,24.281]]]},"properties":{"NAME":"Qatar","SUBJECTO":"Qatar","PARTOF":"Qatar","BORDERPRECISION":3}},{"type":"Feature","geometry":{"type":"Polygon","coordinates":[[[-1.234,31.989],[1.366,30.949],[4.81,33.263],[6.747,33.048],[8.33,32.649],[7.73,33.195],[7.581,34.041],[8.291,34.77],[8.272,36.323],[8.637,36.885],[7.913,36.775],[6.323,37.091],[5.144,36.668],[3.741,36.837],[3.324,36.651],[1.058,36.462],[-1.147,35.629],[-2.193,35.054],[-1.738,34.605],[-1.681,33.258],[-1.081,32.454],[-1.234,31.989]]]},"properties":{"NAME":"Algeria (FR)","SUBJECTO":"France","PARTOF":"Algeria","BORDERPRECISION":3}},{"type":"Feature","geometry":{"type":"Polygon","coordinates":[[[12.497,12.219],[16.488,12.007],[17.725,14.59],[17.725,15.989],[17.295,16.688],[17.187,18.249],[15.573,18.572],[15.196,17.28],[13.905,15.935],[13.403,15.81],[12.183,15.505],[11.598,14.065],[12.497,12.219]]]},"properties":{"NAME":"Kanem-Bornu","SUBJECTO":"Kanem-Bornu","PARTOF":"Kanem-Bornu","BORDERPRECISION":3}},{"type":"Feature","geometry":{"type":"Polygon","coordinates":[[[6.027,8.193],[3.463,8.34],[2.877,7.754],[3.244,7.314],[5.514,6.875],[6.173,7.388],[6.027,8.193]]]},"properties":{"NAME":"Ibadan","SUBJECTO":"Ibadan","PARTOF":"Ibadan","BORDERPRECISION":3}},{"type":"Feature","geometry":{"type":"Polygon","coordinates":[[[5.419,4.956],[6.1,5.191],[6.1,5.85],[5.221,6.289],[4.634,6.212],[5.448,5.477],[5.419,4.956]]]},"properties":{"NAME":"Benin","SUBJECTO":"Benin","PARTOF":"Benin","BORDERPRECISION":3}},{"type":"Feature","geometry":{"type":"Polygon","coordinates":[[[2.832,6.351],[4.072,6.44],[3.317,7.095],[2.832,6.351]]]},"properties":{"NAME":"Lagos","SUBJECTO":"Lagos","PARTOF":"Lagos","BORDERPRECISION":3}},{"type":"Feature","geometry":{"type":"Polygon","coordinates":[[[2.713,6.346],[2.193,6.766],[2.174,6.29],[2.713,6.346]]]},"properties":{"NAME":"Cotonou","SUBJECTO":"Cotonou","PARTOF":"Cotonou","BORDERPRECISION":3}},{"type":"Feature","geometry":{"type":"Polygon","coordinates":[[[-0.119,5.573],[-0.77,6.241],[-1.857,5.903],[-2.717,5.04],[-2.031,4.698],[-0.119,5.573]]]},"properties":{"NAME":"Gold Coast (GB)","SUBJECTO":"Great Britain","PARTOF":"Gold Coast (GB)","BORDERPRECISION":3}},{"type":"Feature","geometry":{"type":"Polygon","coordinates":[[[-5.239,5.193],[-3.091,5.16],[-3.32,5.828],[-4.294,6.203],[-4.744,6.053],[-5.239,5.193]]]},"properties":{"NAME":"Ivory Coast","SUBJECTO":"Ivory Coast","PARTOF":"Ivory Coast","BORDERPRECISION":3}},{"type":"Feature","geometry":{"type":"Polygon","coordinates":[[[-0.119,5.573],[0.803,5.715],[0.243,6.878],[-0.995,7.478],[-1.818,7.291],[-2.307,7.291],[-2.501,6.468],[-2.804,5.186],[-2.717,5.04],[-1.857,5.903],[-0.77,6.241],[-0.119,5.573]]]},"properties":{"NAME":"Asante","SUBJECTO":"Asante","PARTOF":"Asante","BORDERPRECISION":3}},{"type":"Feature","geometry":{"type":"Polygon","coordinates":[[[-12.31,7.645],[-11.569,8.528],[-11.381,9.54],[-12.244,9.84],[-13.178,9.092],[-13.212,8.347],[-12.31,7.645]]]},"properties":{"NAME":"Sierra Leone","SUBJECTO":"Sierra Leone","PARTOF":"Sierra Leone","BORDERPRECISION":3}},{"type":"Feature","geometry":{"type":"Polygon","coordinates":[[[-12.31,7.645],[-12.264,7.351],[-9.779,5.707],[-9.544,6.391],[-10.069,7.591],[-10.894,7.628],[-10.894,8.341],[-11.569,8.528],[-12.31,7.645]]]},"properties":{"NAME":"Liberia","SUBJECTO":"Liberia","PARTOF":"Liberia","BORDERPRECISION":3}},{"type":"Feature","geometry":{"type":"Polygon","coordinates":[[[-16.767,13.36],[-15.453,13.327],[-15.919,13.778],[-16.471,13.723],[-16.767,13.36]]]},"properties":{"NAME":"Gambia","SUBJECTO":"Gambia","PARTOF":"Gambia","BORDERPRECISION":3}},{"type":"Feature","geometry":{"type":"Polygon","coordinates":[[[-16.767,13.36],[-16.425,12.248],[-15.994,12.275],[-15.453,13.327],[-16.767,13.36]]]},"properties":{"NAME":"Portuguese Guinea","SUBJECTO":"Portuguese Guinea","PARTOF":"Portuguese Guinea","BORDERPRECISION":3}},{"type":"Feature","geometry":{"type":"Polygon","coordinates":[[[-15.919,13.778],[-16.024,14.168],[-15.904,15.4],[-15.333,15.55],[-12.779,13.837],[-12.088,14.108],[-12.088,14.827],[-12.323,15.612],[-12.719,16.001],[-16.125,17.301],[-17.05,14.586],[-16.471,13.723],[-15.919,13.778]]]},"properties":{"NAME":"Senegal (FR)","SUBJECTO":"France","PARTOF":"Senegal (FR)","BORDERPRECISION":3}},{"type":"Feature","geometry":{"type":"Polygon","coordinates":[[[-16.024,14.168],[-15.092,14.198],[-13.62,12.966],[-13.109,12.996],[-12.779,13.837],[-15.333,15.55],[-15.904,15.4],[-16.024,14.168]]]},"properties":{"NAME":"Futa Toro","SUBJECTO":"Futa Toro","PARTOF":"Futa Toro","BORDERPRECISION":3}},{"type":"Feature","geometry":{"type":"Polygon","coordinates":[[[-1.191,8.771],[-0.095,8.376],[1.22,8.658],[0.984,10.616],[-0.012,11.28],[1.36,13.024],[0.14,13.963],[-1.034,14.526],[-2.912,13.869],[-2.442,13.165],[-3.085,12.446],[-3.053,11.897],[-2.348,11.616],[-1.691,10.724],[-1.879,8.799],[-1.191,8.771]]]},"properties":{"NAME":"Mossi States","SUBJECTO":"Mossi States","PARTOF":"Mossi States","BORDERPRECISION":3}},{"type":"Feature","geometry":{"type":"Polygon","coordinates":[[[-14.414,12.696],[-14.507,11.616],[-13.146,10.677],[-12.254,10.63],[-12.301,11.569],[-13.146,12.367],[-14.414,12.696]]]},"properties":{"NAME":"Futa Jalon","SUBJECTO":"Futa Jalon","PARTOF":"Futa Jalon","BORDERPRECISION":3}},{"type":"Feature","geometry":{"type":"Polygon","coordinates":[[[7.088,6.733],[6.478,6.499],[6.478,5.466],[7.698,5.794],[7.604,6.499],[7.088,6.733]]]},"properties":{"NAME":"Ato trading confederacy","SUBJECTO":"Ato trading confederacy","PARTOF":"Ato trading confederacy","BORDERPRECISION":3}},{"type":"Feature","geometry":{"type":"Polygon","coordinates":[[[9.37,1.171],[10.468,1.1],[10.984,1.992],[9.894,2.138],[9.37,1.171]]]},"properties":{"NAME":"Spanish Guinea","SUBJECTO":"Spanish Guinea","PARTOF":"Spanish Guinea","BORDERPRECISION":3}},{"type":"Feature","geometry":{"type":"Polygon","coordinates":[[[9.229,-1.388],[10.703,-0.59],[10.186,0.771],[9.629,0.89],[9.203,-0.634],[9.229,-1.388]]]},"properties":{"NAME":"Gabon","SUBJECTO":"Gabon","PARTOF":"Gabon","BORDERPRECISION":3}},{"type":"Feature","geometry":{"type":"Polygon","coordinates":[[[39.481,14.62],[37.65,14.48],[36.899,13.447],[35.115,12.789],[34.692,11.944],[35.115,11.475],[35.397,10.067],[35.725,9.926],[35.96,7.485],[36.57,7.297],[37.791,8.517],[38.495,10.16],[38.73,11.944],[41.171,12.508],[41.218,13.071],[40.232,13.494],[39.796,15.089],[39.481,14.62]]]},"properties":{"NAME":"Ethiopia","SUBJECTO":"Ethiopia","PARTOF":"Ethiopia","BORDERPRECISION":3}},{"type":"Feature","geometry":{"type":"Polygon","coordinates":[[[49.647,11.329],[47.391,11.159],[46.677,10.7],[45.909,10.832],[44.281,10.396],[43.368,11.456],[41.952,8.893],[43.008,8.834],[44.123,9.538],[45.355,9.773],[46.529,9.48],[47.409,9.656],[48.876,9.597],[49.639,9.891],[49.647,11.329]]]},"properties":{"NAME":"Harer (Egypt)","SUBJECTO":"Harer (Egypt)","PARTOF":"Harer (Egypt)","BORDERPRECISION":3}},{"type":"Feature","geometry":{"type":"Polygon","coordinates":[[[-54.58,-25.743],[-54.219,-24.121],[-55.349,-23.779],[-55.623,-22.446],[-56.379,-22.139],[-57.806,-22.154],[-62.61,-22.157],[-61.24,-23.616],[-59.811,-24.217],[-57.71,-25.336],[-58.277,-26.381],[-58.072,-27.193],[-55.732,-27.452],[-54.817,-26.558],[-54.58,-25.743]]]},"properties":{"NAME":"Paraguay","SUBJECTO":"Paraguay","PARTOF":"Paraguay","BORDERPRECISION":3}},{"type":"Feature","geometry":{"type":"Polygon","coordinates":[[[-62.61,-22.157],[-57.806,-22.154],[-57.752,-20.686],[-58.138,-19.812],[-57.777,-19.168],[-57.596,-18.043],[-58.402,-17.133],[-58.333,-16.37],[-60.032,-16.329],[-60.213,-15.853],[-60.363,-13.904],[-61.627,-13.625],[-62.079,-13.101],[-63.605,-12.512],[-64.261,-12.472],[-65.273,-11.366],[-65.309,-9.816],[-66.474,-9.915],[-72.916,-9.041],[-73.121,-9.405],[-70.22,-12.178],[-69.626,-13.431],[-68.968,-13.529],[-68.836,-14.17],[-69.245,-14.738],[-69.291,-15.856],[-69.012,-16.617],[-69.52,-17.191],[-68.433,-19.459],[-68.64,-20.445],[-67.939,-22.059],[-69.055,-22.352],[-70.201,-22.217],[-70.573,-23.166],[-70.398,-25.249],[-70.683,-25.77],[-70.849,-27.281],[-70.291,-26.802],[-69.467,-26.884],[-69.22,-26.06],[-68.48,-25.939],[-68.393,-24.604],[-67.258,-24.083],[-67.189,-22.984],[-66.146,-21.923],[-64.756,-22.163],[-64.249,-22.878],[-63.784,-22.074],[-62.61,-22.157]]]},"properties":{"NAME":"Bolivia","SUBJECTO":"Bolivia","PARTOF":"Bolivia","BORDERPRECISION":3}},{"type":"Feature","geometry":{"type":"Polygon","coordinates":[[[61.221,35.582],[61.014,36.637],[60.346,36.607],[59.24,37.448],[58.095,37.728],[57.225,38.188],[55.356,38.038],[54.015,37.348],[53.8,36.679],[51.796,36.432],[50.561,36.686],[50.039,37.225],[48.837,37.511],[48.825,38.31],[49.275,39.017],[49.807,40.581],[47.565,43.008],[47.493,43.583],[47.249,42.785],[48.224,41.471],[47.988,41.219],[46.042,42.049],[44.978,42.772],[43.957,42.591],[42.878,41.546],[43.847,40.75],[44.205,37.867],[45.388,35.926],[46.211,35.784],[46.184,35.058],[45.671,34.617],[45.506,33.797],[47.793,31.797],[47.689,30.882],[48.554,29.995],[50.132,30.066],[50.705,29.401],[51.35,28.036],[52.41,27.581],[52.891,27.052],[54.646,26.391],[55.9,27.105],[56.79,26.974],[57.255,25.793],[59.031,25.308],[60.48,25.298],[61.57,25.04],[61.673,25.628],[61.813,25.984],[63.241,26.666],[62.487,28.306],[61.972,28.481],[61.659,28.657],[61.501,28.865],[60.82,29.833],[61.779,30.905],[60.794,31.579],[60.54,32.993],[60.853,33.484],[60.787,34.385],[61.221,35.582]]]},"properties":{"NAME":"Persia","SUBJECTO":"Persia","PARTOF":"Persia","BORDERPRECISION":3}},{"type":"Feature","geometry":{"type":"Polygon","coordinates":[[[74.733,37.209],[75.01,37.466],[74.58,38.59],[73.712,38.719],[73.885,39.88],[72.849,40.606],[72.241,39.912],[72.067,39.13],[72.714,37.186],[74.137,37.37],[74.733,37.209]]]},"properties":{"NAME":"central Asian khanates","SUBJECTO":"central Asian khanates","PARTOF":"central Asian khanates","BORDERPRECISION":3}},{"type":"Feature","geometry":{"type":"MultiPolygon","coordinates":[[[[10.142,54.337],[10.216,56.85],[9.37,56.882],[8.675,56.358],[8.319,55.481],[8.884,54.229],[10.142,54.337]]],[[[8.359,57.023],[10.257,57.006],[9.849,57.582],[9.302,57.166],[8.359,57.023]]],[[[11.907,55.021],[12.43,55.245],[12.444,55.968],[11.568,55.885],[11.907,55.021]]]]},"properties":{"NAME":"Denmark","SUBJECTO":"Denmark","PARTOF":"Denmark","BORDERPRECISION":3}},{"type":"Feature","geometry":{"type":"MultiPolygon","coordinates":[[[[19.562,79.768],[21.971,79.783],[20.998,79.191],[23.821,79.147],[25.337,79.403],[25.034,80.167],[24.421,80.437],[23.498,80.097],[23.216,80.611],[22.198,80.123],[20.524,80.322],[19.915,80.633],[19.562,79.768]]],[[[14.159,79.364],[13.252,79.801],[12.157,79.315],[12.075,78.696],[13.618,78.269],[15.084,78.781],[16.418,77.901],[15.099,77.115],[16.663,76.727],[17.267,76.813],[17.829,77.489],[18.389,77.542],[19.116,78.455],[20.321,78.685],[17.834,79.809],[16.326,80.025],[15.774,79.242],[14.81,79.804],[14.159,79.364]]],[[[31.054,69.64],[29.729,69.698],[30.462,70.537],[28.211,71.018],[27.516,70.97],[26.617,70.392],[26.263,70.791],[25.389,70.905],[23.827,70.479],[23.204,69.943],[22.306,70.216],[20.158,69.748],[19.58,69.181],[18.319,69.359],[18.097,69.058],[13.747,66.922],[13.169,66.458],[12.112,65.13],[11.407,64.617],[10.066,64.056],[9.216,63.284],[7.088,62.91],[5.149,61.741],[5.096,60.264],[5.646,59.586],[5.615,58.455],[6.959,57.972],[8.154,58.09],[9.698,58.999],[11.112,59.165],[11.221,58.308],[12.289,56.88],[12.414,56.243],[13.302,55.301],[14.117,55.347],[14.653,56.121],[15.771,56.033],[16.659,57.443],[16.744,58.312],[17.94,58.908],[19.037,59.863],[17.146,60.953],[17.065,61.538],[18.487,62.981],[20.701,63.818],[20.921,64.714],[22.646,65.935],[23.948,65.797],[23.868,66.817],[23.488,67.834],[22.46,68.694],[24.082,68.717],[24.801,68.429],[25.625,68.807],[26.507,69.812],[27.909,69.888],[29.924,69.355],[31.054,69.64]]]]},"properties":{"NAME":"Sweden–Norway","SUBJECTO":"Sweden–Norway","PARTOF":"Sweden–Norway","BORDERPRECISION":3}},{"type":"Feature","geometry":{"type":"Polygon","coordinates":[[[26.163,48.941],[26.191,46.809],[24.942,45.965],[23.255,46.066],[22.478,45.729],[22.41,44.75],[22.694,44.263],[22.944,43.895],[24.62,43.944],[25.378,43.781],[26.573,44.213],[28.035,43.392],[28.51,43.743],[28.686,44.488],[29.711,45.258],[29.63,45.75],[30.433,46.176],[29.427,46.816],[28.908,47.818],[27.706,48.44],[26.163,48.941]]]},"properties":{"NAME":"Romania","SUBJECTO":"Romania","PARTOF":"Romania","BORDERPRECISION":3}},{"type":"Feature","geometry":{"type":"Polygon","coordinates":[[[22.694,44.263],[22.318,43.681],[22.338,42.665],[21.995,41.98],[21.316,41.866],[20.573,41.301],[21.392,40.319],[22.492,40.498],[22.701,40.577],[23.633,40.713],[25.019,41.017],[25.92,41.338],[28.104,41.593],[27.502,42.516],[28.035,43.392],[26.573,44.213],[25.378,43.781],[24.62,43.944],[22.944,43.895],[22.694,44.263]]]},"properties":{"NAME":"Bulgaria","SUBJECTO":"Bulgaria","PARTOF":"Bulgaria","BORDERPRECISION":3}},{"type":"Feature","geometry":{"type":"Polygon","coordinates":[[[22.41,44.75],[19.656,44.696],[19.353,44.891],[19.127,44.51],[19.509,43.575],[20.363,42.857],[21.09,42.47],[22.338,42.665],[22.318,43.681],[22.694,44.263],[22.41,44.75]]]},"properties":{"NAME":"Serbia","SUBJECTO":"Serbia","PARTOF":"Serbia","BORDERPRECISION":3}},{"type":"Feature","geometry":{"type":"Polygon","coordinates":[[[19.509,43.575],[18.562,43.64],[18.219,42.655],[18.514,42.362],[19.607,41.762],[19.656,42.244],[20.363,42.857],[19.509,43.575]]]},"properties":{"NAME":"Montenegro","SUBJECTO":"Montenegro","PARTOF":"Montenegro","BORDERPRECISION":3}},{"type":"Feature","geometry":{"type":"Polygon","coordinates":[[[19.353,44.891],[16.892,45.243],[15.757,44.786],[17.534,42.929],[18.514,42.362],[18.219,42.655],[18.562,43.64],[19.509,43.575],[19.127,44.51],[19.353,44.891]]]},"properties":{"NAME":"Bosnia-Herzegovina","SUBJECTO":"Bosnia-Herzegovina","PARTOF":"Bosnia-Herzegovina","BORDERPRECISION":3}},{"type":"Feature","geometry":{"type":"Polygon","coordinates":[[[22.338,42.665],[21.09,42.47],[20.363,42.857],[19.656,42.244],[19.607,41.762],[19.369,40.26],[20.029,39.814],[21.172,38.348],[21.228,37.905],[22.39,36.524],[22.887,37.047],[22.981,37.958],[23.556,38.352],[23.169,38.667],[22.723,38.793],[22.871,39.024],[22.72,39.287],[22.492,40.498],[21.392,40.319],[20.573,41.301],[21.316,41.866],[21.995,41.98],[22.338,42.665]]]},"properties":{"NAME":"Greece","SUBJECTO":"Greece","PARTOF":"Greece","BORDERPRECISION":3}},{"type":"Feature","geometry":{"type":"Polygon","coordinates":[[[-155.947,19.989],[-155.783,18.946],[-154.948,19.483],[-155.947,19.989]]]},"properties":{"NAME":"Kingdom of Hawaii","SUBJECTO":"Kingdom of Hawaii","PARTOF":"Kingdom of Hawaii","BORDERPRECISION":3}},{"type":"Feature","geometry":{"type":"MultiPolygon","coordinates":[[[[91.608,27.641],[92.546,27.92],[93.051,28.418],[94.572,29.201],[95.309,29.002],[95.929,29.38],[96.255,28.385],[98.009,28.091],[98.637,27.479],[98.734,26.343],[98.382,25.63],[97.524,24.8],[97.695,23.88],[98.769,24.09],[99.156,22.308],[99.755,22.127],[100.321,21.464],[101.753,21.472],[101.535,22.138],[101.968,22.534],[104.478,22.783],[105.313,23.296],[105.941,22.931],[107.098,21.649],[107.876,21.462],[109.516,21.597],[110.077,20.867],[111.086,21.479],[112.75,21.756],[113.717,22.482],[116.341,22.913],[118.813,24.849],[119.555,26.267],[120.352,27.177],[121.009,28.277],[121.359,28.386],[121.77,29.834],[121.391,29.922],[121.606,31.828],[120.661,32.543],[119.974,34.135],[119.021,34.692],[120.139,36.195],[121.61,36.834],[121.434,37.337],[120.658,37.736],[119.599,37.117],[118.955,37.077],[118.875,37.949],[117.589,38.284],[117.753,39.203],[118.978,39.224],[119.385,39.843],[120.273,40.152],[121.011,40.851],[122.108,40.354],[121.239,39.554],[122.027,39.256],[123.039,39.672],[124.134,39.843],[124.491,40.28],[125.879,40.945],[126.474,41.652],[127.423,41.356],[128.098,41.449],[128.756,42.061],[130.226,42.651],[131.14,43.227],[130.991,44.817],[131.74,45.259],[132.778,44.988],[133.385,45.649],[134.165,47.335],[134.112,48.249],[132.269,47.778],[130.925,47.732],[130.476,48.9],[127.516,49.874],[126.186,52.518],[125.509,53.157],[124.643,53.112],[123.353,53.51],[120.702,53.185],[120.746,52.007],[120.129,51.733],[119.182,50.702],[119.291,50.125],[117.491,49.586],[116.566,50.006],[115.734,49.864],[114.098,50.274],[112.524,49.462],[110.2,49.241],[109.424,49.296],[107.549,49.827],[106.323,50.417],[105.155,50.443],[103.681,50.166],[102.639,50.456],[102.117,51.361],[101.011,51.672],[97.61,52.148],[97.319,52.826],[95.866,53.796],[95.187,53.796],[93.567,52.349],[94.21,51.32],[93.323,50.621],[92.16,50.755],[90,50.307],[89.796,49.816],[87.152,49.177],[86.762,48.653],[85.609,48.1],[85.478,47.093],[84.336,47.054],[83.252,47.295],[82.44,45.735],[81.69,45.357],[80.237,45.123],[80.673,43.234],[80.211,42.808],[80.109,42],[78.871,41.679],[78.401,41.228],[77.128,41.125],[76.482,40.437],[75.592,40.624],[73.885,39.88],[73.712,38.719],[74.58,38.59],[75.01,37.466],[74.733,37.209],[74.521,37.005],[75.628,36.769],[75.89,36.023],[77.846,35.243],[78.509,34.498],[78.625,33.504],[79.447,33.2],[78.971,32.389],[79.109,31.459],[81.021,30.247],[81.656,30.455],[83.402,29.54],[85.144,28.342],[86.446,27.947],[88.197,27.876],[88.803,27.181],[89.366,27.876],[91.152,28.032],[91.608,27.641]]],[[[108.56,19.06],[108.652,18.482],[109.43,18.097],[110.263,18.626],[110.617,20.017],[109.55,19.914],[108.56,19.06]]]]},"properties":{"NAME":"Manchu Empire","SUBJECTO":"Manchu Empire","PARTOF":"Manchu Empire","BORDERPRECISION":3}},{"type":"Feature","geometry":{"type":"Polygon","coordinates":[[[50.108,-14.12],[49.387,-14.421],[47.202,-16.938],[47.478,-17.878],[46.317,-18.21],[46.483,-19.261],[45.874,-20.312],[46.144,-21.128],[45.662,-22.147],[45.917,-22.912],[47.642,-23.551],[49.342,-18.228],[49.425,-17.198],[50.503,-15.314],[50.108,-14.12]]]},"properties":{"NAME":"Imerina","SUBJECTO":"Imerina","PARTOF":"Imerina","BORDERPRECISION":3}},{"type":"Feature","geometry":{"type":"Polygon","coordinates":[[[50.108,-14.12],[49.817,-12.831],[49.176,-12.266],[48.751,-13.418],[48.224,-13.794],[46.925,-15.36],[45.434,-16.094],[44.454,-16.242],[43.972,-17.553],[44.47,-20.17],[43.501,-21.494],[43.376,-22.632],[43.827,-23.413],[43.671,-24.227],[44.425,-25.312],[45.576,-25.621],[46.855,-25.218],[47.258,-24.766],[47.642,-23.551],[45.917,-22.912],[45.662,-22.147],[46.144,-21.128],[45.874,-20.312],[46.483,-19.261],[46.317,-18.21],[47.478,-17.878],[47.202,-16.938],[49.387,-14.421],[50.108,-14.12]]]},"properties":{"NAME":"Madagascar","SUBJECTO":"Madagascar","PARTOF":"Madagascar","BORDERPRECISION":3}},{"type":"Feature","geometry":{"type":"Polygon","coordinates":[[[2.193,6.766],[2.422,7.851],[2.256,8.791],[1.427,8.68],[1.342,6.18],[2.174,6.29],[2.193,6.766]]]},"properties":{"NAME":"Dahomey","SUBJECTO":"Dahomey","PARTOF":"Dahomey","BORDERPRECISION":3}},{"type":"Feature","geometry":{"type":"Polygon","coordinates":[[[11.598,14.065],[11.106,16.15],[10.198,16.619],[9.438,17.011],[9.492,17.98],[7.824,18.733],[7.608,18.41],[6.371,18.626],[5.265,17.274],[4.918,16.85],[3.572,16.688],[2.426,15.322],[1.464,13.672],[2.367,13.382],[2.533,12.608],[4.801,10.948],[4.524,10.45],[4.69,9.289],[4.358,8.902],[6.027,8.193],[6.979,7.241],[8.517,7.534],[9.249,7.241],[9.615,7.827],[11.007,8.047],[11.812,8.999],[12.471,8.852],[13.057,10.244],[13.204,11.196],[12.497,12.219],[11.598,14.065]]]},"properties":{"NAME":"Sokoto Caliphate","SUBJECTO":"Sokoto Caliphate","PARTOF":"Sokoto Caliphate","BORDERPRECISION":3}},{"type":"Feature","geometry":{"type":"Polygon","coordinates":[[[1.464,13.672],[1.728,12.669],[0.763,11.501],[1.758,10.561],[1.537,8.957],[2.432,8.973],[4.69,9.289],[4.524,10.45],[4.801,10.948],[2.533,12.608],[2.367,13.382],[1.464,13.672]]]},"properties":{"NAME":"Borgu States","SUBJECTO":"Borgu States","PARTOF":"Borgu States","BORDERPRECISION":3}},{"type":"Feature","geometry":{"type":"Polygon","coordinates":[[[6.027,8.193],[4.358,8.902],[4.69,9.289],[2.432,8.973],[3.463,8.34],[6.027,8.193]]]},"properties":{"NAME":"Oyo","SUBJECTO":"Oyo","PARTOF":"Oyo","BORDERPRECISION":3}},{"type":"Feature","geometry":{"type":"Polygon","coordinates":[[[9.284,4.017],[9.336,5.251],[8.672,5.417],[8.263,4.746],[8.875,4.62],[9.284,4.017]]]},"properties":{"NAME":"Calabar","SUBJECTO":"Calabar","PARTOF":"Calabar","BORDERPRECISION":3}},{"type":"Feature","geometry":{"type":"Polygon","coordinates":[[[13.403,15.81],[11.799,17.136],[10.198,16.619],[11.106,16.15],[11.598,14.065],[12.183,15.505],[13.403,15.81]]]},"properties":{"NAME":"Sultanate of Damagaram","SUBJECTO":"Sultanate of Damagaram","PARTOF":"Sultanate of Damagaram","BORDERPRECISION":3}},{"type":"Feature","geometry":{"type":"Polygon","coordinates":[[[7.888,4.453],[7.787,4.864],[7.068,5.307],[7.046,4.508],[7.888,4.453]]]},"properties":{"NAME":"Opobo","SUBJECTO":"Opobo","PARTOF":"Opobo","BORDERPRECISION":3}},{"type":"Feature","geometry":{"type":"Polygon","coordinates":[[[22.87,38.837],[23.121,38.867],[23.638,38.523],[23.79,38.719],[23.242,39.044],[22.87,38.837]]]},"properties":{"NAME":null,"SUBJECTO":null,"PARTOF":null,"BORDERPRECISION":3}},{"type":"Feature","geometry":{"type":"Polygon","coordinates":[[[24.656,37.901],[25.318,37.402],[25.272,37.565],[24.763,38.003],[24.656,37.901]]]},"properties":{"NAME":null,"SUBJECTO":null,"PARTOF":null,"BORDERPRECISION":3}},{"type":"Feature","geometry":{"type":"Polygon","coordinates":[[[-61.687,17.024],[-61.794,17.163],[-61.887,17.033],[-61.687,17.024]]]},"properties":{"NAME":"Antigua and Barbuda","SUBJECTO":"Antigua and Barbuda","PARTOF":"Antigua and Barbuda","BORDERPRECISION":3}},{"type":"Feature","geometry":{"type":"Polygon","coordinates":[[[128.824,-24.935],[128.97,-14.923],[127.963,-14.703],[126.853,-13.784],[125.863,-14.695],[125.156,-14.805],[125.018,-15.644],[124.425,-15.658],[124.277,-16.523],[122.738,-16.583],[122.085,-17.398],[122.196,-18.244],[121.576,-18.703],[120.872,-19.677],[117.597,-20.758],[116.419,-20.837],[113.625,-22.566],[113.762,-23.481],[113.433,-24.874],[114.183,-26.017],[113.433,-26.572],[114.022,-27.626],[113.965,-28.033],[114.63,-28.903],[115.058,-30.804],[115.747,-32.208],[115.647,-33.365],[114.961,-33.869],[115.047,-34.422],[116.561,-35.189],[118.207,-35.09],[118.673,-34.606],[119.771,-34.12],[121.74,-33.963],[122.171,-34.179],[123.623,-33.915],[124.248,-33.144],[126.059,-32.434],[127.265,-32.381],[128.722,-31.917],[128.824,-24.935]]]},"properties":{"NAME":"Western Australia (UK)","SUBJECTO":"Western Australia (UK)","PARTOF":"Western Australia (UK)","BORDERPRECISION":3}},{"type":"Feature","geometry":{"type":"Polygon","coordinates":[[[141.056,-38.377],[141.904,-38.43],[143.464,-38.957],[144.97,-38.066],[145.934,-38.881],[146.821,-38.841],[148.037,-38.098],[148.753,-38.005],[148.211,-37.532],[148.398,-36.888],[147.714,-35.912],[144.729,-35.962],[143.143,-34.643],[142.086,-34.104],[141.019,-33.998],[141.056,-38.377]]]},"properties":{"NAME":"Victoria (UK)","SUBJECTO":"Victoria (UK)","PARTOF":"United Kingdom of Great Britain and Ireland","BORDERPRECISION":3}},{"type":"Feature","geometry":{"type":"Polygon","coordinates":[[[140.976,-28.859],[149.02,-28.884],[149.579,-28.42],[151.009,-28.557],[151.631,-29.02],[152.004,-28.393],[153.397,-28.132],[152.946,-27.341],[153.069,-26.228],[151.73,-24.157],[150.802,-23.6],[150.754,-22.812],[149.557,-22.433],[149.101,-21.06],[148.19,-20.172],[146.322,-19.082],[145.925,-18.257],[145.869,-17.195],[145.326,-16.49],[145.184,-15.048],[143.743,-14.466],[143.173,-12.121],[142.644,-11.093],[142.126,-11.157],[141.679,-12.468],[141.468,-14.757],[141.711,-15.227],[140.801,-17.562],[140.25,-17.798],[139.248,-17.432],[138.963,-16.994],[138.074,-16.696],[137.899,-24.935],[137.878,-25.919],[140.951,-25.869],[140.976,-28.859]]]},"properties":{"NAME":"Queensland (UK)","SUBJECTO":"Queensland (UK)","PARTOF":"Queensland (UK)","BORDERPRECISION":3}},{"type":"Feature","geometry":{"type":"Polygon","coordinates":[[[141.019,-33.998],[142.086,-34.104],[143.143,-34.643],[144.729,-35.962],[147.714,-35.912],[148.398,-36.888],[148.211,-37.532],[148.753,-38.005],[149.504,-37.929],[149.985,-37.347],[150.222,-35.694],[150.762,-35.253],[151.364,-33.521],[152.176,-32.877],[152.972,-31.418],[152.94,-30.699],[153.493,-28.841],[153.397,-28.132],[152.004,-28.393],[151.631,-29.02],[151.009,-28.557],[149.579,-28.42],[149.02,-28.884],[140.976,-28.859],[141.019,-33.998]]]},"properties":{"NAME":"New South Wales (UK)","SUBJECTO":"New South Wales (UK)","PARTOF":"New South Wales (UK)","BORDERPRECISION":3}},{"type":"Feature","geometry":{"type":"Polygon","coordinates":[[[137.899,-24.935],[138.074,-16.696],[136.687,-16.026],[135.388,-14.897],[135.881,-14.203],[135.831,-13.485],[136.469,-13.223],[136.664,-12.625],[135.445,-12.176],[134.94,-12.336],[133.559,-11.951],[132.929,-11.533],[132.398,-12.329],[131.183,-12.236],[130.463,-12.759],[130.274,-13.363],[128.97,-14.923],[128.824,-24.935],[137.899,-24.935]]]},"properties":{"NAME":"Northern Territory (UK)","SUBJECTO":"Northern Territory (UK)","PARTOF":"Northern Territory (UK)","BORDERPRECISION":3}},{"type":"Feature","geometry":{"type":"Polygon","coordinates":[[[-61.364,15.198],[-61.255,15.285],[-61.304,15.574],[-61.475,15.486],[-61.364,15.198]]]},"properties":{"NAME":"Dominica","SUBJECTO":"Dominica","PARTOF":"Dominica","BORDERPRECISION":3}},{"type":"Feature","geometry":{"type":"Polygon","coordinates":[[[-60.861,14.403],[-60.83,14.57],[-61.034,14.829],[-61.232,14.809],[-61.034,14.466],[-60.861,14.403]]]},"properties":{"NAME":"France","SUBJECTO":"France","PARTOF":"France","BORDERPRECISION":3}},{"type":"Feature","geometry":{"type":"Polygon","coordinates":[[[-62.171,16.671],[-62.138,16.693],[-62.176,16.809],[-62.237,16.712],[-62.171,16.671]]]},"properties":{"NAME":"Montserrat","SUBJECTO":"Montserrat","PARTOF":"Montserrat","BORDERPRECISION":3}},{"type":"Feature","geometry":{"type":"Polygon","coordinates":[[[-63.168,18.164],[-62.993,18.227],[-63.058,18.256],[-63.168,18.164]]]},"properties":{"NAME":"Anguilla","SUBJECTO":"Anguilla","PARTOF":"Anguilla","BORDERPRECISION":3}},{"type":"Feature","geometry":{"type":"Polygon","coordinates":[[[-62.702,17.337],[-62.813,17.409],[-62.864,17.371],[-62.778,17.292],[-62.702,17.337]]]},"properties":{"NAME":"Saint Kitts and Nevis","SUBJECTO":"Saint Kitts and Nevis","PARTOF":"Saint Kitts and Nevis","BORDERPRECISION":3}},{"type":"Feature","geometry":{"type":"Polygon","coordinates":[[[-64.762,17.774],[-64.871,17.775],[-64.889,17.687],[-64.739,17.708],[-64.762,17.774]]]},"properties":{"NAME":"United States Virgin Islands","SUBJECTO":"United States Virgin Islands","PARTOF":"United States Virgin Islands","BORDERPRECISION":3}},{"type":"Feature","geometry":{"type":"Polygon","coordinates":[[[-61.346,16.334],[-61.794,16.242],[-61.695,15.949],[-61.553,16.054],[-61.581,16.205],[-61.346,16.334]]]},"properties":{"NAME":"Guadeloupe","SUBJECTO":"Guadeloupe","PARTOF":"Guadeloupe","BORDERPRECISION":3}},{"type":"Feature","geometry":{"type":"Polygon","coordinates":[[[-68.966,12.199],[-69.078,12.349],[-69.158,12.311],[-69.062,12.188],[-68.832,12.049],[-68.824,12.16],[-68.966,12.199]]]},"properties":{"NAME":"Netherlands Antilles","SUBJECTO":"Netherlands Antilles","PARTOF":"Netherlands Antilles","BORDERPRECISION":3}},{"type":"Feature","geometry":{"type":"Polygon","coordinates":[[[-63.011,18.067],[-63.045,18.121],[-63.14,18.059],[-63.011,18.067]]]},"properties":{"NAME":"Saint Martin","SUBJECTO":"Saint Martin","PARTOF":"Saint Martin","BORDERPRECISION":3}},{"type":"Feature","geometry":{"type":"Polygon","coordinates":[[[-63.14,18.059],[-63.033,18.016],[-63.011,18.067],[-63.14,18.059]]]},"properties":{"NAME":"Saint Barthelemy","SUBJECTO":"Saint Barthelemy","PARTOF":"Saint Barthelemy","BORDERPRECISION":3}},{"type":"Feature","geometry":{"type":"Polygon","coordinates":[[[19.334,57.956],[19.105,57.975],[19.078,57.858],[19.238,57.947],[19.334,57.956]]]},"properties":{"NAME":null,"SUBJECTO":null,"PARTOF":null,"BORDERPRECISION":3}},{"type":"Feature","geometry":{"type":"Polygon","coordinates":[[[146.713,-43.722],[147.815,-42.965],[148.319,-41.806],[148.27,-41.093],[146.382,-41.308],[144.776,-40.843],[144.936,-41.71],[145.53,-42.345],[145.723,-43.24],[146.713,-43.722]]]},"properties":{"NAME":null,"SUBJECTO":null,"PARTOF":null,"BORDERPRECISION":3}},{"type":"Feature","geometry":{"type":"MultiPolygon","coordinates":[[[[-79.05,42.852],[-80.073,42.153],[-81.811,41.495],[-82.568,41.404],[-83.056,42.027],[-82.298,43.029],[-82.748,43.962],[-83.294,43.954],[-83.431,45.275],[-83.821,46.15],[-84.744,46.468],[-85.1,46.749],[-87.273,46.512],[-88.233,46.914],[-90.277,46.625],[-90.832,46.944],[-90.457,47.705],[-89.622,47.968],[-90,48.249],[-91.682,48.039],[-92.839,48.515],[-93.713,48.574],[-94.82,49.051],[-110.18,49.07],[-122.9,49.067],[-122.345,48.077],[-124.675,48.386],[-124.309,47.459],[-123.995,45.764],[-124.63,43.014],[-124.153,41.58],[-124.365,40.334],[-123.82,39.607],[-123.796,39.03],[-121.932,37.009],[-121.927,36.338],[-120.677,35.189],[-120.529,34.508],[-119.613,34.478],[-118.604,34.096],[-117.497,33.325],[-117.174,32.521],[-114.884,32.636],[-114.622,32.427],[-111.089,31.307],[-108.371,31.278],[-108.232,31.724],[-106.545,31.702],[-105.126,30.615],[-104.574,29.58],[-103.586,29.057],[-103.022,29.092],[-102.448,29.687],[-101.734,29.749],[-101.033,29.326],[-99.604,27.469],[-99.1,26.409],[-97.26,25.811],[-97.632,27.228],[-96.831,28.158],[-94.142,29.69],[-93.446,29.768],[-90,29.109],[-89.684,30.09],[-89.233,30.406],[-87.775,30.263],[-86.389,30.473],[-85.305,29.664],[-83.886,30.048],[-82.647,28.907],[-82.841,27.838],[-82.31,26.825],[-81.401,25.859],[-81.098,25.125],[-80.314,25.244],[-80.05,26.551],[-80.605,28.561],[-81.405,30.073],[-81.512,30.727],[-80.581,32.497],[-79.349,33.11],[-78.621,33.811],[-77.963,33.933],[-77.296,34.667],[-76.622,34.763],[-75.729,35.882],[-75.975,36.937],[-74.86,38.99],[-74.153,39.765],[-73.741,40.977],[-72.854,41.294],[-71.449,41.425],[-70.302,41.759],[-70.868,42.871],[-70.216,43.8],[-69.249,43.991],[-68.804,44.393],[-66.939,44.879],[-67.187,45.252],[-67.559,45.772],[-67.699,47.041],[-69.049,47.464],[-69.565,46.946],[-70.589,45.295],[-71.535,44.959],[-74.782,45.012],[-76.133,44.327],[-76.174,43.625],[-76.937,43.237],[-78.503,43.362],[-79.14,43.222],[-79.05,42.852]],[[-87.605,41.877],[-87.908,43.192],[-86.972,45.853],[-84.948,45.968],[-85.492,44.798],[-86.259,44.605],[-86.514,43.681],[-86.219,42.799],[-86.674,41.874],[-87.605,41.877]]],[[[-141.059,69.595],[-143.308,70.197],[-145.273,70.116],[-149.286,70.539],[-152.137,70.534],[-152.971,70.934],[-155.1,71.077],[-156.905,71.346],[-157.812,70.971],[-160.24,70.858],[-161.188,70.44],[-162.879,69.999],[-164.067,69.065],[-166.297,68.88],[-166.844,68.405],[-164.513,67.797],[-163.739,67.218],[-161.936,67.088],[-161.261,66.396],[-162.275,66.071],[-163.843,66.178],[-164.463,66.596],[-168.18,65.694],[-166.604,65.15],[-166.348,64.637],[-163.883,64.591],[-163.025,64.442],[-161.291,64.964],[-160.902,64.813],[-161.133,63.563],[-162.474,63.41],[-163.309,63.038],[-164.292,63.25],[-165.431,62.43],[-165.834,61.834],[-164.845,60.816],[-165.048,60.416],[-164.027,59.798],[-162.378,60.163],[-161.989,59.712],[-162.004,58.827],[-159.814,58.941],[-159.11,58.488],[-157.139,58.856],[-157.665,57.604],[-160.457,56.2],[-160.169,55.807],[-159.077,55.992],[-158.527,56.449],[-156.496,57.1],[-155.598,57.896],[-154.649,58.076],[-153.682,58.642],[-153.71,59.644],[-152.878,60.279],[-150.781,61.292],[-151.783,59.995],[-151.388,59.213],[-149.326,60.027],[-148.494,59.904],[-148.493,61.064],[-147.94,61.206],[-145.998,60.662],[-145.003,60.552],[-144.406,60.093],[-141.439,60.091],[-140.905,59.786],[-139.573,59.9],[-139.2,59.277],[-138.446,59.162],[-137.085,58.447],[-134.83,58.561],[-134.123,58.239],[-133.341,57.377],[-131.767,56.01],[-131.191,56.035],[-130.695,55.465],[-130.003,55.289],[-130.287,56.107],[-131.725,56.605],[-133.503,58.424],[-135.258,59.67],[-135.855,59.646],[-137.223,58.882],[-138.621,59.778],[-139.005,60.258],[-140.895,60.389],[-140.916,64.768],[-141.059,69.595]]]]},"properties":{"NAME":"United States of America","SUBJECTO":"United States of America","PARTOF":"United States of America","BORDERPRECISION":3}},{"type":"Feature","geometry":{"type":"MultiPolygon","coordinates":[[[[7.397,43.764],[8.897,44.437],[9.909,44.11],[10.743,42.851],[12.642,41.531],[13.797,41.193],[15.666,40.092],[16.522,38.725],[17.149,39.422],[16.532,39.698],[17.084,40.525],[15.991,41.406],[16.013,41.904],[14.922,41.972],[14.093,42.61],[13.601,43.535],[12.345,44.301],[12.251,45.29],[13.564,45.726],[13.569,46.51],[12.362,46.709],[10.795,45.638],[10.396,46.887],[8.891,45.866],[8.382,46.284],[7.79,45.927],[6.807,46.394],[6.384,46.342],[5.941,46.176],[5.935,45.322],[6.943,44.869],[6.972,44.062],[7.397,43.764]]],[[[13.012,37.525],[15.027,36.745],[15.387,38.206],[13.81,37.966],[13.012,37.525]]],[[[8.374,39.308],[9.479,39.144],[9.794,40.564],[9.306,41.184],[8.241,40.855],[8.508,39.946],[8.374,39.308]]]]},"properties":{"NAME":"Italy","SUBJECTO":"Italy","PARTOF":"Italy","BORDERPRECISION":3}},{"type":"Feature","geometry":{"type":"Polygon","coordinates":[[[14.466,44.809],[14.464,44.982],[14.316,44.887],[14.466,44.809]]]},"properties":{"NAME":null,"SUBJECTO":null,"PARTOF":null,"BORDERPRECISION":3}},{"type":"Feature","geometry":{"type":"Polygon","coordinates":[[[-82.957,8.047],[-82.384,8.321],[-80.814,7.27],[-79.717,8.883],[-79.068,9.034],[-78.184,8.413],[-78.265,7.886],[-77.4,6.67],[-77.5,5.514],[-77.106,3.792],[-77.802,2.577],[-78.468,2.467],[-78.943,1.381],[-76.85,0.138],[-76.148,0.345],[-74.474,-0.573],[-73.605,-1.464],[-72.959,-2.451],[-70.923,-2.318],[-70.052,-2.822],[-70.588,-3.791],[-69.901,-4.379],[-69.231,-3.476],[-67.978,-3.41],[-67.253,-2.553],[-66.66,-2.817],[-67.055,0.941],[-66.85,1.011],[-67.051,1.798],[-67.768,2.824],[-67.223,3.336],[-67.813,4.305],[-67.766,6.244],[-69.303,6.006],[-70.541,7.054],[-71.812,6.97],[-72.364,7.469],[-72.353,8.315],[-73.017,9.735],[-72.051,11.722],[-71.189,11.912],[-71.698,12.428],[-73.362,11.325],[-74.219,11.368],[-75.45,10.628],[-75.703,9.426],[-76.764,8.693],[-78.266,9.386],[-79.5,9.638],[-80.962,8.865],[-82.23,9.047],[-82.56,9.583],[-82.907,9.519],[-82.957,8.047]]]},"properties":{"NAME":"Colombia","SUBJECTO":"Colombia","PARTOF":"Colombia","BORDERPRECISION":3}},{"type":"Feature","geometry":{"type":"Polygon","coordinates":[[[27.781,35.89],[28.064,36.112],[27.909,36.34],[27.72,36.166],[27.781,35.89]]]},"properties":{"NAME":null,"SUBJECTO":null,"PARTOF":null,"BORDERPRECISION":3}},{"type":"Feature","geometry":{"type":"Polygon","coordinates":[[[14.562,35.82],[14.51,35.925],[14.375,35.991],[14.333,35.895],[14.424,35.819],[14.562,35.82]]]},"properties":{"NAME":"Malta","SUBJECTO":"Malta","PARTOF":"Malta","BORDERPRECISION":3}},{"type":"Feature","geometry":{"type":"Polygon","coordinates":[[[88.803,27.181],[88.197,27.876],[88.092,26.445],[86.777,26.467],[84.666,27.07],[84.136,27.538],[82.812,27.538],[81.362,28.186],[80.098,28.952],[80.413,29.785],[81.021,30.247],[79.109,31.459],[78.971,32.389],[79.447,33.2],[78.625,33.504],[78.509,34.498],[77.846,35.243],[75.89,36.023],[75.628,36.769],[74.521,37.005],[73.786,36.727],[72.373,36.718],[71.325,36.052],[71.659,35.125],[71.097,34.62],[70.289,33.283],[69.508,32.949],[69.206,31.798],[68.243,31.767],[67.57,31.186],[66.467,30.843],[66.091,29.736],[64.089,29.395],[62.369,29.385],[60.82,29.833],[61.501,28.865],[61.659,28.657],[61.972,28.481],[62.487,28.306],[63.241,26.666],[61.813,25.984],[61.673,25.628],[61.57,25.04],[66.621,25.317],[66.702,24.752],[68.791,23.029],[69.665,22.789],[69.126,21.969],[70.21,20.948],[71.024,20.657],[72.121,21.155],[72.319,22.115],[73.11,20.687],[72.759,20.058],[73.064,18.032],[73.841,15.39],[74.734,13.683],[75.211,12.102],[76.075,10.554],[76.704,8.706],[77.341,8.053],[77.9,8.258],[78.927,9.493],[79.222,10.192],[79.826,10.359],[79.711,11.445],[80.32,13.333],[80.089,15.175],[80.3,15.646],[81.088,15.827],[81.369,16.347],[82.235,16.647],[82.354,17.086],[84.263,18.456],[85.113,19.442],[86.119,19.807],[86.926,20.691],[86.796,21.136],[87.641,21.563],[88.723,21.54],[90,21.93],[90,22.561],[91.41,22.721],[92.176,20.887],[93.334,20.025],[94.054,19.061],[94.42,18.141],[94.465,17.264],[94.143,16.215],[94.819,16.21],[95.33,15.678],[96.469,16.513],[96.882,17.346],[97.573,16.445],[97.823,14.616],[98.486,13.112],[98.738,11.435],[98.398,10.564],[98.593,10.12],[99.581,11.889],[99.098,12.972],[99.003,13.886],[98.137,15.19],[98.58,15.472],[98.824,16.318],[97.788,17.575],[97.275,18.504],[97.372,20.78],[98.196,21.608],[97.695,23.88],[97.524,24.8],[98.382,25.63],[98.734,26.343],[98.637,27.479],[98.009,28.091],[96.255,28.385],[95.929,29.38],[95.309,29.002],[94.572,29.201],[93.051,28.418],[92.546,27.92],[91.608,27.641],[91.909,26.805],[90,26.779],[88.803,27.181]]]},"properties":{"NAME":"British Raj","SUBJECTO":"United Kingdom","PARTOF":"British Raj","BORDERPRECISION":3}},{"type":"Feature","geometry":{"type":"Polygon","coordinates":[[[20.975,18.323],[20.032,14.755],[23.109,12.148],[25.541,15.282],[24.449,17.756],[20.975,18.323]]]},"properties":{"NAME":"Wadai Empire","SUBJECTO":"Wadai Empire","PARTOF":"Wadai Empire","BORDERPRECISION":3}},{"type":"Feature","geometry":{"type":"Polygon","coordinates":[[[5.265,17.274],[4.018,18.569],[0.988,18.983],[0.707,16.244],[2.426,15.322],[3.572,16.688],[4.918,16.85],[5.265,17.274]]]},"properties":{"NAME":"Dendi Kingdom","SUBJECTO":"Dendi Kingdom","PARTOF":"Dendi Kingdom","BORDERPRECISION":3}},{"type":"Feature","geometry":{"type":"Polygon","coordinates":[[[-1.818,7.291],[-1.191,8.771],[-1.879,8.799],[-1.691,10.724],[-2.348,11.616],[-3.053,11.897],[-3.085,12.446],[-3.053,13.212],[-3.554,13.682],[-4.53,13.213],[-5.564,12.282],[-5.414,10.382],[-5.22,7.919],[-2.501,6.468],[-2.307,7.291],[-1.818,7.291]]]},"properties":{"NAME":"Kong Empire","SUBJECTO":"Kong Empire","PARTOF":"Kong Empire","BORDERPRECISION":2}},{"type":"Feature","geometry":{"type":"Polygon","coordinates":[[[-5.564,12.282],[-6.383,11.748],[-7.768,11.853],[-6.912,9.803],[-5.414,10.382],[-5.564,12.282]]]},"properties":{"NAME":"Wassoulou Empire","SUBJECTO":"Wassoulou Empire","PARTOF":"Wassoulou Empire","BORDERPRECISION":3}},{"type":"Feature","geometry":{"type":"Polygon","coordinates":[[[-13.124,27.546],[-13.629,26.591],[-14.367,26.119],[-14.82,24.733],[-15.714,23.873],[-16.353,22.493],[-16.806,21.99],[-17.052,21.004],[-16.347,20.523],[-15.983,18.178],[-16.125,17.301],[-12.719,16.001],[-12.323,15.612],[-10.986,15.438],[-9.384,16.061],[-7.066,15.908],[-5.115,16.611],[-3.603,16.494],[-2.969,15.088],[-3.554,13.682],[-3.053,13.212],[-3.085,12.446],[-2.442,13.165],[-2.912,13.869],[-1.034,14.526],[0.14,13.963],[1.36,13.024],[-0.012,11.28],[0.984,10.616],[1.22,8.658],[-0.095,8.376],[-1.191,8.771],[-1.818,7.291],[-0.995,7.478],[0.243,6.878],[0.803,5.715],[1.342,6.18],[1.427,8.68],[2.256,8.791],[2.422,7.851],[2.193,6.766],[2.713,6.346],[2.832,6.351],[3.317,7.095],[4.072,6.44],[4.634,6.212],[5.221,6.289],[6.1,5.85],[6.1,5.191],[5.419,4.956],[6.089,4.328],[7.046,4.508],[7.068,5.307],[7.787,4.864],[7.888,4.453],[8.263,4.746],[8.672,5.417],[9.336,5.251],[9.284,4.017],[9.923,2.824],[9.894,2.138],[10.984,1.992],[10.468,1.1],[9.37,1.171],[9.629,0.89],[10.186,0.771],[10.703,-0.59],[9.229,-1.388],[9.656,-2.419],[11.851,-4.71],[12.563,-4.298],[13.419,-4.555],[14.384,-3.182],[15.089,-2.888],[15.97,-3.085],[16.675,-4.122],[16.352,-4.445],[17.733,-5.121],[18.085,-5.826],[17.439,-7.118],[17.556,-7.706],[16.91,-8.058],[17.615,-9.292],[16.91,-9.938],[16.088,-9.82],[16.205,-10.878],[16.146,-13.052],[15.206,-12.64],[14.42,-12.66],[12.301,-14.56],[11.782,-15.868],[11.775,-17.596],[12.08,-18.491],[12.929,-19.742],[13.804,-21.443],[14.415,-22.268],[14.396,-23.075],[14.909,-25.018],[14.843,-25.622],[15.454,-27.616],[16.334,-28.561],[17.008,-28.072],[17.707,-28.873],[19.129,-28.948],[19.84,-28.444],[20.736,-28.745],[21.538,-28.244],[21.992,-28.587],[23.275,-27.304],[23.917,-27.175],[25.128,-27.544],[25.048,-26.101],[25.368,-24.737],[26.424,-24.192],[26.527,-23.319],[28.496,-22.01],[29.459,-21.529],[31.544,-21.85],[31.865,-22.411],[31.865,-24.817],[31.264,-25.685],[31.727,-26.154],[31.764,-25.637],[33.468,-24.534],[33.969,-23.231],[33.668,-20.324],[33.972,-18.959],[34.37,-18.218],[34.27,-17.617],[33.086,-16.401],[32.358,-16.802],[30.948,-16.708],[30.196,-16.097],[29.961,-14.875],[30.666,-13.606],[31.747,-12.76],[32.499,-12.525],[33.674,-13.465],[34.144,-14.781],[33.812,-15.728],[35.546,-16.966],[36.386,-16.966],[37.645,-16.021],[39.219,-15.707],[39.638,-15.287],[39.743,-13.713],[39.533,-12.244],[39.065,-11.209],[38.326,-9.067],[36.036,-8.55],[36.184,-7.442],[37.957,-6.777],[37.957,-4.856],[38.252,-3.896],[37.661,-3.379],[37.735,-2.345],[39.951,-1.015],[39.877,0.019],[40.911,0.019],[41.65,1.201],[43.333,0.405],[44.567,1.463],[46.361,2.668],[48.472,5.201],[49.046,6.416],[50.779,9.368],[51.13,10.71],[51.181,11.777],[50.697,11.948],[49.647,11.329],[49.639,9.891],[48.876,9.597],[47.409,9.656],[46.529,9.48],[45.355,9.773],[44.123,9.538],[43.008,8.834],[41.952,8.893],[43.368,11.456],[43.475,12.098],[42.079,13.861],[40.739,14.919],[39.796,15.089],[40.232,13.494],[41.218,13.071],[41.171,12.508],[38.73,11.944],[38.495,10.16],[37.791,8.517],[36.57,7.297],[35.96,7.485],[35.725,9.926],[35.397,10.067],[35.115,11.475],[34.692,11.944],[35.115,12.789],[36.899,13.447],[37.65,14.48],[39.481,14.62],[39.503,15.504],[38.959,17.203],[37.712,16.885],[36.824,17.107],[35.789,16.664],[34.976,15.776],[34.237,14.076],[33.83,11.858],[32.721,9.418],[32.351,7.052],[32.425,5.647],[32.203,4.76],[30.946,5.203],[30.429,6.386],[29.615,7.348],[29.32,9.27],[29.32,10.379],[29.615,11.784],[29.468,12.967],[27.767,14.298],[27.693,15.185],[28.211,16.146],[29.024,16.368],[28.654,18.216],[28.728,19.104],[29.32,21.543],[28.58,21.322],[28.506,22.061],[25.623,22.8],[24.81,24.723],[25.919,25.684],[25.623,26.571],[24.81,27.015],[23.257,27.606],[22.148,28.494],[21.039,28.494],[20.152,27.606],[18.599,23.614],[14.606,22.505],[13.793,22.874],[14.089,24.575],[13.128,25.018],[11.797,24.131],[11.057,24.649],[10.244,24.723],[10.022,25.536],[11.427,27.68],[11.353,28.641],[9.327,30.147],[8.927,32.109],[8.33,32.649],[6.747,33.048],[4.81,33.263],[1.366,30.949],[-1.234,31.989],[-2.817,31.993],[-3.78,31.555],[-3.729,30.894],[-4.912,30.43],[-5.603,29.873],[-7.17,29.476],[-8.593,28.641],[-8.641,27.567],[-13.124,27.546]],[[27.964,-18.392],[29.196,-18.854],[28.99,-19.47],[27.964,-19.829],[26.783,-20.599],[25.757,-20.291],[25.603,-19.675],[26.424,-18.597],[27.964,-18.392]],[[27.502,-22.241],[25.859,-23.268],[25.089,-22.549],[25.397,-22.087],[27.04,-21.471],[27.502,-22.241]],[[27.476,-16.879],[26.416,-17.615],[24.903,-17.814],[24.112,-17.645],[23.217,-16.806],[23.093,-15.458],[23.914,-14.297],[25.37,-13.863],[26.563,-14.002],[27.632,-14.405],[28.035,-14.963],[27.88,-16.016],[27.476,-16.879]],[[24.368,-13.653],[23.663,-13.841],[22.629,-13.559],[22.441,-12.102],[22.911,-11.491],[24.227,-10.88],[25.026,-10.833],[26.06,-11.867],[25.496,-13.042],[24.368,-13.653]],[[32.875,1.527],[33.324,-0.113],[32.101,-1.465],[31.136,-1.481],[31.068,-2.359],[30.422,-2.712],[29.658,-2.536],[29.482,-1.889],[30.128,-1.243],[30.817,-1.108],[30.901,-0.447],[30.008,-0.165],[30.243,0.869],[31.371,2.326],[32.687,2.655],[33.345,1.903],[32.875,1.527]],[[26.78,-11.818],[26.721,-10.819],[27.426,-8.293],[29.012,-8.176],[31.127,-9.233],[31.303,-10.937],[30.657,-11.524],[29.188,-11.935],[28.719,-12.64],[27.191,-12.347],[26.78,-11.818]],[[29.423,-4.474],[29.306,-3.887],[30.187,-3.006],[30.657,-3.711],[31.068,-4.239],[33.007,-5.062],[34.182,-5.414],[33.183,-7.412],[32.302,-8.293],[31.068,-8.587],[30.305,-7.118],[29.541,-6.413],[29.423,-4.474]],[[32.831,-3.006],[33.712,-3.241],[33.771,-3.769],[32.655,-4.416],[31.303,-4.063],[31.186,-3.123],[32.831,-3.006]],[[27.661,-6.354],[27.661,-6.942],[27.132,-8.293],[25.487,-8.646],[24.665,-8.469],[24.312,-7.471],[24.489,-6.824],[23.607,-6.413],[23.842,-5.532],[24.579,-5.246],[24.724,-3.828],[23.666,-2.183],[22.785,-1.361],[23.255,-0.715],[25.899,0.343],[26.369,0.284],[27.25,-1.067],[27.309,-2.653],[28.777,-3.006],[29.012,-3.652],[28.131,-4.474],[28.719,-5.297],[28.836,-6.354],[27.661,-6.354]],[[22.726,-4.768],[22.785,-5.356],[22.256,-6.589],[21.199,-6.707],[20.729,-5.532],[20.905,-4.122],[21.375,-3.652],[22.315,-3.828],[22.726,-4.768]],[[12.497,12.219],[13.204,11.196],[13.057,10.244],[12.471,8.852],[11.812,8.999],[11.007,8.047],[9.615,7.827],[9.249,7.241],[8.517,7.534],[6.979,7.241],[6.027,8.193],[6.173,7.388],[5.514,6.875],[3.244,7.314],[2.877,7.754],[3.463,8.34],[2.432,8.973],[1.537,8.957],[1.758,10.561],[0.763,11.501],[1.728,12.669],[1.464,13.672],[2.426,15.322],[0.707,16.244],[0.988,18.983],[4.018,18.569],[5.265,17.274],[6.371,18.626],[7.608,18.41],[7.824,18.733],[9.492,17.98],[9.438,17.011],[10.198,16.619],[11.799,17.136],[13.403,15.81],[13.905,15.935],[15.196,17.28],[15.573,18.572],[17.187,18.249],[17.295,16.688],[17.725,15.989],[17.725,14.59],[16.488,12.007],[12.497,12.219]],[[7.088,6.733],[7.604,6.499],[7.698,5.794],[6.478,5.466],[6.478,6.499],[7.088,6.733]],[[20.975,18.323],[24.449,17.756],[25.541,15.282],[23.109,12.148],[20.032,14.755],[20.975,18.323]],[[22.807,7.993],[22.139,9.754],[23.285,10.788],[23.922,11.069],[25.959,9.377],[25.004,7.551],[22.807,7.993]]]},"properties":{"NAME":null,"SUBJECTO":null,"PARTOF":null,"BORDERPRECISION":3}},{"type":"Feature","geometry":{"type":"Polygon","coordinates":[[[-3.091,5.16],[-2.804,5.186],[-2.501,6.468],[-5.22,7.919],[-5.414,10.382],[-6.912,9.803],[-7.768,11.853],[-8.236,11.748],[-9.894,12.275],[-10.918,11.924],[-11.406,13.154],[-11.06,14.593],[-12.088,14.827],[-12.088,14.108],[-12.779,13.837],[-13.109,12.996],[-13.62,12.966],[-15.092,14.198],[-16.024,14.168],[-15.919,13.778],[-15.453,13.327],[-15.994,12.275],[-16.425,12.248],[-14.591,10.467],[-13.68,9.916],[-13.178,9.092],[-12.244,9.84],[-11.381,9.54],[-11.569,8.528],[-10.894,8.341],[-10.894,7.628],[-10.069,7.591],[-9.544,6.391],[-9.779,5.707],[-9.248,5.172],[-7.529,4.337],[-5.239,5.193],[-4.744,6.053],[-4.294,6.203],[-3.32,5.828],[-3.091,5.16]],[[-14.414,12.696],[-13.146,12.367],[-12.301,11.569],[-12.254,10.63],[-13.146,10.677],[-14.507,11.616],[-14.414,12.696]]]},"properties":{"NAME":null,"SUBJECTO":null,"PARTOF":null,"BORDERPRECISION":3}},{"type":"Feature","geometry":{"type":"Polygon","coordinates":[[[-12.088,14.827],[-11.06,14.593],[-11.406,13.154],[-10.918,11.924],[-9.894,12.275],[-8.236,11.748],[-7.768,11.853],[-6.383,11.748],[-5.564,12.282],[-4.53,13.213],[-3.554,13.682],[-2.969,15.088],[-3.603,16.494],[-5.115,16.611],[-7.066,15.908],[-9.384,16.061],[-10.986,15.438],[-12.323,15.612],[-12.088,14.827]]]},"properties":{"NAME":"Tukular Caliphate","SUBJECTO":"Tukular Caliphate","PARTOF":"Tukular Caliphate","BORDERPRECISION":3}},{"type":"Feature","geometry":{"type":"Polygon","coordinates":[[[22.807,7.993],[25.004,7.551],[25.959,9.377],[23.922,11.069],[23.285,10.788],[22.139,9.754],[22.807,7.993]]]},"properties":{"NAME":"Rabih az-Zubayr","SUBJECTO":"Rabih az-Zubayr","PARTOF":"Rabih az-Zubayr","BORDERPRECISION":3}},{"type":"Feature","geometry":{"type":"MultiPolygon","coordinates":[[[[39.796,15.089],[39.503,15.504],[39.481,14.62],[39.796,15.089]]],[[[38.959,17.203],[38.686,18.003],[37.398,18.915],[37.128,21.227],[36.66,22.167],[35.746,22.914],[35.19,24.4],[33.354,27.91],[32.318,29.54],[32.648,29.852],[32.597,30.964],[30.996,31.469],[29.249,30.754],[26.143,31.491],[25.258,31.438],[24.293,31.923],[24.292,30.49],[25.253,29.898],[25.327,28.789],[24.736,28.346],[24.81,27.015],[25.623,26.571],[25.919,25.684],[24.81,24.723],[25.623,22.8],[28.506,22.061],[28.58,21.322],[29.32,21.543],[28.728,19.104],[28.654,18.216],[29.024,16.368],[28.211,16.146],[27.693,15.185],[27.767,14.298],[29.468,12.967],[29.615,11.784],[29.32,10.379],[29.32,9.27],[29.615,7.348],[30.429,6.386],[30.946,5.203],[32.203,4.76],[32.425,5.647],[32.351,7.052],[32.721,9.418],[33.83,11.858],[34.237,14.076],[34.976,15.776],[35.789,16.664],[36.824,17.107],[37.712,16.885],[38.959,17.203]]]]},"properties":{"NAME":"Egypt","SUBJECTO":"Ottoman Empire","PARTOF":"Egypt","BORDERPRECISION":3}},{"type":"Feature","geometry":{"type":"MultiPolygon","coordinates":[[[[50.775,24.154],[50.968,24.436],[49.937,25.956],[50.122,26.738],[48.855,27.523],[47.911,29.89],[48.554,29.995],[47.689,30.882],[47.793,31.797],[45.506,33.797],[45.671,34.617],[46.184,35.058],[46.211,35.784],[45.388,35.926],[44.205,37.867],[43.847,40.75],[42.878,41.546],[41.484,41.437],[40.361,40.963],[38.651,40.922],[36.383,41.238],[35.958,41.686],[33.556,41.983],[32.419,41.749],[30.745,41.04],[29.161,41.216],[28.873,40.472],[27.764,40.287],[26.765,40.377],[26.139,39.44],[26.966,38.77],[27.16,37.36],[29.298,36.173],[30.473,36.188],[30.594,36.762],[31.371,36.712],[32.335,36.128],[33.171,35.971],[34.485,36.627],[35.709,36.212],[35.873,34.422],[34.843,32.671],[34.501,31.621],[33.558,30.968],[32.597,30.964],[32.648,29.852],[33.331,28.551],[34.058,27.79],[34.886,28.357],[35.436,27.73],[37.218,25.167],[37.201,24.658],[38.329,23.835],[39.102,22.4],[39.167,21.219],[39.764,20.407],[40.694,19.869],[41.629,18.047],[42.764,16.645],[42.796,15.47],[43.384,13.565],[43.841,12.664],[44.441,12.64],[45.411,13.09],[45.263,13.826],[45.704,16.176],[45.557,17.204],[41.923,20.767],[41.812,21.713],[41.07,22.263],[40.857,24.988],[39.756,25.428],[37.644,27.356],[36.593,29.787],[36.525,31.162],[37.212,33.566],[38.036,34.597],[40.029,34.391],[44.083,30.337],[46.905,29.438],[47.439,28.829],[48.469,26.695],[49.395,26.078],[49.704,24.41],[50.775,24.154]]],[[[8.33,32.649],[8.927,32.109],[9.327,30.147],[11.353,28.641],[11.427,27.68],[10.022,25.536],[10.244,24.723],[11.057,24.649],[11.797,24.131],[13.128,25.018],[14.089,24.575],[13.793,22.874],[14.606,22.505],[18.599,23.614],[20.152,27.606],[21.039,28.494],[22.148,28.494],[23.257,27.606],[24.81,27.015],[24.736,28.346],[25.327,28.789],[25.253,29.898],[24.292,30.49],[24.293,31.923],[23.153,32.139],[22.543,32.722],[21.673,32.816],[20.366,32.298],[19.942,31.611],[20.117,30.957],[18.915,30.205],[17.422,30.996],[15.843,31.285],[15.01,32.363],[14.157,32.679],[12.565,32.74],[10.413,33.631],[10.019,34.081],[11.125,35.241],[10.133,37.105],[9.416,37.275],[8.637,36.885],[8.272,36.323],[8.291,34.77],[7.581,34.041],[7.73,33.195],[8.33,32.649]]],[[[25.019,41.017],[25.993,40.852],[26.255,40.082],[28.104,41.593],[25.92,41.338],[25.019,41.017]]]]},"properties":{"NAME":"Ottoman Empire","SUBJECTO":"Ottoman Empire","PARTOF":"Ottoman Empire","BORDERPRECISION":3}},{"type":"Feature","geometry":{"type":"Polygon","coordinates":[[[-4.153,53.226],[-4.277,53.398],[-4.567,53.273],[-4.351,53.124],[-4.153,53.226]]]},"properties":{"NAME":null,"SUBJECTO":null,"PARTOF":null,"BORDERPRECISION":3}},{"type":"Feature","geometry":{"type":"Polygon","coordinates":[[[-5.104,55.439],[-5.155,55.673],[-5.295,55.717],[-5.34,55.475],[-5.104,55.439]]]},"properties":{"NAME":null,"SUBJECTO":null,"PARTOF":null,"BORDERPRECISION":3}},{"type":"Feature","geometry":{"type":"Polygon","coordinates":[[[-6.122,55.879],[-6.253,55.764],[-6.274,55.573],[-6.025,55.681],[-6.122,55.879]]]},"properties":{"NAME":null,"SUBJECTO":null,"PARTOF":null,"BORDERPRECISION":3}},{"type":"Feature","geometry":{"type":"Polygon","coordinates":[[[-5.947,55.83],[-5.746,56.064],[-5.968,56.024],[-6.079,55.906],[-5.947,55.83]]]},"properties":{"NAME":null,"SUBJECTO":null,"PARTOF":null,"BORDERPRECISION":3}},{"type":"Feature","geometry":{"type":"Polygon","coordinates":[[[-7.467,56.941],[-7.376,56.979],[-7.446,57.056],[-7.554,56.966],[-7.467,56.941]]]},"properties":{"NAME":null,"SUBJECTO":null,"PARTOF":null,"BORDERPRECISION":3}},{"type":"Feature","geometry":{"type":"Polygon","coordinates":[[[-7.223,57.337],[-7.425,57.382],[-7.381,57.109],[-7.259,57.152],[-7.223,57.337]]]},"properties":{"NAME":null,"SUBJECTO":null,"PARTOF":null,"BORDERPRECISION":3}},{"type":"Feature","geometry":{"type":"Polygon","coordinates":[[[-7.269,57.399],[-7.351,57.489],[-7.388,57.424],[-7.269,57.399]]]},"properties":{"NAME":null,"SUBJECTO":null,"PARTOF":null,"BORDERPRECISION":3}},{"type":"Feature","geometry":{"type":"Polygon","coordinates":[[[-7.189,57.687],[-7.491,57.646],[-7.326,57.508],[-7.154,57.509],[-7.189,57.687]]]},"properties":{"NAME":null,"SUBJECTO":null,"PARTOF":null,"BORDERPRECISION":3}},{"type":"Feature","geometry":{"type":"Polygon","coordinates":[[[-7.006,57.881],[-7.033,57.916],[-7.074,57.878],[-7.006,57.881]]]},"properties":{"NAME":null,"SUBJECTO":null,"PARTOF":null,"BORDERPRECISION":3}},{"type":"Feature","geometry":{"type":"Polygon","coordinates":[[[-6.204,58.356],[-6.55,58.363],[-7.032,58.238],[-7.128,58.135],[-7.022,57.952],[-6.83,57.901],[-7.066,57.821],[-6.961,57.727],[-6.204,58.356]]]},"properties":{"NAME":null,"SUBJECTO":null,"PARTOF":null,"BORDERPRECISION":3}},{"type":"Feature","geometry":{"type":"Polygon","coordinates":[[[-2.918,58.732],[-2.899,58.838],[-3.037,58.818],[-2.918,58.732]]]},"properties":{"NAME":null,"SUBJECTO":null,"PARTOF":null,"BORDERPRECISION":3}},{"type":"Feature","geometry":{"type":"Polygon","coordinates":[[[-3.231,58.776],[-3.233,58.887],[-3.336,58.927],[-3.431,58.871],[-3.231,58.776]]]},"properties":{"NAME":null,"SUBJECTO":null,"PARTOF":null,"BORDERPRECISION":3}},{"type":"Feature","geometry":{"type":"Polygon","coordinates":[[[-2.793,58.951],[-3.077,59.122],[-3.195,58.911],[-2.793,58.951]]]},"properties":{"NAME":null,"SUBJECTO":null,"PARTOF":null,"BORDERPRECISION":3}},{"type":"Feature","geometry":{"type":"Polygon","coordinates":[[[-2.681,59.196],[-2.621,59.236],[-2.496,59.245],[-2.414,59.314],[-2.593,59.291],[-2.681,59.196]]]},"properties":{"NAME":null,"SUBJECTO":null,"PARTOF":null,"BORDERPRECISION":3}},{"type":"Feature","geometry":{"type":"Polygon","coordinates":[[[-2.89,59.295],[-3.049,59.329],[-3.003,59.264],[-2.89,59.295]]]},"properties":{"NAME":null,"SUBJECTO":null,"PARTOF":null,"BORDERPRECISION":3}},{"type":"Feature","geometry":{"type":"Polygon","coordinates":[[[-1.296,60.491],[-1.26,60.124],[-1.041,60.447],[-1.296,60.491]]]},"properties":{"NAME":null,"SUBJECTO":null,"PARTOF":null,"BORDERPRECISION":3}},{"type":"Feature","geometry":{"type":"Polygon","coordinates":[[[-1.029,60.496],[-0.997,60.725],[-1.177,60.637],[-1.029,60.496]]]},"properties":{"NAME":null,"SUBJECTO":null,"PARTOF":null,"BORDERPRECISION":3}},{"type":"Feature","geometry":{"type":"Polygon","coordinates":[[[-0.82,60.689],[-0.768,60.829],[-0.878,60.844],[-0.966,60.688],[-0.82,60.689]]]},"properties":{"NAME":null,"SUBJECTO":null,"PARTOF":null,"BORDERPRECISION":3}},{"type":"Feature","geometry":{"type":"Polygon","coordinates":[[[-6.707,61.937],[-7.192,62.308],[-7.232,62.172],[-6.707,61.937]]]},"properties":{"NAME":null,"SUBJECTO":null,"PARTOF":null,"BORDERPRECISION":3}},{"type":"Feature","geometry":{"type":"Polygon","coordinates":[[[-4.778,54.056],[-4.394,54.186],[-4.368,54.417],[-4.714,54.214],[-4.778,54.056]]]},"properties":{"NAME":null,"SUBJECTO":null,"PARTOF":null,"BORDERPRECISION":3}},{"type":"Feature","geometry":{"type":"Polygon","coordinates":[[[129.716,28.451],[129.158,28.235],[129.369,28.116],[129.716,28.451]]]},"properties":{"NAME":null,"SUBJECTO":null,"PARTOF":null,"BORDERPRECISION":3}},{"type":"Feature","geometry":{"type":"Polygon","coordinates":[[[129.963,29.957],[129.967,29.974],[129.942,30],[129.935,29.967],[129.963,29.957]]]},"properties":{"NAME":null,"SUBJECTO":null,"PARTOF":null,"BORDERPRECISION":3}},{"type":"Feature","geometry":{"type":"Polygon","coordinates":[[[129.896,29.874],[129.877,29.831],[129.923,29.825],[129.896,29.874]]]},"properties":{"NAME":null,"SUBJECTO":null,"PARTOF":null,"BORDERPRECISION":3}},{"type":"Feature","geometry":{"type":"Polygon","coordinates":[[[130.906,30.355],[131.074,30.689],[130.945,30.683],[130.906,30.355]]]},"properties":{"NAME":null,"SUBJECTO":null,"PARTOF":null,"BORDERPRECISION":3}},{"type":"Feature","geometry":{"type":"Polygon","coordinates":[[[130.559,30.236],[130.672,30.373],[130.511,30.459],[130.387,30.397],[130.559,30.236]]]},"properties":{"NAME":null,"SUBJECTO":null,"PARTOF":null,"BORDERPRECISION":3}},{"type":"Feature","geometry":{"type":"Polygon","coordinates":[[[121.735,25.139],[121.002,25.002],[120.116,23.631],[120.329,22.519],[120.879,22.341],[121.453,23.327],[121.84,24.476],[121.735,25.139]]]},"properties":{"NAME":"Taiwan","SUBJECTO":"Taiwan","PARTOF":"Taiwan","BORDERPRECISION":3}},{"type":"Feature","geometry":{"type":"Polygon","coordinates":[[[128.901,32.643],[128.813,32.792],[128.649,32.778],[128.61,32.612],[128.901,32.643]]]},"properties":{"NAME":null,"SUBJECTO":null,"PARTOF":null,"BORDERPRECISION":3}},{"type":"Feature","geometry":{"type":"Polygon","coordinates":[[[123.871,24.252],[123.922,24.371],[123.767,24.414],[123.718,24.277],[123.871,24.252]]]},"properties":{"NAME":null,"SUBJECTO":null,"PARTOF":null,"BORDERPRECISION":3}},{"type":"Feature","geometry":{"type":"Polygon","coordinates":[[[125.356,24.777],[125.262,24.879],[125.252,24.738],[125.356,24.777]]]},"properties":{"NAME":null,"SUBJECTO":null,"PARTOF":null,"BORDERPRECISION":3}},{"type":"Feature","geometry":{"type":"Polygon","coordinates":[[[124.262,24.457],[124.095,24.439],[124.122,24.345],[124.23,24.338],[124.262,24.457]]]},"properties":{"NAME":null,"SUBJECTO":null,"PARTOF":null,"BORDERPRECISION":3}},{"type":"Feature","geometry":{"type":"Polygon","coordinates":[[[128.253,26.639],[128.247,26.84],[127.946,26.451],[128.253,26.639]]]},"properties":{"NAME":null,"SUBJECTO":null,"PARTOF":null,"BORDERPRECISION":3}},{"type":"Feature","geometry":{"type":"Polygon","coordinates":[[[126.762,26.387],[126.702,26.349],[126.781,26.298],[126.81,26.347],[126.762,26.387]]]},"properties":{"NAME":null,"SUBJECTO":null,"PARTOF":null,"BORDERPRECISION":3}},{"type":"Feature","geometry":{"type":"Polygon","coordinates":[[[128.951,27.676],[129.03,27.774],[128.899,27.898],[128.897,27.726],[128.951,27.676]]]},"properties":{"NAME":null,"SUBJECTO":null,"PARTOF":null,"BORDERPRECISION":3}},{"type":"Feature","geometry":{"type":"Polygon","coordinates":[[[128.609,27.359],[128.696,27.449],[128.524,27.414],[128.609,27.359]]]},"properties":{"NAME":null,"SUBJECTO":null,"PARTOF":null,"BORDERPRECISION":3}},{"type":"Feature","geometry":{"type":"Polygon","coordinates":[[[129.992,28.282],[130.032,28.353],[129.943,28.322],[129.992,28.282]]]},"properties":{"NAME":null,"SUBJECTO":null,"PARTOF":null,"BORDERPRECISION":3}},{"type":"Feature","geometry":{"type":"Polygon","coordinates":[[[129.336,28.075],[129.34,28.111],[129.224,28.184],[129.219,28.098],[129.336,28.075]]]},"properties":{"NAME":null,"SUBJECTO":null,"PARTOF":null,"BORDERPRECISION":3}},{"type":"Feature","geometry":{"type":"Polygon","coordinates":[[[129.733,29.61],[129.753,29.648],[129.71,29.652],[129.733,29.61]]]},"properties":{"NAME":null,"SUBJECTO":null,"PARTOF":null,"BORDERPRECISION":3}},{"type":"Feature","geometry":{"type":"Polygon","coordinates":[[[65.725,37.49],[64.814,38.244],[63.34,38.889],[61.59,39.349],[59.839,39.165],[57.225,38.188],[58.095,37.728],[59.24,37.448],[60.346,36.607],[61.014,36.637],[61.221,35.582],[62.678,35.265],[63.117,35.789],[64.541,36.338],[64.826,37.148],[65.725,37.49]]]},"properties":{"NAME":"Bokhara Khanate","SUBJECTO":"Bokhara Khanate","PARTOF":"Bokhara Khanate","BORDERPRECISION":2}},{"type":"Feature","geometry":{"type":"Polygon","coordinates":[[[13.672,54.569],[13.263,54.667],[13.359,54.275],[13.672,54.569]]]},"properties":{"NAME":null,"SUBJECTO":null,"PARTOF":null,"BORDERPRECISION":3}},{"type":"Feature","geometry":{"type":"Polygon","coordinates":[[[23.206,58.445],[22.917,58.616],[21.925,58.517],[22.079,58.171],[23.206,58.445]]]},"properties":{"NAME":null,"SUBJECTO":null,"PARTOF":null,"BORDERPRECISION":3}},{"type":"Feature","geometry":{"type":"Polygon","coordinates":[[[22.948,58.844],[22.576,59.069],[22.48,58.7],[22.948,58.844]]]},"properties":{"NAME":null,"SUBJECTO":null,"PARTOF":null,"BORDERPRECISION":3}},{"type":"Feature","geometry":{"type":"Polygon","coordinates":[[[20.123,60.081],[20.004,60.051],[20.203,59.977],[20.212,60.06],[20.123,60.081]]]},"properties":{"NAME":null,"SUBJECTO":null,"PARTOF":null,"BORDERPRECISION":3}},{"type":"Feature","geometry":{"type":"Polygon","coordinates":[[[20.295,60.121],[20.216,60.139],[20.199,60.091],[20.263,60.054],[20.295,60.121]]]},"properties":{"NAME":null,"SUBJECTO":null,"PARTOF":null,"BORDERPRECISION":3}},{"type":"Feature","geometry":{"type":"Polygon","coordinates":[[[22.601,60],[22.736,60.003],[22.848,60.119],[22.835,60.194],[22.831,60.205],[22.625,60.201],[22.419,60.131],[22.424,60.108],[22.471,60.072],[22.469,60],[22.601,60]]]},"properties":{"NAME":null,"SUBJECTO":null,"PARTOF":null,"BORDERPRECISION":3}},{"type":"Feature","geometry":{"type":"Polygon","coordinates":[[[19.565,60.249],[19.543,60.128],[19.673,60.15],[19.565,60.249]]]},"properties":{"NAME":null,"SUBJECTO":null,"PARTOF":null,"BORDERPRECISION":3}},{"type":"Feature","geometry":{"type":"Polygon","coordinates":[[[20.067,60.296],[20.172,60.164],[20.277,60.274],[19.906,60.4],[19.931,60.277],[19.772,60.081],[20.044,60.086],[19.914,60.217],[20.067,60.296]]]},"properties":{"NAME":null,"SUBJECTO":null,"PARTOF":null,"BORDERPRECISION":3}},{"type":"Feature","geometry":{"type":"Polygon","coordinates":[[[20.442,60.248],[20.366,60.266],[20.387,60.193],[20.442,60.248]]]},"properties":{"NAME":null,"SUBJECTO":null,"PARTOF":null,"BORDERPRECISION":3}},{"type":"Feature","geometry":{"type":"Polygon","coordinates":[[[15.767,68.621],[15.223,68.561],[15.335,68.326],[15.767,68.621]]]},"properties":{"NAME":null,"SUBJECTO":null,"PARTOF":null,"BORDERPRECISION":3}},{"type":"Feature","geometry":{"type":"Polygon","coordinates":[[[17.964,69.523],[17.457,69.512],[17.212,69.09],[17.862,69.163],[17.964,69.523]]]},"properties":{"NAME":null,"SUBJECTO":null,"PARTOF":null,"BORDERPRECISION":3}},{"type":"Feature","geometry":{"type":"Polygon","coordinates":[[[50.119,69.041],[49.244,69.506],[48.795,68.723],[50.119,69.041]]]},"properties":{"NAME":null,"SUBJECTO":null,"PARTOF":null,"BORDERPRECISION":3}},{"type":"Feature","geometry":{"type":"Polygon","coordinates":[[[23.083,70.289],[23.644,70.438],[23.539,70.612],[23.083,70.289]]]},"properties":{"NAME":null,"SUBJECTO":null,"PARTOF":null,"BORDERPRECISION":3}},{"type":"Feature","geometry":{"type":"Polygon","coordinates":[[[-8.955,70.822],[-8.632,70.956],[-7.982,71.048],[-7.997,71.181],[-8.326,71.141],[-8.511,71.013],[-8.934,70.923],[-8.955,70.822]]]},"properties":{"NAME":null,"SUBJECTO":null,"PARTOF":null,"BORDERPRECISION":3}},{"type":"Feature","geometry":{"type":"Polygon","coordinates":[[[6.433,49.445],[7.729,48.616],[7.507,47.604],[8.983,47.68],[9.118,47.679],[9.216,47.671],[9.665,47.556],[11.17,47.424],[12.358,47.724],[12.694,48.129],[13.947,48.655],[12.536,49.563],[12.462,50.398],[14.389,50.947],[15.267,51.023],[16.728,50.149],[17.679,50.338],[18.769,50.177],[18.14,50.988],[17.897,52.176],[19.285,53.165],[20.011,53.044],[22.807,53.808],[22.794,54.902],[21.684,55.353],[20.945,56.07],[21.137,54.845],[19.943,54.85],[19.328,54.161],[18.279,54.724],[16.473,54.415],[14.473,53.877],[13.78,53.775],[12.943,54.347],[11.565,54.035],[10.142,54.337],[8.884,54.229],[7.16,53.164],[6.825,51.956],[6,50.742],[6.109,50.117],[6.433,49.445]]]},"properties":{"NAME":"Germany","SUBJECTO":"Germany","PARTOF":"Germany","BORDERPRECISION":3}},{"type":"Feature","geometry":{"type":"Polygon","coordinates":[[[14.174,53.907],[13.778,54.044],[13.828,53.83],[14.174,53.907]]]},"properties":{"NAME":"Germany","SUBJECTO":"Germany","PARTOF":"Germany","BORDERPRECISION":3}},{"type":"Feature","geometry":{"type":"Polygon","coordinates":[[[72.714,37.186],[72.067,39.13],[72.241,39.912],[72.849,40.606],[73.885,39.88],[75.592,40.624],[76.482,40.437],[77.128,41.125],[78.401,41.228],[78.871,41.679],[80.109,42],[80.211,42.808],[80.673,43.234],[80.237,45.123],[81.69,45.357],[82.44,45.735],[83.252,47.295],[84.336,47.054],[85.478,47.093],[85.609,48.1],[86.762,48.653],[87.152,49.177],[89.796,49.816],[90,50.307],[92.16,50.755],[93.323,50.621],[94.21,51.32],[93.567,52.349],[95.187,53.796],[95.866,53.796],[97.319,52.826],[97.61,52.148],[101.011,51.672],[102.117,51.361],[102.639,50.456],[103.681,50.166],[105.155,50.443],[106.323,50.417],[107.549,49.827],[109.424,49.296],[110.2,49.241],[112.524,49.462],[114.098,50.274],[115.734,49.864],[116.566,50.006],[117.491,49.586],[119.291,50.125],[119.182,50.702],[120.129,51.733],[120.746,52.007],[120.702,53.185],[123.353,53.51],[124.643,53.112],[125.509,53.157],[126.186,52.518],[127.516,49.874],[130.476,48.9],[130.925,47.732],[132.269,47.778],[134.112,48.249],[134.165,47.335],[133.385,45.649],[132.778,44.988],[131.74,45.259],[130.991,44.817],[131.14,43.227],[130.226,42.651],[130.435,42.277],[131.584,43.213],[132.182,43.195],[132.953,42.67],[134.139,42.993],[136.034,44.398],[137.721,45.997],[139.214,47.811],[140.081,48.503],[141.121,53.052],[140.102,53.802],[138.417,54.092],[137.979,53.465],[137.239,53.457],[136.492,54.455],[135.095,54.433],[134.985,54.854],[137.229,55.983],[138.867,57.124],[140.029,57.644],[140.587,58.239],[142.846,59.273],[145.404,59.326],[148.416,59.097],[149.045,59.587],[151.14,59.44],[152.504,58.769],[153.924,58.922],[154.316,59.983],[156.418,61.121],[157.098,61.633],[158.841,61.784],[160.645,60.718],[162.711,61.763],[162.99,62.326],[164.138,62.533],[163.793,61.128],[163.329,60.695],[161.818,60.268],[161.535,59.942],[159.649,58.954],[158.326,58.027],[156.777,57.58],[156.558,56.947],[155.628,56.268],[155.465,54.92],[155.711,53.805],[156.696,50.958],[157.898,51.666],[158.461,52.826],[159.897,53.241],[159.931,54.086],[160.683,54.448],[161.567,54.423],[161.503,55.287],[162.318,56.24],[163.166,56.106],[161.804,58.102],[162.907,58.891],[163.106,59.579],[164.111,60.078],[164.585,59.665],[165.78,60.354],[166.027,59.709],[167.104,60.271],[169.154,60.435],[169.877,59.875],[170.337,60.277],[172,60.858],[173.481,61.601],[177.291,62.487],[178.738,62.299],[178.939,63.083],[178.344,63.458],[178.147,64.157],[178.726,64.606],[180,64.953],[180,68.98],[177.705,69.49],[175.611,69.779],[173.008,69.692],[172.359,69.909],[170.452,70.019],[170.833,68.922],[169.389,68.717],[167.32,69.659],[166.309,69.378],[164.636,69.413],[164.054,69.66],[161.961,69.528],[160.862,69.083],[160.682,69.578],[159.673,69.652],[159.628,70.22],[158.409,70.814],[156.043,70.987],[152.134,70.664],[150.694,71.347],[148.711,71.629],[148.698,72.166],[146.915,72.202],[146.186,71.842],[145.6,72.426],[141.294,72.787],[139.848,72.236],[139.744,71.404],[138.675,71.618],[137.63,71.075],[136.765,71.406],[135.511,71.512],[134.241,71.262],[132.284,71.661],[131.055,70.687],[130.172,70.815],[128.432,71.755],[127.121,72.212],[127.72,73.402],[125.717,73.398],[124.222,73.697],[122.882,72.753],[122.243,72.909],[120.579,72.835],[118.498,73.036],[118.46,73.519],[116.671,73.619],[114.187,73.551],[113.547,73.201],[113.222,73.748],[111.762,73.658],[110.551,74.038],[110.442,73.568],[107.804,73.143],[108.34,73.691],[111.587,74.731],[112.577,74.886],[113.533,76.094],[111.427,76.568],[108.244,76.646],[105.528,76.98],[105.063,77.569],[103.393,77.558],[101.166,77.006],[100.83,76.455],[99.983,76.437],[99.467,75.967],[98.289,76.057],[97.116,75.871],[95.967,76.169],[94.694,76.184],[93.592,75.881],[90,75.602],[86.958,74.782],[87.541,74.1],[87.14,73.604],[86.124,73.451],[85.856,73.825],[80.838,73.553],[80.982,72.447],[82.321,72.222],[83.561,71.624],[82.804,70.819],[81.671,71.574],[79.223,72.271],[78.086,72.175],[77.79,71.777],[75.671,71.199],[74.921,72.029],[73.217,71.458],[74.189,70.673],[73.654,69.756],[73.915,69.154],[75.598,69.21],[77.406,68.936],[78.536,67.612],[78.089,67.411],[76.955,67.653],[77.04,68.464],[76.328,68.776],[74.505,68.593],[74.742,67.686],[73.69,66.865],[72.209,66.173],[70.84,66.551],[72.838,67.646],[73.309,68.517],[72.526,69.069],[72.437,70.187],[72.68,70.824],[71.898,71.587],[72.498,71.962],[72.714,72.77],[70.214,72.733],[69.343,72.834],[68.316,71.635],[66.818,71.105],[67.779,69.557],[68.512,68.837],[68.215,68.201],[66.584,68.886],[63.923,69.459],[61.03,69.741],[60.986,69.003],[60.512,68.59],[58.77,68.856],[57.024,68.449],[55.335,68.483],[54.752,68.05],[53.626,68.048],[53.889,68.787],[52.245,68.545],[48.081,67.562],[47.571,66.816],[46.402,66.719],[44.957,67.231],[45.863,68.383],[44.012,68.492],[44.384,66.612],[43.876,66.011],[42.211,66.41],[41.354,65.955],[39.951,65.581],[39.997,64.541],[39.193,64.511],[36.884,65.068],[37.411,63.749],[35.082,64.288],[34.293,65.396],[34.544,66.001],[35.772,66.259],[38.048,66.007],[39.19,66.039],[40.836,66.561],[41.255,66.937],[40.826,67.66],[38.668,68.146],[37.246,68.793],[35.437,69.15],[33.628,69.215],[32.596,69.424],[32.072,69.883],[31.054,69.64],[29.924,69.355],[27.909,69.888],[26.507,69.812],[25.625,68.807],[24.801,68.429],[24.082,68.717],[22.46,68.694],[23.488,67.834],[23.868,66.817],[23.948,65.797],[25.252,65.417],[24.47,64.636],[22.292,63.203],[21.666,63.187],[21.034,62.477],[21.561,61.485],[21.56,60.512],[22.421,60.293],[22.392,60.121],[22.419,60.131],[22.625,60.201],[22.831,60.205],[23.005,60.209],[22.882,60.056],[23.201,59.818],[25.581,60.262],[26.922,60.316],[28.522,60.623],[28.796,59.672],[27.702,59.298],[24.751,59.448],[23.416,59.119],[24.058,58.112],[24.346,57.16],[23.215,56.981],[22.564,57.616],[21.677,57.464],[20.965,56.609],[20.945,56.07],[21.684,55.353],[22.794,54.902],[22.807,53.808],[20.011,53.044],[19.285,53.165],[17.897,52.176],[18.14,50.988],[18.769,50.177],[20.271,50.104],[21.908,50.812],[22.483,50.372],[24.404,50.634],[25.152,50.335],[26.163,48.941],[27.706,48.44],[28.908,47.818],[29.427,46.816],[30.433,46.176],[30.833,46.577],[31.781,46.702],[34.014,44.492],[35.067,44.862],[35.008,45.612],[34.127,46.064],[37.422,47.077],[37.97,46.441],[37.474,44.692],[38.924,44.212],[40.252,43.268],[41.41,42.788],[41.484,41.437],[42.878,41.546],[43.957,42.591],[44.978,42.772],[46.042,42.049],[47.988,41.219],[48.224,41.471],[47.249,42.785],[47.493,43.583],[46.846,44.446],[47.556,45.453],[49.058,46.137],[49.535,46.542],[51.369,47.09],[52.142,46.838],[53.185,46.865],[53.149,45.957],[52.61,45.4],[51.513,45.373],[50.874,44.626],[51.171,43.718],[52.07,42.828],[52.52,42.073],[53.985,42.106],[54.416,40.659],[53.257,40.765],[53.583,39.318],[54.071,38.897],[54.015,37.348],[55.356,38.038],[57.225,38.188],[59.839,39.165],[61.59,39.349],[63.34,38.889],[64.814,38.244],[65.725,37.49],[67.515,37.214],[67.856,36.853],[69.308,37.084],[70.022,37.457],[70.719,38.365],[71.444,37.834],[71.303,37.17],[71.848,36.716],[72.714,37.186]],[[60.523,46.727],[60.938,46.49],[61.175,45.188],[60.944,44.441],[60.077,43.609],[59.505,43.914],[58.367,43.737],[58.199,44.52],[58.815,45.931],[60.523,46.727]],[[30.436,60.903],[30.852,61.775],[32.527,61.118],[32.944,60.643],[32.362,60.148],[31.145,60.006],[30.436,60.903]],[[29.688,62.138],[28.788,61.204],[27.988,61.08],[28.067,62.244],[29.688,62.138]],[[36.406,61.411],[35.88,60.948],[34.531,61.704],[34.66,62.406],[35.689,62.04],[36.406,61.411]]]},"properties":{"NAME":"Russian Empire","SUBJECTO":"Russian Empire","PARTOF":"Russian Empire","BORDERPRECISION":3}},{"type":"Feature","geometry":{"type":"MultiPolygon","coordinates":[[[[142.615,47.46],[142.49,47.902],[142.854,49.128],[143.598,49.234],[143.633,50.235],[142.944,51.617],[143.143,52.511],[142.675,53.54],[141.767,53.272],[141.643,51.813],[142.153,50.89],[142.049,49.355],[141.74,48.807],[142.036,47.959],[142.615,47.46]]],[[[55.721,71.642],[55.518,72.478],[55.816,73.307],[53.502,73.137],[52.55,71.59],[54.308,71.206],[54.998,70.522],[55.679,70.707],[57.238,70.691],[55.721,71.642]]],[[[56.269,74.612],[54.018,73.734],[54.664,73.472],[55.757,73.577],[56.96,73.357],[58.733,74.287],[58.851,74.689],[60.009,74.675],[60.463,75.156],[66.548,75.98],[68.571,76.394],[68.457,76.927],[66.442,76.83],[65.926,76.507],[62.593,76.165],[61.303,76.238],[60.949,75.961],[59.018,75.799],[57.729,75.291],[56.995,75.273],[56.269,74.612]]],[[[-174.378,66.7],[-174.635,66.405],[-175.514,67.669],[-180,68.98],[-180,65.259],[-179.379,65.996],[-178.654,65.54],[-177.126,65.623],[-176.137,65.457],[-175.952,65.006],[-173.077,64.384],[-172.184,65.589],[-171.2,65.561],[-170.613,66.038],[-171.958,66.956],[-173.875,67.159],[-174.378,66.7]]]]},"properties":{"NAME":"Russian Empire","SUBJECTO":"Russian Empire","PARTOF":"Russian Empire","BORDERPRECISION":3}},{"type":"Feature","geometry":{"type":"Polygon","coordinates":[[[10.396,46.887],[10.795,45.638],[12.362,46.709],[13.569,46.51],[13.564,45.726],[14.946,44.927],[15.412,43.935],[16.992,43.323],[17.534,42.929],[15.757,44.786],[16.892,45.243],[19.353,44.891],[19.656,44.696],[22.41,44.75],[22.478,45.729],[23.255,46.066],[24.942,45.965],[26.191,46.809],[26.163,48.941],[25.152,50.335],[24.404,50.634],[22.483,50.372],[21.908,50.812],[20.271,50.104],[18.769,50.177],[17.679,50.338],[16.728,50.149],[15.267,51.023],[14.389,50.947],[12.462,50.398],[12.536,49.563],[13.947,48.655],[12.694,48.129],[12.358,47.724],[11.17,47.424],[9.665,47.556],[9.539,47.487],[10.396,46.887]]]},"properties":{"NAME":"Austria Hungary","SUBJECTO":"Austria Hungary","PARTOF":"Austria Hungary","BORDERPRECISION":3}},{"type":"Feature","geometry":{"type":"Polygon","coordinates":[[[102.074,6.154],[101.56,6.74],[100.615,6.979],[100.132,8.532],[99.071,9.898],[99.895,12.079],[100.24,13.49],[100.909,13.447],[100.872,12.679],[101.919,12.585],[102.53,12.148],[102.612,12.096],[102.752,12.398],[102.36,13.508],[102.936,14.15],[103.621,14.411],[104.356,14.328],[105.127,14.221],[105.862,13.972],[106.131,13.96],[106.144,14.09],[106.046,14.387],[106.511,14.541],[106.841,14.316],[107.387,14.557],[107.108,16.17],[106.638,16.484],[104.812,18.722],[103.899,19.313],[104.716,20.2],[104.129,20.94],[102.993,20.94],[101.968,22.534],[101.535,22.138],[101.753,21.472],[100.321,21.464],[99.755,22.127],[99.156,22.308],[98.769,24.09],[97.695,23.88],[98.196,21.608],[97.372,20.78],[97.275,18.504],[97.788,17.575],[98.824,16.318],[98.58,15.472],[98.137,15.19],[99.003,13.886],[99.098,12.972],[99.581,11.889],[98.593,10.12],[98.177,8.6],[99.025,7.871],[99.663,6.71],[100.159,6.34],[100.617,6.422],[101.763,5.586],[102.074,6.154]]]},"properties":{"NAME":"Rattanakosin Kingdom","SUBJECTO":"Rattanakosin Kingdom","PARTOF":"Rattanakosin Kingdom","BORDERPRECISION":3}},{"type":"Feature","geometry":{"type":"Polygon","coordinates":[[[107.387,14.557],[106.841,14.316],[106.511,14.541],[106.046,14.387],[106.144,14.09],[106.131,13.96],[105.862,13.972],[105.127,14.221],[104.356,14.328],[103.621,14.411],[102.936,14.15],[102.36,13.508],[102.752,12.398],[102.612,12.096],[102.53,12.148],[103.04,10.898],[103.67,10.766],[104.979,9.981],[104.742,8.494],[106.482,9.552],[106.704,10.448],[105.834,11.202],[105.843,11.583],[107.385,12.354],[107.515,13.422],[107.387,14.557]]]},"properties":{"NAME":"French Indochina","SUBJECTO":"France","PARTOF":"French Indochina","BORDERPRECISION":3}},{"type":"Feature","geometry":{"type":"Polygon","coordinates":[[[-170.749,-14.374],[-170.637,-14.289],[-170.682,-14.258],[-170.795,-14.298],[-170.749,-14.374]]]},"properties":{"NAME":"American Samoa","SUBJECTO":"American Samoa","PARTOF":"American Samoa","BORDERPRECISION":3}},{"type":"Feature","geometry":{"type":"Polygon","coordinates":[[[178.693,-18.025],[178.171,-17.342],[177.51,-17.509],[177.864,-18.264],[178.693,-18.025]]]},"properties":{"NAME":"Fiji","SUBJECTO":"Fiji","PARTOF":"Fiji","BORDERPRECISION":3}},{"type":"Feature","geometry":{"type":"Polygon","coordinates":[[[-169.894,-19.146],[-169.782,-19.063],[-169.885,-18.963],[-169.953,-19.07],[-169.894,-19.146]]]},"properties":{"NAME":"Niue","SUBJECTO":"Niue","PARTOF":"Niue","BORDERPRECISION":3}},{"type":"Feature","geometry":{"type":"Polygon","coordinates":[[[-175.123,-21.135],[-175.186,-21.253],[-175.118,-21.26],[-175.052,-21.162],[-175.123,-21.135]]]},"properties":{"NAME":"Tonga","SUBJECTO":"Tonga","PARTOF":"Tonga","BORDERPRECISION":3}},{"type":"Feature","geometry":{"type":"Polygon","coordinates":[[[-178.043,-14.319],[-178.13,-14.247],[-178.134,-14.318],[-178.043,-14.319]]]},"properties":{"NAME":"Wallis and Futuna Islands","SUBJECTO":"Wallis and Futuna Islands","PARTOF":"Wallis and Futuna Islands","BORDERPRECISION":3}},{"type":"Feature","geometry":{"type":"Polygon","coordinates":[[[-172.286,-13.486],[-172.78,-13.54],[-172.533,-13.801],[-172.211,-13.805],[-172.286,-13.486]]]},"properties":{"NAME":"Samoa","SUBJECTO":"Samoa","PARTOF":"Samoa","BORDERPRECISION":3}},{"type":"Feature","geometry":{"type":"Polygon","coordinates":[[[-109.241,-27.133],[-109.366,-27.063],[-109.428,-27.202],[-109.241,-27.133]]]},"properties":{"NAME":"Polynesians","SUBJECTO":"Polynesians","PARTOF":"Polynesians","BORDERPRECISION":3}},{"type":"Feature","geometry":{"type":"Polygon","coordinates":[[[114.029,22.508],[114.153,22.299],[114.329,22.272],[114.309,22.554],[114.029,22.508]]]},"properties":{"NAME":"Hong Kong","SUBJECTO":"United Kingdom","PARTOF":null,"BORDERPRECISION":3}},{"type":"Feature","geometry":{"type":"Polygon","coordinates":[[[124.134,39.843],[125.398,39.376],[124.736,38.28],[125.337,37.682],[126.547,37.647],[126.464,36.575],[126.752,35.778],[126.248,35.11],[126.478,34.345],[127.767,34.96],[128.452,34.846],[129.439,35.476],[129.342,37.257],[127.441,39.624],[129.76,40.886],[129.825,41.861],[130.435,42.277],[130.226,42.651],[128.756,42.061],[128.098,41.449],[127.423,41.356],[126.474,41.652],[125.879,40.945],[124.491,40.28],[124.134,39.843]]]},"properties":{"NAME":"Korea","SUBJECTO":"Korea","PARTOF":"Korea","BORDERPRECISION":3}}]}
