{"type":"FeatureCollection","name":"borders-1950","attribution":"Historical borders: aourednik/historical-basemaps (GPL-3.0), simplified","source":"aourednik/historical-basemaps@62d8f1a geojson/world_1960.geojson","targetYear":1950,"sourceYear":1960,"caveat":"Upstream 1960 — decolonisation has changed Africa and Asia; for Europe and Korea (38th parallel) 1950 is served adequately. Revisit when a Cold War era exists.","features":[{"type":"Feature","geometry":{"type":"Polygon","coordinates":[[[5.824,49.507],[6.433,49.445],[6.109,50.117],[5.824,49.507]]]},"properties":{"NAME":"Luxembourg","SUBJECTO":"Luxembourg","PARTOF":"Luxembourg","BORDERPRECISION":3}},{"type":"Feature","geometry":{"type":"Polygon","coordinates":[[[10.396,46.887],[9.539,47.487],[8.983,47.68],[7.507,47.604],[6.51,46.967],[6.456,46.775],[6.108,46.576],[6.172,46.212],[6.274,46.39],[6.385,46.464],[6.399,46.459],[6.559,46.507],[6.592,46.518],[6.689,46.5],[6.721,46.486],[6.746,46.487],[6.744,46.488],[6.832,46.467],[6.858,46.449],[6.901,46.44],[6.919,46.395],[6.861,46.396],[6.955,45.939],[8.382,46.284],[8.891,45.866],[10.396,46.887]]]},"properties":{"NAME":"Switzerland","SUBJECTO":"Switzerland","PARTOF":"Switzerland","BORDERPRECISION":3}},{"type":"Feature","geometry":{"type":"Polygon","coordinates":[[[-1.915,43.305],[-3.417,43.376],[-5.98,43.705],[-7.636,43.721],[-9.271,43.049],[-8.644,42.42],[-8.806,41.889],[-6.709,41.96],[-6.933,38.961],[-7.394,38.295],[-7.492,37.208],[-6.632,37.022],[-5.661,36.008],[-4.447,36.722],[-2.239,36.728],[-1.817,37.292],[-0.918,37.57],[-0.166,38.954],[-0.161,39.886],[0.879,41.022],[2.081,41.298],[3.129,41.857],[3.087,42.369],[1.913,42.454],[1.721,42.506],[1.719,42.503],[1.446,42.602],[1.454,42.613],[-0.612,42.731],[-1.915,43.305]]]},"properties":{"NAME":"Spain","SUBJECTO":"Spain","PARTOF":"Spain","BORDERPRECISION":3}},{"type":"Feature","geometry":{"type":"Polygon","coordinates":[[[33.78,35.208],[32.819,35.282],[32.603,34.615],[33.484,34.796],[33.78,35.208]]]},"properties":{"NAME":"Cyprus","SUBJECTO":"Cyprus","PARTOF":"Cyprus","BORDERPRECISION":3}},{"type":"Feature","geometry":{"type":"MultiPolygon","coordinates":[[[[136.722,37.266],[136.668,36.667],[135.978,35.973],[135.157,35.646],[133.006,35.254],[132.663,35.381],[130.899,33.904],[131.995,33.804],[132.481,34.129],[134.427,34.628],[135.063,33.69],[135.756,33.342],[136.734,34.874],[137.248,34.482],[138.75,34.65],[139.423,35.166],[140.317,35.034],[140.872,37.917],[141.496,38.422],[141.998,39.672],[141.153,40.865],[140.386,40.986],[139.915,40.575],[140.03,39.483],[139.198,37.92],[137.464,36.854],[136.722,37.266]]],[[[132.699,32.549],[133.154,33.216],[133.999,33.148],[134.54,34.013],[133.806,34.176],[132.784,33.908],[132.121,33.348],[132.699,32.549]]],[[[130.744,30.888],[131.319,31.511],[131.831,32.693],[131.286,33.39],[130.427,33.674],[129.343,33.151],[129.846,32.587],[130.233,31.026],[130.744,30.888]]],[[[140.112,41.273],[140.93,42.255],[141.928,42.501],[143.214,41.927],[143.848,42.775],[145.448,43.17],[145.059,43.786],[144.028,43.951],[143.021,44.464],[141.875,45.435],[141.523,45.183],[141.709,43.914],[141.304,43.187],[139.712,42.478],[140.112,41.273]]]]},"properties":{"NAME":"Japan","SUBJECTO":"Japan","PARTOF":"Japan","BORDERPRECISION":3}},{"type":"Feature","geometry":{"type":"Polygon","coordinates":[[[91.608,27.641],[91.152,28.032],[89.366,27.876],[88.803,27.181],[90,26.779],[91.909,26.805],[91.608,27.641]]]},"properties":{"NAME":"Bhutan","SUBJECTO":"Bhutan","PARTOF":"Bhutan","BORDERPRECISION":3}},{"type":"Feature","geometry":{"type":"Polygon","coordinates":[[[-17.016,21.314],[-13.024,21.279],[-13.117,22.786],[-11.991,23.479],[-11.893,25.895],[-8.688,25.914],[-8.629,27.173],[-8.641,27.567],[-13.124,27.546],[-13.629,26.591],[-14.367,26.119],[-14.82,24.733],[-15.714,23.873],[-17.016,21.314]]]},"properties":{"NAME":"Western Sahara","SUBJECTO":"Western Sahara","PARTOF":"Western Sahara","BORDERPRECISION":3}},{"type":"Feature","geometry":{"type":"Polygon","coordinates":[[[51.288,24.411],[50.968,24.436],[51.12,24.399],[51.288,24.411]]]},"properties":{"NAME":"Qatar","SUBJECTO":"Qatar","PARTOF":"Qatar","BORDERPRECISION":3}},{"type":"Feature","geometry":{"type":"Polygon","coordinates":[[[51.12,24.399],[51.953,22.484],[55.367,22.066],[55.699,22.303],[55.658,23.744],[56.405,24.919],[56.161,25.473],[56.157,25.966],[54.347,24.154],[53.687,23.987],[51.586,24.003],[51.288,24.411],[51.12,24.399]]]},"properties":{"NAME":"United Arab Emirates","SUBJECTO":"United Arab Emirates","PARTOF":"United Arab Emirates","BORDERPRECISION":3}},{"type":"Feature","geometry":{"type":"Polygon","coordinates":[[[-4.866,24.995],[-6.555,24.896],[-5.483,15.469],[-10.647,15.426],[-11.552,15.579],[-11.904,14.814],[-11.98,13.689],[-11.431,13.088],[-11.424,12.395],[-10.653,11.86],[-9.123,12.46],[-8.246,11.041],[-7.907,10.121],[-7.054,10.05],[-6.477,10.581],[-5.564,10.358],[-5.215,11.854],[-4.51,12.22],[-4.219,13.239],[-3.335,13.193],[-2.858,13.965],[-0.693,15.09],[0.274,14.963],[1.448,15.249],[3.402,15.343],[3.952,15.88],[4.249,17.255],[4.204,19.136],[3.225,18.953],[3.187,19.747],[1.839,20.165],[1.087,21.133],[-1.651,22.846],[-4.866,24.995]]]},"properties":{"NAME":"Mali","SUBJECTO":"Mali","PARTOF":"Mali","BORDERPRECISION":3}},{"type":"Feature","geometry":{"type":"Polygon","coordinates":[[[55.699,22.303],[56.03,21.237],[51.806,18.983],[51.949,18.399],[53.021,16.654],[54.084,17.019],[54.911,16.97],[55.561,17.937],[56.258,17.977],[56.739,18.689],[57.839,19.035],[57.806,20.172],[58.512,20.421],[59.837,22.279],[58.628,23.458],[57.146,23.982],[56.405,24.919],[55.658,23.744],[55.699,22.303]]]},"properties":{"NAME":"Oman","SUBJECTO":"Oman","PARTOF":"Oman","BORDERPRECISION":3}},{"type":"Feature","geometry":{"type":"Polygon","coordinates":[[[0.274,14.963],[0.397,14.067],[0.976,13.022],[2.065,12.609],[2.32,12.171],[2.725,12.339],[3.61,11.721],[4.19,13.479],[5.501,13.792],[6.371,13.613],[6.864,13.063],[8.095,13.28],[9.057,12.821],[10.413,13.306],[12.252,13.076],[13.539,13.655],[13.48,14.405],[14.395,15.713],[15.489,16.889],[15.668,19.553],[15.962,20.324],[15.208,21.419],[14.968,22.968],[14.18,22.569],[13.527,23.061],[11.959,23.472],[7.538,20.916],[5.775,19.444],[4.204,19.136],[4.249,17.255],[3.952,15.88],[3.402,15.343],[1.448,15.249],[0.274,14.963]]]},"properties":{"NAME":"Niger","SUBJECTO":"Niger","PARTOF":"Niger","BORDERPRECISION":3}},{"type":"Feature","geometry":{"type":"Polygon","coordinates":[[[13.539,13.655],[14.033,13.061],[15.002,12.018],[15.164,10.372],[13.911,9.551],[15.004,8.541],[15.557,7.502],[16.524,7.832],[16.948,7.516],[18.543,8.009],[18.886,8.901],[20.331,9.081],[22.278,10.968],[22.819,10.907],[22.261,12.677],[21.778,12.801],[23.013,15.681],[23.951,15.699],[23.95,19.474],[15.971,23.381],[14.968,22.968],[15.208,21.419],[15.962,20.324],[15.668,19.553],[15.489,16.889],[14.395,15.713],[13.48,14.405],[13.539,13.655]]]},"properties":{"NAME":"Chad","SUBJECTO":"Chad","PARTOF":"Chad","BORDERPRECISION":3}},{"type":"Feature","geometry":{"type":"Polygon","coordinates":[[[101.968,22.534],[102.993,20.94],[104.129,20.94],[104.716,20.2],[103.899,19.313],[104.812,18.722],[106.638,16.484],[107.108,16.17],[107.393,14.584],[107.385,12.354],[105.843,11.583],[105.494,10.888],[104.387,10.314],[104.979,9.981],[104.742,8.494],[106.482,9.552],[106.704,10.448],[107.412,10.367],[108.696,11.145],[109.073,11.635],[109.307,12.906],[108.786,15.091],[108.236,16.08],[106.433,17.55],[105.533,18.844],[105.843,19.702],[106.807,20.905],[107.876,21.462],[107.098,21.649],[105.941,22.931],[105.313,23.296],[104.478,22.783],[101.968,22.534]]]},"properties":{"NAME":"Vietnam","SUBJECTO":"Vietnam","PARTOF":"Vietnam","BORDERPRECISION":3}},{"type":"Feature","geometry":{"type":"Polygon","coordinates":[[[-82.177,22.366],[-80.776,22.102],[-79.735,21.672],[-78.728,21.617],[-78.45,20.969],[-77.291,20.704],[-77.461,19.871],[-75.519,19.907],[-74.345,20.323],[-75.604,21.013],[-77.34,21.512],[-78.171,22.12],[-79.76,22.759],[-81.431,23.137],[-82.959,23.025],[-82.177,22.366]]]},"properties":{"NAME":"Cuba","SUBJECTO":"Cuba","PARTOF":"Cuba","BORDERPRECISION":3}},{"type":"Feature","geometry":{"type":"Polygon","coordinates":[[[101.968,22.534],[101.014,21.442],[100.001,20.459],[100.5,19.439],[101.229,18.91],[100.888,17.6],[101.865,18.107],[102.661,17.845],[103.225,18.439],[103.928,18.278],[104.584,17.33],[104.61,16.644],[105.473,15.15],[105.057,14.239],[106.726,14.306],[107.393,14.584],[107.108,16.17],[106.638,16.484],[104.812,18.722],[103.899,19.313],[104.716,20.2],[104.129,20.94],[102.993,20.94],[101.968,22.534]]]},"properties":{"NAME":"Laos","SUBJECTO":"Laos","PARTOF":"Laos","BORDERPRECISION":3}},{"type":"Feature","geometry":{"type":"MultiPolygon","coordinates":[[[[-155.479,20.087],[-156.163,19.808],[-155.783,18.946],[-154.948,19.483],[-155.479,20.087]]],[[[-122.9,49.067],[-122.345,48.077],[-124.675,48.386],[-124.309,47.459],[-123.995,45.764],[-124.63,43.014],[-124.153,41.58],[-124.365,40.334],[-123.796,39.03],[-121.932,37.009],[-121.927,36.338],[-120.677,35.189],[-120.529,34.508],[-118.604,34.096],[-117.497,33.325],[-117.174,32.521],[-114.884,32.636],[-114.622,32.427],[-111.089,31.307],[-108.371,31.278],[-108.232,31.724],[-106.545,31.702],[-105.126,30.615],[-104.574,29.58],[-103.586,29.057],[-102.448,29.687],[-101.734,29.749],[-101.033,29.326],[-99.604,27.469],[-99.1,26.409],[-97.26,25.811],[-97.632,27.228],[-96.831,28.158],[-94.142,29.69],[-93.446,29.768],[-90,29.109],[-89.233,30.406],[-87.775,30.263],[-86.389,30.473],[-85.305,29.664],[-83.886,30.048],[-82.647,28.907],[-82.841,27.838],[-82.31,26.825],[-81.401,25.859],[-81.098,25.125],[-80.314,25.244],[-80.05,26.551],[-80.605,28.561],[-81.405,30.073],[-81.512,30.727],[-80.581,32.497],[-79.349,33.11],[-78.621,33.811],[-77.963,33.933],[-77.296,34.667],[-76.622,34.763],[-75.729,35.882],[-75.975,36.937],[-74.86,38.99],[-74.153,39.765],[-73.946,40.447],[-74.195,40.489],[-74.212,40.514],[-74.231,40.542],[-74.293,40.632],[-73.741,40.977],[-72.854,41.294],[-71.449,41.425],[-70.302,41.759],[-70.868,42.871],[-70.216,43.8],[-68.804,44.393],[-66.939,44.879],[-67.187,45.252],[-67.559,45.772],[-67.699,47.041],[-69.049,47.464],[-69.565,46.946],[-70.589,45.295],[-71.535,44.959],[-74.782,45.012],[-76.133,44.327],[-76.174,43.625],[-76.937,43.237],[-79.14,43.222],[-79.05,42.852],[-80.073,42.153],[-81.811,41.495],[-82.568,41.404],[-83.056,42.027],[-82.298,43.029],[-82.748,43.962],[-83.294,43.954],[-83.431,45.275],[-83.821,46.15],[-84.744,46.468],[-85.1,46.749],[-87.273,46.512],[-88.233,46.914],[-90.277,46.625],[-90.832,46.944],[-90.457,47.705],[-89.622,47.968],[-90,48.249],[-91.682,48.039],[-92.839,48.515],[-93.713,48.574],[-94.82,49.051],[-122.9,49.067]],[[-87.375,41.634],[-87.783,42.204],[-87.908,43.192],[-86.972,45.853],[-84.948,45.968],[-85.492,44.798],[-86.259,44.605],[-86.514,43.681],[-86.219,42.799],[-86.674,41.874],[-87.375,41.634]]],[[[-141.059,69.595],[-143.308,70.197],[-145.273,70.116],[-149.286,70.539],[-152.137,70.534],[-152.971,70.934],[-156.905,71.346],[-157.812,70.971],[-160.24,70.858],[-162.879,69.999],[-164.067,69.065],[-166.297,68.88],[-166.844,68.405],[-164.513,67.797],[-163.739,67.218],[-161.936,67.088],[-161.261,66.396],[-162.275,66.071],[-163.843,66.178],[-164.463,66.596],[-168.18,65.694],[-166.604,65.15],[-166.348,64.637],[-163.883,64.591],[-163.025,64.442],[-161.291,64.964],[-160.902,64.813],[-161.133,63.563],[-162.474,63.41],[-163.309,63.038],[-164.292,63.25],[-165.431,62.43],[-165.834,61.834],[-164.845,60.816],[-165.048,60.416],[-164.027,59.798],[-162.378,60.163],[-162.004,58.827],[-159.814,58.941],[-159.11,58.488],[-157.139,58.856],[-157.665,57.604],[-160.457,56.2],[-160.169,55.807],[-159.077,55.992],[-158.527,56.449],[-156.496,57.1],[-155.598,57.896],[-154.649,58.076],[-153.682,58.642],[-153.71,59.644],[-152.878,60.279],[-150.781,61.292],[-151.783,59.995],[-151.388,59.213],[-149.326,60.027],[-148.494,59.904],[-148.493,61.064],[-147.94,61.206],[-145.998,60.662],[-145.003,60.552],[-144.406,60.093],[-141.439,60.091],[-140.905,59.786],[-139.573,59.9],[-139.2,59.277],[-138.446,59.162],[-137.085,58.447],[-134.83,58.561],[-134.123,58.239],[-131.767,56.01],[-131.191,56.035],[-130.003,55.289],[-130.287,56.107],[-131.725,56.605],[-133.503,58.424],[-135.258,59.67],[-135.855,59.646],[-137.223,58.882],[-138.621,59.778],[-139.005,60.258],[-140.895,60.389],[-140.916,64.768],[-141.059,69.595]]]]},"properties":{"NAME":"United States","SUBJECTO":"United States","PARTOF":"United States","BORDERPRECISION":3}},{"type":"Feature","geometry":{"type":"Polygon","coordinates":[[[-71.777,19.771],[-72.676,19.392],[-72.746,18.509],[-71.677,18.003],[-71.777,19.771]]]},"properties":{"NAME":"Haiti","SUBJECTO":"Haiti","PARTOF":"Haiti","BORDERPRECISION":3}},{"type":"Feature","geometry":{"type":"Polygon","coordinates":[[[-71.677,18.003],[-70.621,18.507],[-68.657,18.873],[-70.882,19.93],[-71.777,19.771],[-71.677,18.003]]]},"properties":{"NAME":"Dominican Republic","SUBJECTO":"Dominican Republic","PARTOF":"Dominican Republic","BORDERPRECISION":3}},{"type":"Feature","geometry":{"type":"MultiPolygon","coordinates":[[[[120.364,14.531],[121.009,13.656],[121.729,14.108],[121.242,15.308],[122.396,17.114],[122.028,18.009],[121.036,18.528],[120.393,18.044],[120.303,16.417],[119.772,15.47],[120.364,14.531]]],[[[121.873,10.468],[122.897,11.15],[121.994,11.758],[121.873,10.468]]],[[[122.942,9.048],[123.312,10.738],[122.92,10.852],[122.396,9.478],[122.942,9.048]]],[[[126.045,6.608],[126.322,7.149],[126.272,8.426],[125.934,9.175],[123.663,8.014],[123.486,8.496],[122.094,7.775],[123.023,7.478],[123.465,7.791],[124.224,6.09],[125.073,5.723],[125.28,6.594],[126.045,6.608]]]]},"properties":{"NAME":"Philippines","SUBJECTO":"Philippines","PARTOF":"Philippines","BORDERPRECISION":3}},{"type":"Feature","geometry":{"type":"Polygon","coordinates":[[[-66.906,17.936],[-65.967,18.027],[-65.952,18.472],[-67.055,18.546],[-66.906,17.936]]]},"properties":{"NAME":"Puerto Rico","SUBJECTO":"Puerto Rico","PARTOF":"Puerto Rico","BORDERPRECISION":3}},{"type":"Feature","geometry":{"type":"Polygon","coordinates":[[[-77.291,17.806],[-76.426,18.119],[-77.769,18.51],[-77.291,17.806]]]},"properties":{"NAME":"Jamaica","SUBJECTO":"Jamaica","PARTOF":"Jamaica","BORDERPRECISION":3}},{"type":"Feature","geometry":{"type":"Polygon","coordinates":[[[-5.564,10.358],[-4.399,9.57],[-3.413,9.843],[-2.84,9.573],[-2.702,10.928],[0.064,11.065],[0.925,10.898],[2.272,11.663],[2.32,12.171],[2.065,12.609],[0.976,13.022],[0.397,14.067],[0.274,14.963],[-0.693,15.09],[-2.858,13.965],[-3.335,13.193],[-4.219,13.239],[-4.51,12.22],[-5.215,11.854],[-5.564,10.358]]]},"properties":{"NAME":"Burkina Faso","SUBJECTO":"Burkina Faso","PARTOF":"Burkina Faso","BORDERPRECISION":3}},{"type":"Feature","geometry":{"type":"Polygon","coordinates":[[[-85.84,11.078],[-83.747,10.878],[-83.914,11.251],[-83.417,15.001],[-84.834,14.771],[-85.735,13.857],[-86.689,13.768],[-87.404,13.03],[-87.261,12.623],[-85.84,11.078]]]},"properties":{"NAME":"Nicaragua","SUBJECTO":"Nicaragua","PARTOF":"Nicaragua","BORDERPRECISION":3}},{"type":"Feature","geometry":{"type":"Polygon","coordinates":[[[107.393,14.584],[106.726,14.306],[105.057,14.239],[103.083,14.291],[102.335,13.233],[102.671,12.038],[103.04,10.898],[104.387,10.314],[105.494,10.888],[105.843,11.583],[107.385,12.354],[107.393,14.584]]]},"properties":{"NAME":"Cambodia","SUBJECTO":"Cambodia","PARTOF":"Cambodia","BORDERPRECISION":3}},{"type":"Feature","geometry":{"type":"Polygon","coordinates":[[[-85.84,11.078],[-85.778,10.138],[-85.089,9.583],[-83.615,9.152],[-83.605,8.548],[-82.957,8.047],[-82.907,9.519],[-82.56,9.583],[-83.747,10.878],[-85.84,11.078]]]},"properties":{"NAME":"Costa Rica","SUBJECTO":"Costa Rica","PARTOF":"Costa Rica","BORDERPRECISION":3}},{"type":"Feature","geometry":{"type":"Polygon","coordinates":[[[15.557,7.502],[14.403,5.83],[15.124,3.609],[16.077,2.128],[16.548,3.306],[18.504,3.534],[18.612,4.323],[19.578,5.079],[20.562,4.341],[22.417,4.066],[22.88,4.761],[23.426,4.542],[24.263,4.929],[25.213,4.896],[25.488,5.311],[26.588,4.942],[27.244,5.162],[26.945,5.872],[25.299,7.331],[25.288,7.725],[23.522,8.611],[23.634,9.666],[22.819,10.907],[22.278,10.968],[20.331,9.081],[18.886,8.901],[18.543,8.009],[16.948,7.516],[16.524,7.832],[15.557,7.502]]]},"properties":{"NAME":"Central African Republic","SUBJECTO":"Central African Republic","PARTOF":"Central African Republic","BORDERPRECISION":3}},{"type":"Feature","geometry":{"type":"Polygon","coordinates":[[[-13.164,8.851],[-13.212,8.347],[-11.465,6.844],[-10.377,8.076],[-10.568,8.987],[-11.29,9.898],[-12.386,9.796],[-13.164,8.851]]]},"properties":{"NAME":"Sierra Leone","SUBJECTO":"Sierra Leone","PARTOF":"Sierra Leone","BORDERPRECISION":3}},{"type":"Feature","geometry":{"type":"Polygon","coordinates":[[[80.563,5.932],[81.203,6.079],[81.866,7.085],[80.662,9.299],[79.675,8.805],[79.854,7.061],[80.563,5.932]]]},"properties":{"NAME":"Sri Lanka","SUBJECTO":"Sri Lanka","PARTOF":"Sri Lanka","BORDERPRECISION":3}},{"type":"Feature","geometry":{"type":"Polygon","coordinates":[[[-82.957,8.047],[-82.384,8.321],[-80.814,7.27],[-79.717,8.883],[-79.068,9.034],[-78.184,8.413],[-77.897,7.172],[-77.125,7.98],[-77.495,8.661],[-78.266,9.386],[-79.5,9.638],[-80.962,8.865],[-82.23,9.047],[-82.56,9.583],[-82.907,9.519],[-82.957,8.047]]]},"properties":{"NAME":"Panama","SUBJECTO":"Panama","PARTOF":"Panama","BORDERPRECISION":3}},{"type":"Feature","geometry":{"type":"Polygon","coordinates":[[[-60.553,5.009],[-59.881,4.95],[-59.513,3.966],[-59.935,2.73],[-59.625,1.734],[-58.853,1.154],[-57.134,1.902],[-56.71,1.891],[-57.246,3.255],[-57.995,3.963],[-57.764,4.911],[-57.065,5.837],[-57.414,6.351],[-58.575,6.984],[-58.617,7.499],[-59.834,8.44],[-60.564,7.565],[-61.255,5.87],[-60.553,5.009]]]},"properties":{"NAME":"Guyana","SUBJECTO":"Guyana","PARTOF":"Guyana","BORDERPRECISION":3}},{"type":"Feature","geometry":{"type":"Polygon","coordinates":[[[-11.465,6.844],[-9.937,5.863],[-9.248,5.172],[-7.562,4.351],[-7.419,5.732],[-8.53,6.526],[-8.304,7.436],[-9.464,7.43],[-9.622,8.395],[-10.377,8.076],[-11.465,6.844]]]},"properties":{"NAME":"Liberia","SUBJECTO":"Liberia","PARTOF":"Liberia","BORDERPRECISION":3}},{"type":"Feature","geometry":{"type":"Polygon","coordinates":[[[18.504,3.534],[17.96,2.088],[17.455,-0.845],[16.648,-1.409],[16.098,-2.328],[15.994,-3.67],[14.444,-4.887],[14.334,-4.303],[13.017,-4.768],[12.2,-5.751],[12.339,-6.19],[14.049,-5.932],[16.412,-5.969],[17.184,-7.687],[17.603,-8.116],[19.31,-8.043],[19.549,-7.031],[20.507,-6.993],[21.609,-7.336],[21.858,-8.479],[21.693,-9.421],[22.549,-11.158],[23.94,-11.041],[24.575,-11.438],[27.451,-12.19],[28.426,-12.706],[29.006,-13.421],[29.783,-13.467],[29.774,-12.221],[28.916,-12.296],[28.315,-11.511],[28.62,-10.524],[28.466,-9.304],[29.049,-8.544],[30.659,-8.289],[30.157,-7.126],[29.517,-6.438],[29.346,-4.754],[29.204,-3.216],[28.894,-2.767],[29.081,-1.812],[29.528,-1.434],[29.769,0.442],[31.159,1.804],[30.713,2.374],[30.737,3.505],[29.693,4.516],[28.058,4.271],[27.244,5.162],[26.588,4.942],[25.488,5.311],[25.213,4.896],[24.263,4.929],[23.426,4.542],[22.88,4.761],[22.417,4.066],[20.562,4.341],[19.578,5.079],[18.612,4.323],[18.504,3.534]]]},"properties":{"NAME":"Zaire","SUBJECTO":"Zaire","PARTOF":"Zaire","BORDERPRECISION":3}},{"type":"Feature","geometry":{"type":"Polygon","coordinates":[[[30.659,-8.289],[31.094,-8.672],[33.205,-9.658],[34.261,-10.32],[34.494,-11.604],[36.041,-11.459],[36.417,-11.768],[38.607,-11.438],[40.466,-10.475],[39.658,-9.796],[39.27,-7.801],[39.566,-7.044],[38.922,-6.34],[39.229,-4.845],[37.657,-3.694],[37.616,-3.166],[33.919,-1.117],[33.267,-1.132],[30.596,-1.155],[30.889,-2.113],[30.464,-2.484],[30.838,-3.308],[29.909,-4.598],[29.346,-4.754],[29.517,-6.438],[30.157,-7.126],[30.659,-8.289]]]},"properties":{"NAME":"Tanzania, United Republic of","SUBJECTO":"Tanzania, United Republic of","PARTOF":"Tanzania, United Republic of","BORDERPRECISION":3}},{"type":"Feature","geometry":{"type":"Polygon","coordinates":[[[28.894,-2.767],[29.558,-2.922],[30.464,-2.484],[30.889,-2.113],[30.596,-1.155],[29.528,-1.434],[29.081,-1.812],[28.894,-2.767]]]},"properties":{"NAME":"Rwanda","SUBJECTO":"Rwanda","PARTOF":"Rwanda","BORDERPRECISION":3}},{"type":"Feature","geometry":{"type":"Polygon","coordinates":[[[29.346,-4.754],[29.909,-4.598],[30.838,-3.308],[30.464,-2.484],[29.558,-2.922],[28.894,-2.767],[29.204,-3.216],[29.346,-4.754]]]},"properties":{"NAME":"Burundi","SUBJECTO":"Burundi","PARTOF":"Burundi","BORDERPRECISION":3}},{"type":"Feature","geometry":{"type":"MultiPolygon","coordinates":[[[[12.339,-6.19],[13.387,-8.156],[13.204,-9.637],[13.816,-10.976],[13.649,-12.197],[12.585,-13.464],[12.06,-15.594],[11.782,-15.868],[11.781,-17.336],[13.365,-17.029],[14.062,-17.45],[18.266,-17.464],[19.047,-17.885],[21.459,-18.024],[23.229,-17.664],[21.995,-16.38],[21.959,-13.075],[23.782,-13.013],[24.093,-12.382],[23.94,-11.041],[22.549,-11.158],[21.693,-9.421],[21.858,-8.479],[21.609,-7.336],[20.507,-6.993],[19.549,-7.031],[19.31,-8.043],[17.603,-8.116],[17.184,-7.687],[16.412,-5.969],[14.049,-5.932],[12.339,-6.19]]],[[[13.017,-4.768],[12,-5.004],[12.2,-5.751],[13.017,-4.768]]]]},"properties":{"NAME":"Angola","SUBJECTO":"Angola","PARTOF":"Angola","BORDERPRECISION":3}},{"type":"Feature","geometry":{"type":"Polygon","coordinates":[[[23.94,-11.041],[24.093,-12.382],[23.782,-13.013],[21.959,-13.075],[21.995,-16.38],[23.229,-17.664],[24.06,-17.5],[25,-17.812],[25.345,-18.014],[26.889,-18.106],[28,-16.771],[28.729,-16.652],[29.082,-16.008],[30.402,-15.67],[30.382,-14.983],[33.108,-14.045],[32.723,-13.59],[33.228,-11.946],[33.256,-10.865],[33.651,-10.443],[33.205,-9.658],[31.094,-8.672],[30.659,-8.289],[29.049,-8.544],[28.466,-9.304],[28.62,-10.524],[28.315,-11.511],[28.916,-12.296],[29.774,-12.221],[29.783,-13.467],[29.006,-13.421],[28.426,-12.706],[27.451,-12.19],[24.575,-11.438],[23.94,-11.041]]]},"properties":{"NAME":"Zambia","SUBJECTO":"Zambia","PARTOF":"Zambia","BORDERPRECISION":3}},{"type":"Feature","geometry":{"type":"Polygon","coordinates":[[[33.205,-9.658],[33.651,-10.443],[33.256,-10.865],[33.228,-11.946],[32.723,-13.59],[33.108,-14.045],[33.643,-14.589],[34.478,-14.743],[34.235,-15.863],[34.885,-16.896],[35.788,-16.07],[35.876,-14.83],[34.713,-13.527],[34.345,-12.353],[34.494,-11.604],[34.261,-10.32],[33.205,-9.658]]]},"properties":{"NAME":"Malawi","SUBJECTO":"Malawi","PARTOF":"Malawi","BORDERPRECISION":3}},{"type":"Feature","geometry":{"type":"Polygon","coordinates":[[[-69.59,-10.902],[-68.64,-12.58],[-69.245,-14.738],[-69.291,-15.856],[-69.012,-16.617],[-69.43,-17.604],[-68.433,-19.459],[-68.64,-20.445],[-68.182,-21.249],[-67.783,-22.904],[-67.189,-22.984],[-66.146,-21.923],[-64.756,-22.163],[-62.61,-22.157],[-62.139,-20.464],[-61.551,-19.641],[-59.056,-19.328],[-58.138,-19.812],[-57.596,-18.043],[-58.402,-17.133],[-58.333,-16.37],[-60.032,-16.329],[-60.363,-13.904],[-61.627,-13.625],[-62.079,-13.101],[-63.605,-12.512],[-64.261,-12.472],[-65.273,-11.366],[-65.309,-9.816],[-66.306,-9.841],[-68.502,-11.086],[-69.59,-10.902]]]},"properties":{"NAME":"Bolivia","SUBJECTO":"Bolivia","PARTOF":"Bolivia","BORDERPRECISION":3}},{"type":"Feature","geometry":{"type":"Polygon","coordinates":[[[34.494,-11.604],[34.345,-12.353],[34.713,-13.527],[35.876,-14.83],[35.788,-16.07],[34.885,-16.896],[34.235,-15.863],[34.478,-14.743],[33.643,-14.589],[33.108,-14.045],[30.382,-14.983],[30.402,-15.67],[32.649,-16.61],[33.04,-18.382],[32.69,-18.962],[33.061,-19.927],[32.459,-20.789],[32.414,-21.431],[31.278,-22.557],[31.911,-24.34],[32.013,-26.082],[32.163,-27.009],[32.849,-26.979],[32.5,-26.068],[33.347,-25.304],[34.884,-24.722],[35.297,-23.825],[35.261,-22.274],[34.699,-20.572],[34.726,-19.86],[35.915,-19.032],[37.275,-17.713],[39.471,-16.717],[40.386,-15.736],[40.599,-14.401],[40.311,-11.345],[40.466,-10.475],[38.607,-11.438],[36.417,-11.768],[36.041,-11.459],[34.494,-11.604]]]},"properties":{"NAME":"Mozambique","SUBJECTO":"Mozambique","PARTOF":"Mozambique","BORDERPRECISION":3}},{"type":"Feature","geometry":{"type":"Polygon","coordinates":[[[44.672,-16.236],[43.972,-17.553],[44.47,-20.17],[43.501,-21.494],[43.376,-22.632],[43.827,-23.413],[43.671,-24.227],[44.425,-25.312],[45.576,-25.621],[46.855,-25.218],[47.258,-24.766],[49.342,-18.228],[49.425,-17.198],[50.503,-15.314],[49.817,-12.831],[49.176,-12.266],[48.751,-13.418],[48.224,-13.794],[46.925,-15.36],[46.142,-15.826],[44.672,-16.236]]]},"properties":{"NAME":"Madagascar","SUBJECTO":"Madagascar","PARTOF":"Madagascar","BORDERPRECISION":3}},{"type":"Feature","geometry":{"type":"Polygon","coordinates":[[[25.345,-18.014],[26.357,-19.756],[27.618,-20.569],[27.97,-21.578],[29.233,-22.187],[31.278,-22.557],[32.414,-21.431],[32.459,-20.789],[33.061,-19.927],[32.69,-18.962],[33.04,-18.382],[32.649,-16.61],[30.402,-15.67],[29.082,-16.008],[28.729,-16.652],[28,-16.771],[26.889,-18.106],[25.345,-18.014]]]},"properties":{"NAME":"Zimbabwe","SUBJECTO":"Zimbabwe","PARTOF":"Zimbabwe","BORDERPRECISION":3}},{"type":"Feature","geometry":{"type":"Polygon","coordinates":[[[11.781,-17.336],[12.08,-18.491],[12.929,-19.742],[14.57,-22.758],[14.444,-23.412],[14.909,-25.018],[14.843,-25.622],[15.454,-27.616],[16.334,-28.561],[17.008,-28.072],[17.707,-28.873],[19.129,-28.948],[19.866,-28.352],[19.843,-24.944],[19.886,-22.115],[20.919,-22.058],[20.95,-18.395],[24.106,-18.027],[25,-17.812],[24.06,-17.5],[23.229,-17.664],[21.459,-18.024],[19.047,-17.885],[18.266,-17.464],[14.062,-17.45],[13.365,-17.029],[11.781,-17.336]]]},"properties":{"NAME":"Namibia","SUBJECTO":"Namibia","PARTOF":"Namibia","BORDERPRECISION":3}},{"type":"Feature","geometry":{"type":"MultiPolygon","coordinates":[[[[-69.43,-17.604],[-70.364,-18.455],[-70.209,-19.067],[-70.111,-21.748],[-70.573,-23.166],[-70.398,-25.249],[-70.935,-27.727],[-71.43,-29.1],[-71.234,-29.519],[-71.695,-30.854],[-71.416,-32.753],[-71.616,-33.706],[-72.629,-35.646],[-73.144,-37.156],[-73.673,-37.501],[-73.194,-39.565],[-73.905,-40.839],[-73.594,-41.697],[-72.891,-41.529],[-72.438,-42.305],[-72.999,-43.334],[-73.571,-46.265],[-74.564,-45.872],[-75.011,-46.774],[-73.979,-47.032],[-74.312,-48.745],[-74.19,-50.171],[-73.408,-52.024],[-72.81,-51.93],[-71.152,-52.962],[-69.237,-52.294],[-68.456,-52.42],[-69.587,-52.143],[-71.794,-52.088],[-72.333,-50.693],[-73.158,-50.855],[-73.513,-49.761],[-72.458,-48.854],[-72.382,-47.578],[-71.693,-46.691],[-71.738,-45.733],[-71.324,-44.814],[-71.787,-44.109],[-71.696,-42.156],[-71.86,-40.748],[-71.363,-39.029],[-70.844,-38.727],[-71.153,-37.811],[-71.095,-36.805],[-70.391,-36.165],[-70.48,-35.358],[-69.84,-33.761],[-70.505,-31.689],[-69.852,-30.359],[-69.951,-29.356],[-68.348,-26.198],[-68.393,-24.604],[-67.258,-24.083],[-67.189,-22.984],[-67.783,-22.904],[-68.182,-21.249],[-68.64,-20.445],[-68.433,-19.459],[-69.43,-17.604]]],[[[-68.749,-54.889],[-68.705,-53.235],[-68.701,-52.72],[-69.407,-52.566],[-70.333,-53.473],[-69.568,-54.459],[-68.749,-54.889]]]]},"properties":{"NAME":"Chile","SUBJECTO":"Chile","PARTOF":"Chile","BORDERPRECISION":3}},{"type":"Feature","geometry":{"type":"Polygon","coordinates":[[[25,-17.812],[24.106,-18.027],[20.95,-18.395],[20.919,-22.058],[19.886,-22.115],[19.843,-24.944],[20.403,-25.329],[20.773,-26.954],[22.172,-26.558],[22.938,-25.448],[24.477,-25.903],[25.376,-25.84],[25.865,-24.871],[26.815,-24.357],[26.963,-23.771],[28.215,-22.715],[29.233,-22.187],[27.97,-21.578],[27.618,-20.569],[26.357,-19.756],[25.345,-18.014],[25,-17.812]]]},"properties":{"NAME":"Botswana","SUBJECTO":"Botswana","PARTOF":"Botswana","BORDERPRECISION":3}},{"type":"Feature","geometry":{"type":"Polygon","coordinates":[[[-62.61,-22.157],[-61.24,-23.616],[-59.811,-24.217],[-57.71,-25.336],[-58.277,-26.381],[-58.072,-27.193],[-55.732,-27.452],[-54.817,-26.558],[-54.58,-25.743],[-54.219,-24.121],[-55.349,-23.779],[-55.623,-22.446],[-56.379,-22.139],[-57.806,-22.154],[-57.752,-20.686],[-58.138,-19.812],[-59.056,-19.328],[-61.551,-19.641],[-62.139,-20.464],[-62.61,-22.157]]]},"properties":{"NAME":"Paraguay","SUBJECTO":"Paraguay","PARTOF":"Paraguay","BORDERPRECISION":3}},{"type":"Feature","geometry":{"type":"Polygon","coordinates":[[[32.163,-27.009],[31.331,-27.409],[30.812,-26.75],[31.362,-25.818],[32.013,-26.082],[31.911,-24.34],[31.278,-22.557],[29.233,-22.187],[28.215,-22.715],[26.963,-23.771],[26.815,-24.357],[25.865,-24.871],[25.376,-25.84],[24.477,-25.903],[22.938,-25.448],[22.172,-26.558],[20.773,-26.954],[20.403,-25.329],[19.843,-24.944],[19.866,-28.352],[19.129,-28.948],[17.707,-28.873],[17.008,-28.072],[16.334,-28.561],[18.179,-31.805],[18.487,-34.398],[20.256,-34.623],[21.669,-34.506],[22.682,-34.103],[24.43,-34.335],[25.619,-33.919],[26.659,-33.847],[28.922,-32.298],[30.391,-30.814],[31.563,-29.21],[32.235,-28.744],[32.849,-26.979],[32.163,-27.009]],[[27.848,-30.786],[27.071,-29.799],[27.737,-29.07],[28.616,-28.721],[29.436,-29.429],[28.99,-30.137],[27.848,-30.786]]]},"properties":{"NAME":"South Africa","SUBJECTO":"South Africa","PARTOF":"South Africa","BORDERPRECISION":3}},{"type":"Feature","geometry":{"type":"Polygon","coordinates":[[[32.013,-26.082],[31.362,-25.818],[30.812,-26.75],[31.331,-27.409],[32.163,-27.009],[32.013,-26.082]]]},"properties":{"NAME":"Swaziland","SUBJECTO":"Swaziland","PARTOF":"Swaziland","BORDERPRECISION":3}},{"type":"Feature","geometry":{"type":"Polygon","coordinates":[[[27.848,-30.786],[28.99,-30.137],[29.436,-29.429],[28.616,-28.721],[27.737,-29.07],[27.071,-29.799],[27.848,-30.786]]]},"properties":{"NAME":"Lesotho","SUBJECTO":"Lesotho","PARTOF":"Lesotho","BORDERPRECISION":3}},{"type":"Feature","geometry":{"type":"MultiPolygon","coordinates":[[[[175.308,-37.321],[174.217,-35.337],[173.046,-35.253],[174.765,-37.297],[174.945,-37.928],[174.655,-38.983],[173.992,-39.611],[175.354,-40.3],[174.895,-41.296],[176.011,-41.255],[177.157,-39.854],[178.408,-38.771],[178.569,-37.921],[177.528,-38.204],[176.129,-37.798],[175.308,-37.321]]],[[[172.063,-43.923],[174.234,-42.011],[174.058,-41.291],[173.264,-41.544],[172.437,-40.753],[172.148,-41.578],[171.458,-41.993],[171.024,-42.887],[169.649,-43.741],[168.416,-44.221],[167.137,-45.2],[166.551,-45.967],[169.399,-46.71],[170.612,-45.946],[171.378,-44.338],[172.063,-43.923]]]]},"properties":{"NAME":"New Zealand","SUBJECTO":"New Zealand","PARTOF":"New Zealand","BORDERPRECISION":3}},{"type":"Feature","geometry":{"type":"MultiPolygon","coordinates":[[[[-67.189,-22.984],[-67.258,-24.083],[-68.393,-24.604],[-68.348,-26.198],[-69.951,-29.356],[-69.852,-30.359],[-70.505,-31.689],[-69.84,-33.761],[-70.48,-35.358],[-70.391,-36.165],[-71.095,-36.805],[-71.153,-37.811],[-70.844,-38.727],[-71.363,-39.029],[-71.86,-40.748],[-71.696,-42.156],[-71.787,-44.109],[-71.324,-44.814],[-71.738,-45.733],[-71.693,-46.691],[-72.382,-47.578],[-72.458,-48.854],[-73.513,-49.761],[-73.158,-50.855],[-72.333,-50.693],[-71.794,-52.088],[-69.587,-52.143],[-68.456,-52.42],[-69.077,-51.499],[-69.041,-50.562],[-67.833,-49.968],[-67.578,-49.059],[-66.078,-48.142],[-65.776,-47.23],[-67.328,-46.532],[-67.472,-45.922],[-66.973,-45.306],[-65.27,-44.258],[-65.047,-43.331],[-63.6,-42.704],[-63.729,-42.101],[-64.992,-42.193],[-64.939,-40.827],[-62.964,-41.137],[-62.068,-39.556],[-61.361,-39.031],[-59.515,-38.875],[-57.809,-38.386],[-56.698,-36.944],[-57.419,-35.997],[-57.226,-35.436],[-58.523,-34.587],[-58.34,-34.216],[-58.021,-32.964],[-58.118,-32.139],[-57.576,-30.403],[-54.755,-27.694],[-53.731,-27.218],[-53.616,-26.271],[-54.58,-25.743],[-54.817,-26.558],[-55.732,-27.452],[-58.072,-27.193],[-58.277,-26.381],[-57.71,-25.336],[-59.811,-24.217],[-61.24,-23.616],[-62.61,-22.157],[-64.756,-22.163],[-66.146,-21.923],[-67.189,-22.984]]],[[[-68.749,-54.889],[-67.153,-54.91],[-66.983,-54.341],[-68.13,-53.375],[-68.705,-53.235],[-68.749,-54.889]]]]},"properties":{"NAME":"Argentina","SUBJECTO":"Argentina","PARTOF":"Argentina","BORDERPRECISION":3}},{"type":"Feature","geometry":{"type":"Polygon","coordinates":[[[-24.219,65.534],[-23.678,65.317],[-21.955,65.378],[-22.279,64.619],[-21.804,64.11],[-19.553,63.415],[-18.642,63.324],[-16.534,63.784],[-14.26,64.713],[-13.647,65.495],[-15.86,66.419],[-16.922,65.978],[-18.676,66.091],[-21.08,65.205],[-21.779,66.254],[-24.219,65.534]]]},"properties":{"NAME":"Iceland","SUBJECTO":"Iceland","PARTOF":"Iceland","BORDERPRECISION":3}},{"type":"Feature","geometry":{"type":"MultiPolygon","coordinates":[[[[-0.204,53.523],[-0.296,54.033],[-1.389,54.68],[-1.719,55.454],[-2.773,56.171],[-2.15,57.572],[-4.148,57.555],[-3.166,58.275],[-4.926,58.567],[-5.763,57.62],[-5.57,55.751],[-4.711,56.131],[-4.908,55.664],[-4.638,55.428],[-4.6,54.688],[-3.577,54.924],[-2.886,54.169],[-3.057,53.514],[-3.957,53.205],[-4.295,52.2],[-4.281,51.187],[-3.521,50.617],[-1.103,50.817],[0.192,50.731],[0.686,51.56],[1.512,52.026],[1.376,52.809],[-0.204,53.523]]],[[[-6.206,53.957],[-5.662,54.322],[-6.018,55.093],[-7.428,55.064],[-7.098,54.393],[-6.206,53.957]]]]},"properties":{"NAME":"United Kingdom","SUBJECTO":"United Kingdom","PARTOF":"United Kingdom","BORDERPRECISION":3}},{"type":"Feature","geometry":{"type":"Polygon","coordinates":[[[-7.428,55.064],[-8.345,55.095],[-8.59,54.203],[-9.892,54.326],[-9.526,52.905],[-9.819,51.435],[-8.565,51.615],[-7.751,52.033],[-6.406,52.214],[-6.043,52.893],[-6.206,53.957],[-7.098,54.393],[-7.428,55.064]]]},"properties":{"NAME":"Ireland","SUBJECTO":"Ireland","PARTOF":"Ireland","BORDERPRECISION":3}},{"type":"Feature","geometry":{"type":"Polygon","coordinates":[[[116.76,49.93],[115.734,49.864],[114.098,50.274],[112.524,49.462],[109.424,49.296],[107.549,49.827],[106.323,50.417],[105.155,50.443],[103.681,50.166],[102.639,50.456],[102.117,51.361],[98.918,52.037],[97.895,51.095],[98.31,50.479],[97.423,49.786],[94.7,50.027],[94.21,50.549],[92.16,50.755],[90,50.307],[89.796,49.816],[87.868,49.233],[88.23,48.537],[90,47.845],[90,45.328],[93.507,44.943],[95.244,44.277],[96.408,42.749],[98.218,42.598],[101.736,42.541],[103.509,41.859],[104.808,41.578],[107.359,42.411],[109.38,42.435],[110.253,42.767],[111.945,43.86],[111.416,44.403],[112.102,45.14],[113.769,44.866],[114.639,45.47],[115.621,45.495],[116.477,46.307],[118.311,46.738],[119.581,46.647],[119.768,46.746],[118.771,47.862],[117.914,48.046],[115.717,47.729],[115.596,48.105],[116.76,49.93]]]},"properties":{"NAME":"Mongolia","SUBJECTO":"Mongolia","PARTOF":"Mongolia","BORDERPRECISION":3}},{"type":"Feature","geometry":{"type":"Polygon","coordinates":[[[6.109,50.117],[6,50.742],[5.113,51.405],[3.775,51.388],[2.522,51.091],[2.875,50.682],[5.824,49.507],[6.109,50.117]]]},"properties":{"NAME":"Belgium","SUBJECTO":"Belgium","PARTOF":"Belgium","BORDERPRECISION":3}},{"type":"Feature","geometry":{"type":"Polygon","coordinates":[[[16.26,46.889],[16.657,46.384],[17.794,45.807],[20.315,46.132],[21.34,46.525],[22.059,47.556],[23.029,48.012],[22.099,48.405],[20.579,48.56],[18.828,47.878],[17.331,47.995],[16.26,46.889]]]},"properties":{"NAME":"Hungary","SUBJECTO":"Hungary","PARTOF":"Hungary","BORDERPRECISION":3}},{"type":"Feature","geometry":{"type":"Polygon","coordinates":[[[20.315,46.132],[21.367,44.809],[22.694,44.263],[22.944,43.895],[25.378,43.781],[26.684,44.253],[28.51,43.743],[28.686,44.488],[29.616,45.41],[28.19,45.464],[28.237,46.645],[26.995,48.19],[25.237,47.921],[23.029,48.012],[22.059,47.556],[21.34,46.525],[20.315,46.132]]]},"properties":{"NAME":"Romania","SUBJECTO":"Romania","PARTOF":"Romania","BORDERPRECISION":3}},{"type":"Feature","geometry":{"type":"Polygon","coordinates":[[[22.694,44.263],[22.318,43.681],[22.915,43.176],[22.326,42.293],[22.92,41.231],[24.418,41.476],[25.359,41.154],[26.35,41.641],[26.857,42.009],[27.918,41.978],[28.035,43.392],[28.51,43.743],[26.684,44.253],[25.378,43.781],[22.944,43.895],[22.694,44.263]]]},"properties":{"NAME":"Bulgaria","SUBJECTO":"Bulgaria","PARTOF":"Bulgaria","BORDERPRECISION":3}},{"type":"Feature","geometry":{"type":"MultiPolygon","coordinates":[[[[5.824,49.507],[2.875,50.682],[2.522,51.091],[1.589,50.822],[1.275,50.004],[-1.023,49.398],[-1.871,48.712],[-3.999,48.731],[-3.955,47.904],[-2.005,47.043],[-1.075,46.015],[-1.561,43.524],[-1.915,43.305],[-0.612,42.731],[1.454,42.613],[1.481,42.647],[1.724,42.509],[1.721,42.506],[1.913,42.454],[3.087,42.369],[3.068,42.945],[4.078,43.487],[5.829,43.021],[6.523,43.151],[7.553,43.867],[6.783,44.548],[6.955,45.939],[6.361,46.348],[6.172,46.212],[6.108,46.576],[6.456,46.775],[6.51,46.967],[7.507,47.604],[7.729,48.616],[6.433,49.445],[5.824,49.507]]],[[[6.832,46.467],[6.744,46.488],[6.746,46.487],[6.776,46.473],[6.832,46.467]]],[[[8.627,41.732],[9.173,41.35],[9.487,42.406],[8.5,42.36],[8.627,41.732]]]]},"properties":{"NAME":"France","SUBJECTO":"France","PARTOF":"France","BORDERPRECISION":3}},{"type":"Feature","geometry":{"type":"Polygon","coordinates":[[[127.068,38.26],[128.27,38.42],[128.28,38.43],[128.313,38.514],[128.314,38.532],[128.364,38.625],[127.441,39.624],[129.76,40.886],[129.825,41.861],[130.435,42.277],[130.226,42.651],[128.756,42.061],[128.098,41.449],[126.474,41.652],[125.879,40.945],[124.491,40.28],[124.134,39.843],[125.398,39.376],[124.736,38.28],[125.337,37.682],[126.367,37.688],[127.06,38.255],[127.068,38.26]]]},"properties":{"NAME":"Korea, Democratic People's Republic of","SUBJECTO":"Korea, Democratic People's Republic of","PARTOF":"Korea, Democratic People's Republic of","BORDERPRECISION":3}},{"type":"Feature","geometry":{"type":"Polygon","coordinates":[[[20.122,39.551],[21.032,40.727],[20.575,41.93],[19.558,42.547],[19.368,41.846],[19.369,40.26],[20.122,39.551]]]},"properties":{"NAME":"Albania","SUBJECTO":"Albania","PARTOF":"Albania","BORDERPRECISION":3}},{"type":"Feature","geometry":{"type":"Polygon","coordinates":[[[-8.806,41.889],[-8.694,40.992],[-9.549,38.775],[-8.854,38.5],[-8.667,37.121],[-7.492,37.208],[-7.394,38.295],[-6.933,38.961],[-6.709,41.96],[-8.806,41.889]]]},"properties":{"NAME":"Portugal","SUBJECTO":"Portugal","PARTOF":"Portugal","BORDERPRECISION":3}},{"type":"Feature","geometry":{"type":"MultiPolygon","coordinates":[[[[26.35,41.641],[26.021,40.669],[26.614,40.398],[27.474,40.963],[28.828,40.915],[27.918,41.978],[26.857,42.009],[26.35,41.641]]],[[[44.795,37.132],[44.205,37.867],[44.082,39.295],[44.67,39.757],[43.812,40.014],[43.847,40.75],[42.878,41.546],[41.484,41.437],[40.361,40.963],[38.651,40.922],[36.383,41.238],[35.958,41.686],[33.556,41.983],[32.419,41.749],[30.745,41.04],[29.161,41.216],[28.873,40.472],[26.765,40.377],[26.139,39.44],[26.966,38.77],[27.16,37.36],[29.298,36.173],[30.473,36.188],[31.371,36.712],[32.335,36.128],[33.171,35.971],[34.485,36.627],[35.829,35.885],[36.584,36.707],[38.235,36.821],[39.175,36.553],[40.601,36.994],[42.53,37.202],[44.795,37.132]]]]},"properties":{"NAME":"Turkey","SUBJECTO":"Turkey","PARTOF":"Turkey","BORDERPRECISION":3}},{"type":"Feature","geometry":{"type":"Polygon","coordinates":[[[44.795,37.132],[45.388,35.926],[46.211,35.784],[45.506,33.797],[47.793,31.797],[47.689,30.882],[48.554,29.995],[50.132,30.066],[50.705,29.401],[51.35,28.036],[52.41,27.581],[52.891,27.052],[54.646,26.391],[55.9,27.105],[56.79,26.974],[57.255,25.793],[59.031,25.308],[60.48,25.298],[61.57,25.04],[61.941,26.156],[63.241,26.666],[62.671,28.205],[61.659,28.657],[60.82,29.833],[61.779,30.905],[60.794,31.579],[60.54,32.993],[61.221,35.582],[61.014,36.637],[60.346,36.607],[59.24,37.448],[57.225,38.188],[55.356,38.038],[54.015,37.348],[53.8,36.679],[51.796,36.432],[50.561,36.686],[50.039,37.225],[48.837,37.511],[48.825,38.31],[47.993,38.85],[47.854,39.71],[46.454,38.836],[45.749,38.877],[44.67,39.757],[44.082,39.295],[44.205,37.867],[44.795,37.132]]]},"properties":{"NAME":"Iran","SUBJECTO":"Iran","PARTOF":"Iran","BORDERPRECISION":3}},{"type":"Feature","geometry":{"type":"Polygon","coordinates":[[[60.82,29.833],[62.369,29.385],[64.089,29.395],[66.091,29.736],[66.467,30.843],[67.57,31.186],[68.243,31.767],[69.206,31.798],[69.508,32.949],[70.289,33.283],[71.097,34.62],[71.659,35.125],[71.325,36.052],[72.373,36.718],[74.088,36.805],[74.521,37.005],[74.733,37.209],[73.047,37.328],[71.848,36.716],[71.303,37.17],[71.444,37.834],[70.719,38.365],[70.022,37.457],[69.308,37.084],[67.856,36.853],[67.515,37.214],[65.725,37.49],[64.826,37.148],[64.541,36.338],[63.117,35.789],[62.678,35.265],[61.221,35.582],[60.54,32.993],[60.794,31.579],[61.779,30.905],[60.82,29.833]]]},"properties":{"NAME":"Afghanistan","SUBJECTO":"Afghanistan","PARTOF":"Afghanistan","BORDERPRECISION":3}},{"type":"Feature","geometry":{"type":"Polygon","coordinates":[[[42.53,37.202],[41.293,36.195],[41.119,34.427],[38.754,33.207],[39.326,32.137],[43.54,30.293],[43.622,29.468],[44.688,29.029],[46.509,28.97],[47.107,29.812],[47.911,29.89],[48.554,29.995],[47.689,30.882],[47.793,31.797],[45.506,33.797],[46.211,35.784],[45.388,35.926],[44.795,37.132],[42.53,37.202]]]},"properties":{"NAME":"Iraq","SUBJECTO":"Iraq","PARTOF":"Iraq","BORDERPRECISION":3}},{"type":"Feature","geometry":{"type":"Polygon","coordinates":[[[35.829,35.885],[35.852,34.493],[36.502,34.048],[35.504,33.109],[35.702,32.719],[36.837,32.186],[38.754,33.207],[41.119,34.427],[41.293,36.195],[42.53,37.202],[40.601,36.994],[39.175,36.553],[38.235,36.821],[36.584,36.707],[35.829,35.885]]]},"properties":{"NAME":"Syria","SUBJECTO":"Syria","PARTOF":"Syria","BORDERPRECISION":3}},{"type":"Feature","geometry":{"type":"Polygon","coordinates":[[[11.471,33.144],[10.019,34.081],[11.125,35.241],[10.133,37.105],[9.416,37.275],[8.637,36.885],[8.272,36.323],[8.291,34.77],[7.581,34.041],[7.817,33.064],[9.006,31.907],[9.575,30.207],[10.063,30.541],[10.132,31.482],[11.416,32.328],[11.471,33.144]]]},"properties":{"NAME":"Tunisia","SUBJECTO":"Tunisia","PARTOF":"Tunisia","BORDERPRECISION":3}},{"type":"Feature","geometry":{"type":"Polygon","coordinates":[[[-8.629,27.173],[-4.866,24.995],[-1.651,22.846],[1.087,21.133],[1.839,20.165],[3.187,19.747],[3.225,18.953],[4.204,19.136],[5.775,19.444],[7.538,20.916],[11.959,23.472],[11.448,24.257],[10.315,24.466],[9.377,26.037],[9.857,26.434],[9.861,27.832],[9.575,30.207],[9.006,31.907],[7.817,33.064],[7.581,34.041],[8.291,34.77],[8.272,36.323],[8.637,36.885],[7.913,36.775],[6.323,37.091],[5.144,36.668],[1.058,36.462],[-1.147,35.629],[-2.193,35.054],[-1.738,34.605],[-1.681,33.258],[-1.081,32.454],[-1.234,31.989],[-2.817,31.993],[-3.78,31.555],[-3.729,30.894],[-4.912,30.43],[-5.603,29.873],[-7.17,29.476],[-8.593,28.641],[-8.641,27.567],[-8.629,27.173]]]},"properties":{"NAME":"Algeria","SUBJECTO":"Algeria","PARTOF":"Algeria","BORDERPRECISION":3}},{"type":"Feature","geometry":{"type":"Polygon","coordinates":[[[-8.641,27.567],[-8.593,28.641],[-7.17,29.476],[-5.603,29.873],[-4.912,30.43],[-3.729,30.894],[-3.78,31.555],[-2.817,31.993],[-1.234,31.989],[-1.081,32.454],[-1.681,33.258],[-1.738,34.605],[-2.193,35.054],[-4.593,35.151],[-5.565,35.862],[-5.929,35.728],[-7.004,33.875],[-8.314,33.338],[-9.219,32.58],[-9.813,31.289],[-9.663,29.955],[-10.339,29.146],[-11.576,28.229],[-13.124,27.546],[-8.641,27.567]]]},"properties":{"NAME":"Morocco","SUBJECTO":"Morocco","PARTOF":"Morocco","BORDERPRECISION":3}},{"type":"Feature","geometry":{"type":"Polygon","coordinates":[[[35.852,34.493],[34.972,32.938],[35.504,33.109],[36.502,34.048],[35.852,34.493]]]},"properties":{"NAME":"Lebanon","SUBJECTO":"Lebanon","PARTOF":"Lebanon","BORDERPRECISION":3}},{"type":"Feature","geometry":{"type":"Polygon","coordinates":[[[-117.174,32.521],[-115.602,29.685],[-114.067,28.423],[-114.478,27.244],[-113.285,26.808],[-112.411,26.193],[-112.166,25.011],[-110.225,23.4],[-110.205,24.315],[-110.798,24.88],[-112.87,28.335],[-114.683,30.143],[-114.973,31.128],[-114.839,31.815],[-113.052,31.139],[-112.654,29.919],[-111.692,28.496],[-110.604,27.856],[-110.382,27.214],[-109.132,26.289],[-108.848,25.615],[-108.013,24.981],[-105.54,22.285],[-105.291,20.67],[-105.67,20.352],[-104.948,19.438],[-103.494,18.354],[-101.993,18.027],[-101.221,17.418],[-98.856,16.597],[-97.881,16.052],[-96.333,15.75],[-95.13,16.299],[-94.075,16.111],[-92.155,14.543],[-92.244,15.282],[-91.759,16.098],[-90,16.098],[-90,16.816],[-91.076,16.92],[-91.01,17.836],[-89.154,17.831],[-88.32,18.494],[-87.877,18.381],[-87.651,20.19],[-86.936,20.976],[-87.201,21.529],[-88.334,21.59],[-90,21.161],[-90,19.382],[-91.702,18.823],[-94.242,18.24],[-96.012,18.929],[-97.504,21.189],[-97.882,22.333],[-97.823,24.208],[-97.26,25.811],[-99.1,26.409],[-99.604,27.469],[-101.033,29.326],[-101.734,29.749],[-102.448,29.687],[-103.586,29.057],[-104.574,29.58],[-105.126,30.615],[-106.545,31.702],[-108.232,31.724],[-108.371,31.278],[-111.089,31.307],[-114.622,32.427],[-114.884,32.636],[-117.174,32.521]]]},"properties":{"NAME":"Mexico","SUBJECTO":"Mexico","PARTOF":"Mexico","BORDERPRECISION":3}},{"type":"Feature","geometry":{"type":"Polygon","coordinates":[[[46.509,28.97],[48.444,28.44],[47.911,29.89],[47.107,29.812],[46.509,28.97]]]},"properties":{"NAME":"Kuwait","SUBJECTO":"Kuwait","PARTOF":"Kuwait","BORDERPRECISION":3}},{"type":"Feature","geometry":{"type":"Polygon","coordinates":[[[101.014,21.442],[100.321,21.464],[99.156,22.308],[98.769,24.09],[97.768,23.9],[97.524,24.8],[98.734,26.343],[98.637,27.479],[98.009,28.091],[97.34,28.182],[97.064,27.133],[96.297,27.243],[95.182,26.558],[95.058,25.884],[94.185,23.936],[93.369,23.951],[93.128,22.203],[92.51,22.11],[92.124,20.996],[93.334,20.025],[94.054,19.061],[94.465,17.264],[94.143,16.215],[95.33,15.678],[96.469,16.513],[96.882,17.346],[97.573,16.445],[97.823,14.616],[98.486,13.112],[98.738,11.435],[98.593,10.12],[99.581,11.889],[99.098,12.972],[99.003,13.886],[98.137,15.19],[98.824,16.318],[97.788,17.575],[97.789,19.398],[100.001,20.459],[101.014,21.442]]]},"properties":{"NAME":"Burma","SUBJECTO":"Burma","PARTOF":"Burma","BORDERPRECISION":3}},{"type":"Feature","geometry":{"type":"Polygon","coordinates":[[[100.001,20.459],[97.789,19.398],[97.788,17.575],[98.824,16.318],[98.137,15.19],[99.003,13.886],[99.098,12.972],[99.581,11.889],[98.593,10.12],[98.177,8.6],[99.025,7.871],[99.663,6.71],[100.159,6.34],[100.617,6.422],[101.763,5.586],[102.074,6.154],[101.56,6.74],[100.615,6.979],[100.132,8.532],[99.071,9.898],[99.895,12.079],[100.24,13.49],[100.872,12.679],[101.919,12.585],[102.671,12.038],[102.335,13.233],[103.083,14.291],[105.057,14.239],[105.473,15.15],[104.61,16.644],[104.584,17.33],[103.928,18.278],[103.225,18.439],[102.661,17.845],[101.865,18.107],[100.888,17.6],[101.229,18.91],[100.5,19.439],[100.001,20.459]]]},"properties":{"NAME":"Thailand","SUBJECTO":"Thailand","PARTOF":"Thailand","BORDERPRECISION":3}},{"type":"Feature","geometry":{"type":"Polygon","coordinates":[[[-89.154,17.831],[-89.251,15.897],[-88.941,15.905],[-88.242,17.014],[-88.32,18.494],[-89.154,17.831]]]},"properties":{"NAME":"Belize","SUBJECTO":"Belize","PARTOF":"Belize","BORDERPRECISION":3}},{"type":"Feature","geometry":{"type":"Polygon","coordinates":[[[-92.155,14.543],[-91.242,13.952],[-90,13.873],[-89.38,14.467],[-89.176,15.096],[-88.274,15.747],[-88.941,15.905],[-89.251,15.897],[-89.154,17.831],[-91.01,17.836],[-91.076,16.92],[-90,16.816],[-90,16.098],[-91.759,16.098],[-92.244,15.282],[-92.155,14.543]]]},"properties":{"NAME":"Guatemala","SUBJECTO":"Guatemala","PARTOF":"Guatemala","BORDERPRECISION":3}},{"type":"Feature","geometry":{"type":"Polygon","coordinates":[[[-83.417,15.001],[-84.65,15.933],[-88.274,15.747],[-89.176,15.096],[-89.38,14.467],[-87.771,13.501],[-87.404,13.03],[-86.689,13.768],[-85.735,13.857],[-84.834,14.771],[-83.417,15.001]]]},"properties":{"NAME":"Honduras","SUBJECTO":"Honduras","PARTOF":"Honduras","BORDERPRECISION":3}},{"type":"Feature","geometry":{"type":"Polygon","coordinates":[[[-90,13.873],[-87.949,13.172],[-87.771,13.501],[-89.38,14.467],[-90,13.873]]]},"properties":{"NAME":"El Salvador","SUBJECTO":"El Salvador","PARTOF":"El Salvador","BORDERPRECISION":3}},{"type":"Feature","geometry":{"type":"Polygon","coordinates":[[[-77.897,7.172],[-77.4,6.67],[-77.5,5.514],[-77.106,3.792],[-77.802,2.577],[-78.468,2.467],[-78.943,1.381],[-76.85,0.138],[-76.148,0.345],[-75.526,-0.14],[-74.474,-0.573],[-72.959,-2.451],[-70.923,-2.318],[-70.052,-2.822],[-70.588,-3.791],[-69.878,-4.187],[-69.321,-1.298],[-69.984,-0.266],[-69.737,1.655],[-68.183,1.607],[-67.18,2.071],[-67.768,2.824],[-67.223,3.336],[-67.813,4.305],[-67.766,6.244],[-69.303,6.006],[-70.541,7.054],[-71.812,6.97],[-72.364,7.469],[-72.353,8.315],[-73.017,9.735],[-72.051,11.722],[-71.189,11.912],[-71.698,12.428],[-73.362,11.325],[-74.219,11.368],[-75.45,10.628],[-75.703,9.426],[-76.764,8.693],[-77.495,8.661],[-77.125,7.98],[-77.897,7.172]]]},"properties":{"NAME":"Colombia","SUBJECTO":"Colombia","PARTOF":"Colombia","BORDERPRECISION":3}},{"type":"Feature","geometry":{"type":"Polygon","coordinates":[[[2.32,12.171],[2.272,11.663],[0.925,10.898],[1.587,9.084],[1.761,6.253],[2.767,6.348],[2.764,8.862],[3.831,10.706],[3.61,11.721],[2.725,12.339],[2.32,12.171]]]},"properties":{"NAME":"Benin","SUBJECTO":"Benin","PARTOF":"Benin","BORDERPRECISION":3}},{"type":"Feature","geometry":{"type":"Polygon","coordinates":[[[-2.84,9.573],[-2.525,8.278],[-3.194,6.602],[-2.75,5.096],[-2.031,4.698],[1.166,6.066],[0.536,6.815],[0.719,8.329],[-0.026,10.568],[0.064,11.065],[-2.702,10.928],[-2.84,9.573]]]},"properties":{"NAME":"Ghana","SUBJECTO":"Ghana","PARTOF":"Ghana","BORDERPRECISION":3}},{"type":"Feature","geometry":{"type":"Polygon","coordinates":[[[0.064,11.065],[-0.026,10.568],[0.719,8.329],[0.536,6.815],[1.166,6.066],[1.761,6.253],[1.587,9.084],[0.925,10.898],[0.064,11.065]]]},"properties":{"NAME":"Togo","SUBJECTO":"Togo","PARTOF":"Togo","BORDERPRECISION":3}},{"type":"Feature","geometry":{"type":"Polygon","coordinates":[[[-7.907,10.121],[-8.197,9.662],[-7.474,8.452],[-8.304,7.436],[-8.53,6.526],[-7.419,5.732],[-7.562,4.351],[-5,5.238],[-2.75,5.096],[-3.194,6.602],[-2.525,8.278],[-2.84,9.573],[-3.413,9.843],[-4.399,9.57],[-5.564,10.358],[-6.477,10.581],[-7.054,10.05],[-7.907,10.121]]]},"properties":{"NAME":"Ivory Coast","SUBJECTO":"Ivory Coast","PARTOF":"Ivory Coast","BORDERPRECISION":3}},{"type":"Feature","geometry":{"type":"MultiPolygon","coordinates":[[[[100.159,6.34],[100.664,3.904],[101.336,2.781],[103.428,1.381],[104.176,1.389],[103.308,3.026],[103.342,4.805],[102.074,6.154],[101.763,5.586],[100.617,6.422],[100.159,6.34]]],[[[109.518,1.821],[110.549,0.726],[111.562,0.764],[112.4,1.43],[113.677,1.145],[114.659,1.596],[115.53,3.171],[115.707,4.157],[117.559,3.981],[118.391,4.374],[119.043,5.17],[118.377,5.639],[117.37,5.789],[117.507,6.393],[116.596,6.899],[114.962,4.877],[115.161,4.309],[114.434,3.998],[114.074,4.455],[112.759,3.009],[111.372,2.599],[110.818,1.244],[109.518,1.821]]]]},"properties":{"NAME":"Malaysia","SUBJECTO":"Malaysia","PARTOF":"Malaysia","BORDERPRECISION":3}},{"type":"Feature","geometry":{"type":"Polygon","coordinates":[[[-56.71,1.891],[-54.861,2.481],[-54.388,2.261],[-53.977,3.357],[-54.366,4.69],[-53.837,5.689],[-54.57,5.964],[-56.746,6.003],[-57.065,5.837],[-57.764,4.911],[-57.995,3.963],[-57.246,3.255],[-56.71,1.891]]]},"properties":{"NAME":"Suriname","SUBJECTO":"Suriname","PARTOF":"Suriname","BORDERPRECISION":3}},{"type":"Feature","geometry":{"type":"Polygon","coordinates":[[[-54.388,2.261],[-52.846,2.092],[-51.623,4.216],[-53.027,5.427],[-53.837,5.689],[-54.366,4.69],[-53.977,3.357],[-54.388,2.261]]]},"properties":{"NAME":"French Guiana","SUBJECTO":"French Guiana","PARTOF":"French Guiana","BORDERPRECISION":3}},{"type":"Feature","geometry":{"type":"Polygon","coordinates":[[[16.077,2.128],[15.928,1.618],[14.891,1.987],[13.266,2.111],[14.345,0.624],[13.958,-0.402],[14.493,-0.742],[14.138,-2.562],[13.065,-2.397],[11.644,-2.615],[11.912,-3.395],[11.151,-3.932],[12,-5.004],[13.017,-4.768],[14.334,-4.303],[14.444,-4.887],[15.994,-3.67],[16.098,-2.328],[16.648,-1.409],[17.455,-0.845],[17.96,2.088],[18.504,3.534],[16.548,3.306],[16.077,2.128]]]},"properties":{"NAME":"Congo","SUBJECTO":"Congo","PARTOF":"Congo","BORDERPRECISION":3}},{"type":"Feature","geometry":{"type":"Polygon","coordinates":[[[13.266,2.111],[11.218,2.054],[11.239,0.91],[9.629,0.89],[9.203,-0.634],[8.815,-0.896],[9.656,-2.419],[11.151,-3.932],[11.912,-3.395],[11.644,-2.615],[13.065,-2.397],[14.138,-2.562],[14.493,-0.742],[13.958,-0.402],[14.345,0.624],[13.266,2.111]]]},"properties":{"NAME":"Gabon","SUBJECTO":"Gabon","PARTOF":"Gabon","BORDERPRECISION":3}},{"type":"Feature","geometry":{"type":"Polygon","coordinates":[[[11.218,2.054],[9.881,2.058],[9.629,0.89],[11.239,0.91],[11.218,2.054]]]},"properties":{"NAME":"Equatorial Guinea","SUBJECTO":"Equatorial Guinea","PARTOF":"Equatorial Guinea","BORDERPRECISION":3}},{"type":"Feature","geometry":{"type":"Polygon","coordinates":[[[-78.943,1.381],[-80.086,0.818],[-80.339,-0.663],[-80.966,-1.033],[-80.229,-3.471],[-80.259,-4.414],[-78.878,-4.87],[-78.434,-3.742],[-77.677,-2.994],[-76.657,-2.658],[-75.647,-1.641],[-75.207,-0.838],[-75.526,-0.14],[-76.148,0.345],[-76.85,0.138],[-78.943,1.381]]]},"properties":{"NAME":"Ecuador","SUBJECTO":"Ecuador","PARTOF":"Ecuador","BORDERPRECISION":3}},{"type":"Feature","geometry":{"type":"Polygon","coordinates":[[[-69.59,-10.902],[-70.613,-10.73],[-70.543,-9.523],[-71.324,-10.017],[-72.154,-10.002],[-73.842,-7.579],[-73.062,-6.519],[-72.769,-5.145],[-71.434,-4.52],[-69.878,-4.187],[-70.588,-3.791],[-70.052,-2.822],[-70.923,-2.318],[-72.959,-2.451],[-74.474,-0.573],[-75.526,-0.14],[-75.207,-0.838],[-75.647,-1.641],[-76.657,-2.658],[-77.677,-2.994],[-78.434,-3.742],[-78.878,-4.87],[-80.259,-4.414],[-80.229,-3.471],[-81.418,-4.675],[-80.612,-6.37],[-80.066,-6.756],[-79.06,-8.216],[-76.238,-13.502],[-76.242,-14.106],[-75.231,-15.222],[-74.05,-16.045],[-71.612,-17.221],[-70.364,-18.455],[-69.43,-17.604],[-69.012,-16.617],[-69.291,-15.856],[-69.245,-14.738],[-68.64,-12.58],[-69.59,-10.902]]]},"properties":{"NAME":"Peru","SUBJECTO":"Peru","PARTOF":"Peru","BORDERPRECISION":3}},{"type":"Feature","geometry":{"type":"MultiPolygon","coordinates":[[[[-60.553,5.009],[-61.629,4.208],[-63.279,3.868],[-64.148,3.417],[-63.876,1.881],[-65.356,0.562],[-66.126,0.64],[-66.939,1.208],[-67.18,2.071],[-68.183,1.607],[-69.737,1.655],[-69.984,-0.266],[-69.321,-1.298],[-69.878,-4.187],[-71.434,-4.52],[-72.769,-5.145],[-73.062,-6.519],[-73.842,-7.579],[-72.154,-10.002],[-71.324,-10.017],[-70.543,-9.523],[-70.613,-10.73],[-69.59,-10.902],[-68.502,-11.086],[-66.306,-9.841],[-65.309,-9.816],[-65.273,-11.366],[-64.261,-12.472],[-63.605,-12.512],[-62.079,-13.101],[-61.627,-13.625],[-60.363,-13.904],[-60.032,-16.329],[-58.333,-16.37],[-58.402,-17.133],[-57.596,-18.043],[-58.138,-19.812],[-57.752,-20.686],[-57.806,-22.154],[-56.379,-22.139],[-55.623,-22.446],[-55.349,-23.779],[-54.219,-24.121],[-54.58,-25.743],[-53.616,-26.271],[-53.731,-27.218],[-54.755,-27.694],[-57.576,-30.403],[-56.746,-30.246],[-55.874,-31.174],[-53.894,-32.046],[-53.236,-32.937],[-53.406,-33.879],[-52.351,-32.675],[-52.042,-31.557],[-51.232,-30.265],[-50.582,-30.416],[-48.937,-28.698],[-48.564,-27.681],[-48.516,-25.876],[-48.725,-25.426],[-46.206,-23.883],[-45.459,-23.856],[-44.561,-22.99],[-41.958,-22.921],[-40.984,-22.086],[-40.933,-21.279],[-39.691,-19.409],[-39.666,-18.227],[-39.142,-17.775],[-38.948,-16.002],[-39.126,-14.325],[-38.799,-12.627],[-38.266,-12.887],[-37.187,-10.845],[-35.599,-9.628],[-34.891,-7.612],[-35.464,-5.268],[-37.181,-4.954],[-38.786,-3.604],[-40.231,-2.851],[-42.316,-2.818],[-43.334,-2.432],[-44.222,-2.777],[-44.796,-1.736],[-47.237,-0.68],[-48.043,-0.816],[-49.221,-2.108],[-50.643,-1.882],[-51.529,-0.429],[-49.884,1.214],[-50.688,2.216],[-51.209,4.071],[-51.623,4.216],[-52.846,2.092],[-54.388,2.261],[-54.861,2.481],[-56.71,1.891],[-57.134,1.902],[-58.853,1.154],[-59.625,1.734],[-59.935,2.73],[-59.513,3.966],[-59.881,4.95],[-60.553,5.009]]],[[[-50.225,-1.735],[-48.886,-1.421],[-48.402,-0.391],[-50.501,-0.262],[-50.611,-1.438],[-50.225,-1.735]]]]},"properties":{"NAME":"Brazil","SUBJECTO":"Brazil","PARTOF":"Brazil","BORDERPRECISION":3}},{"type":"Feature","geometry":{"type":"MultiPolygon","coordinates":[[[[149.554,-6.406],[150.289,-5.712],[148.377,-5.659],[149.554,-6.406]]],[[[140.948,-9.274],[142.607,-9.377],[143.331,-9],[143.437,-8.358],[144.38,-7.758],[145.82,-8.098],[146.646,-9.279],[147.874,-10.179],[149.783,-10.41],[149.83,-9.711],[148.589,-9.16],[148.035,-8.246],[147.376,-7.796],[146.909,-6.895],[147.376,-6.125],[145.593,-5.423],[145.728,-4.997],[143.446,-3.61],[140.87,-2.795],[140.948,-9.274]]]]},"properties":{"NAME":"Papua New Guinea","SUBJECTO":"Papua New Guinea","PARTOF":"Papua New Guinea","BORDERPRECISION":3}},{"type":"Feature","geometry":{"type":"MultiPolygon","coordinates":[[[[146.713,-43.722],[147.815,-42.965],[148.319,-41.806],[148.27,-41.093],[146.382,-41.308],[144.776,-40.843],[144.936,-41.71],[145.53,-42.345],[145.723,-43.24],[146.713,-43.722]]],[[[142.338,-10.915],[141.679,-12.468],[141.468,-14.757],[141.711,-15.227],[140.801,-17.562],[140.25,-17.798],[139.248,-17.432],[137.074,-16.031],[136.687,-16.026],[135.388,-14.897],[135.881,-14.203],[135.831,-13.485],[136.664,-12.625],[135.445,-12.176],[134.94,-12.336],[133.559,-11.951],[132.929,-11.533],[132.398,-12.329],[131.183,-12.236],[129.427,-14.306],[129.196,-14.993],[127.963,-14.703],[126.853,-13.784],[125.863,-14.695],[125.156,-14.805],[125.018,-15.644],[124.425,-15.658],[124.277,-16.523],[122.738,-16.583],[122.085,-17.398],[122.196,-18.244],[120.872,-19.677],[117.597,-20.758],[116.419,-20.837],[113.625,-22.566],[113.762,-23.481],[113.433,-24.874],[114.183,-26.017],[113.433,-26.572],[113.965,-28.033],[114.63,-28.903],[115.058,-30.804],[115.747,-32.208],[115.647,-33.365],[114.961,-33.869],[115.047,-34.422],[116.561,-35.189],[118.207,-35.09],[119.771,-34.12],[121.74,-33.963],[122.171,-34.179],[123.623,-33.915],[124.248,-33.144],[126.059,-32.434],[127.265,-32.381],[129.185,-31.798],[131.28,-31.635],[131.993,-32.066],[133.837,-32.342],[135.153,-34.05],[135.528,-35.055],[137.067,-33.951],[137.457,-33.314],[138.568,-34.928],[138.352,-35.865],[139.368,-35.614],[140.012,-37.642],[140.652,-38.164],[143.464,-38.957],[144.97,-38.066],[145.934,-38.881],[146.821,-38.841],[148.037,-38.098],[149.504,-37.929],[149.985,-37.347],[150.222,-35.694],[150.762,-35.253],[151.364,-33.521],[152.176,-32.877],[152.972,-31.418],[152.94,-30.699],[153.493,-28.841],[152.946,-27.341],[153.069,-26.228],[151.73,-24.157],[150.802,-23.6],[150.754,-22.812],[149.557,-22.433],[149.101,-21.06],[148.19,-20.172],[146.322,-19.082],[145.925,-18.257],[145.869,-17.195],[145.326,-16.49],[145.184,-15.048],[143.743,-14.466],[143.173,-12.121],[142.338,-10.915]]]]},"properties":{"NAME":"Australia","SUBJECTO":"Australia","PARTOF":"Australia","BORDERPRECISION":3}},{"type":"Feature","geometry":{"type":"Polygon","coordinates":[[[-58.34,-34.216],[-56.338,-34.995],[-54.622,-34.922],[-53.406,-33.879],[-53.236,-32.937],[-53.894,-32.046],[-55.874,-31.174],[-56.746,-30.246],[-57.576,-30.403],[-58.118,-32.139],[-58.021,-32.964],[-58.34,-34.216]]]},"properties":{"NAME":"Uruguay","SUBJECTO":"Uruguay","PARTOF":"Uruguay","BORDERPRECISION":3}},{"type":"Feature","geometry":{"type":"MultiPolygon","coordinates":[[[[9.496,54.938],[10.147,55.765],[10.216,56.85],[9.37,56.882],[8.117,56.092],[8.616,54.887],[9.496,54.938]]],[[[11.97,54.954],[12.444,55.968],[11.568,55.885],[11.97,54.954]]]]},"properties":{"NAME":"Denmark","SUBJECTO":"Denmark","PARTOF":"Denmark","BORDERPRECISION":3}},{"type":"Feature","geometry":{"type":"Polygon","coordinates":[[[14.473,53.877],[14.28,53.613],[14.303,52.745],[15.024,51.231],[14.829,50.917],[15.818,50.797],[16.728,50.149],[17.679,50.338],[18.986,49.444],[19.782,49.244],[21.585,49.5],[22.57,49.067],[22.725,49.617],[24.114,50.68],[23.533,51.61],[23.373,52.556],[23.957,52.879],[23.311,54.309],[22.987,54.425],[19.978,54.424],[19.328,54.161],[18.279,54.724],[16.473,54.415],[14.473,53.877]]]},"properties":{"NAME":"Poland","SUBJECTO":"Poland","PARTOF":"Poland","BORDERPRECISION":3}},{"type":"Feature","geometry":{"type":"Polygon","coordinates":[[[6,50.742],[6.825,51.956],[7.16,53.164],[6.751,53.39],[5.39,53.139],[4.641,52.756],[3.775,51.388],[5.113,51.405],[6,50.742]]]},"properties":{"NAME":"Netherlands","SUBJECTO":"Netherlands","PARTOF":"Netherlands","BORDERPRECISION":3}},{"type":"Feature","geometry":{"type":"Polygon","coordinates":[[[10.396,46.887],[12.064,47.091],[12.362,46.709],[13.709,46.502],[14.393,46.437],[16.26,46.889],[17.331,47.995],[16.669,48.794],[14.993,48.968],[13.947,48.655],[12.694,48.129],[12.358,47.724],[11.17,47.424],[9.665,47.556],[9.539,47.487],[10.396,46.887]]]},"properties":{"NAME":"Austria","SUBJECTO":"Austria","PARTOF":"Austria","BORDERPRECISION":3}},{"type":"Feature","geometry":{"type":"Polygon","coordinates":[[[3.61,11.721],[3.831,10.706],[2.764,8.862],[2.767,6.348],[3.949,6.579],[5.153,5.642],[5.607,4.632],[6.089,4.328],[8.14,4.466],[8.592,4.712],[8.838,5.708],[10.074,6.891],[11.579,6.792],[12.828,9.45],[13.788,11.089],[14.506,11.481],[14.033,13.061],[13.539,13.655],[12.252,13.076],[10.413,13.306],[9.057,12.821],[8.095,13.28],[6.864,13.063],[6.371,13.613],[5.501,13.792],[4.19,13.479],[3.61,11.721]]]},"properties":{"NAME":"Nigeria","SUBJECTO":"Nigeria","PARTOF":"Nigeria","BORDERPRECISION":3}},{"type":"Feature","geometry":{"type":"Polygon","coordinates":[[[14.033,13.061],[14.506,11.481],[13.788,11.089],[12.828,9.45],[11.579,6.792],[10.074,6.891],[8.838,5.708],[8.592,4.712],[9.586,3.675],[9.881,2.058],[11.218,2.054],[13.266,2.111],[14.891,1.987],[15.928,1.618],[16.077,2.128],[15.124,3.609],[14.403,5.83],[15.557,7.502],[15.004,8.541],[13.911,9.551],[15.164,10.372],[15.002,12.018],[14.033,13.061]]]},"properties":{"NAME":"Cameroon","SUBJECTO":"Cameroon","PARTOF":"Cameroon","BORDERPRECISION":3}},{"type":"Feature","geometry":{"type":"Polygon","coordinates":[[[38.754,33.207],[36.837,32.186],[35.702,32.719],[35.583,31.531],[34.985,29.467],[35.072,29.211],[36.077,29.069],[36.723,29.695],[37.943,30.369],[37.113,31.362],[39.004,31.862],[39.326,32.137],[38.754,33.207]]]},"properties":{"NAME":"Jordan","SUBJECTO":"Jordan","PARTOF":"Jordan","BORDERPRECISION":3}},{"type":"Feature","geometry":{"type":"Polygon","coordinates":[[[14.968,22.968],[15.971,23.381],[23.95,19.474],[23.982,19.983],[24.958,20.046],[24.953,21.882],[24.944,29.171],[24.712,30.148],[25.107,31.514],[24.816,31.907],[23.153,32.139],[22.543,32.722],[21.673,32.816],[20.366,32.298],[19.942,31.611],[20.117,30.957],[18.915,30.205],[17.422,30.996],[15.843,31.285],[15.01,32.363],[14.157,32.679],[12.565,32.74],[11.471,33.144],[11.416,32.328],[10.132,31.482],[10.063,30.541],[9.575,30.207],[9.861,27.832],[9.857,26.434],[9.377,26.037],[10.315,24.466],[11.448,24.257],[11.959,23.472],[13.527,23.061],[14.18,22.569],[14.968,22.968]]]},"properties":{"NAME":"Libya","SUBJECTO":"Libya","PARTOF":"Libya","BORDERPRECISION":3}},{"type":"Feature","geometry":{"type":"Polygon","coordinates":[[[35.504,33.109],[34.972,32.938],[34.146,31.209],[34.936,29.418],[34.985,29.467],[35.583,31.531],[35.702,32.719],[35.504,33.109]]]},"properties":{"NAME":"Israel","SUBJECTO":"Israel","PARTOF":"Israel","BORDERPRECISION":3}},{"type":"Feature","geometry":{"type":"Polygon","coordinates":[[[50.968,24.436],[49.937,25.956],[50.122,26.738],[48.855,27.523],[48.444,28.44],[46.509,28.97],[44.688,29.029],[43.622,29.468],[43.54,30.293],[39.326,32.137],[39.004,31.862],[37.113,31.362],[37.943,30.369],[36.723,29.695],[36.077,29.069],[35.072,29.211],[34.886,28.357],[37.218,25.167],[37.201,24.658],[38.329,23.835],[39.102,22.4],[39.167,21.219],[39.764,20.407],[40.694,19.869],[41.629,18.047],[42.535,17.071],[42.828,16.321],[43.397,17.485],[44.425,17.377],[45.556,15.058],[47.523,17.516],[51.806,18.983],[56.03,21.237],[55.699,22.303],[55.367,22.066],[51.953,22.484],[51.12,24.399],[50.968,24.436]]]},"properties":{"NAME":"Saudi Arabia","SUBJECTO":"Saudi Arabia","PARTOF":"Saudi Arabia","BORDERPRECISION":3}},{"type":"Feature","geometry":{"type":"Polygon","coordinates":[[[24.953,21.882],[25.322,21.923],[36.8,21.915],[35.746,22.914],[35.19,24.4],[33.354,27.91],[34.058,27.79],[34.936,29.418],[34.146,31.209],[33.558,30.968],[32.077,31.014],[30.996,31.469],[29.249,30.754],[26.143,31.491],[25.107,31.514],[24.712,30.148],[24.944,29.171],[24.953,21.882]]]},"properties":{"NAME":"Egypt","SUBJECTO":"Egypt","PARTOF":"Egypt","BORDERPRECISION":3}},{"type":"Feature","geometry":{"type":"Polygon","coordinates":[[[88.197,27.876],[86.446,27.947],[85.144,28.342],[83.402,29.54],[81.656,30.455],[81.021,30.247],[80.413,29.785],[80.098,28.952],[82.812,27.538],[84.136,27.538],[84.666,27.07],[86.777,26.467],[88.092,26.445],[88.197,27.876]]]},"properties":{"NAME":"Nepal","SUBJECTO":"Nepal","PARTOF":"Nepal","BORDERPRECISION":3}},{"type":"Feature","geometry":{"type":"Polygon","coordinates":[[[-17.016,21.314],[-16.347,20.523],[-15.983,18.178],[-16.406,16.49],[-14.806,16.819],[-13.209,16.154],[-12.836,15.502],[-11.904,14.814],[-11.552,15.579],[-10.647,15.426],[-5.483,15.469],[-6.555,24.896],[-4.866,24.995],[-8.629,27.173],[-8.688,25.914],[-11.893,25.895],[-11.991,23.479],[-13.117,22.786],[-13.024,21.279],[-17.016,21.314]]]},"properties":{"NAME":"Mauritania","SUBJECTO":"Mauritania","PARTOF":"Mauritania","BORDERPRECISION":3}},{"type":"Feature","geometry":{"type":"Polygon","coordinates":[[[22.819,10.907],[23.634,9.666],[23.522,8.611],[25.288,7.725],[25.299,7.331],[26.945,5.872],[27.244,5.162],[28.058,4.271],[29.693,4.516],[30.737,3.505],[33.291,3.635],[33.991,4.027],[34.428,4.531],[35.802,4.565],[35.773,5.15],[35.101,5.648],[34.608,6.636],[33.139,8.343],[34.042,8.431],[34.353,10.677],[34.949,10.82],[35.48,12.456],[36.134,12.772],[36.477,14.266],[36.472,15.201],[37.024,16.952],[38.272,17.569],[38.642,18.061],[37.48,18.82],[37.128,21.227],[36.8,21.915],[25.322,21.923],[24.953,21.882],[24.958,20.046],[23.982,19.983],[23.95,19.474],[23.951,15.699],[23.013,15.681],[21.778,12.801],[22.261,12.677],[22.819,10.907]]]},"properties":{"NAME":"Sudan","SUBJECTO":"Sudan","PARTOF":"Sudan","BORDERPRECISION":3}},{"type":"Feature","geometry":{"type":"Polygon","coordinates":[[[51.806,18.983],[47.523,17.516],[45.556,15.058],[44.425,17.377],[43.397,17.485],[42.828,16.321],[42.796,15.47],[43.384,13.565],[43.841,12.664],[44.964,12.825],[45.826,13.405],[46.601,13.401],[49.334,14.633],[51.313,15.247],[52.135,15.687],[53.021,16.654],[51.949,18.399],[51.806,18.983]]]},"properties":{"NAME":"Yemen","SUBJECTO":"Yemen","PARTOF":"Yemen","BORDERPRECISION":3}},{"type":"Feature","geometry":{"type":"Polygon","coordinates":[[[36.477,14.266],[37.72,14.802],[38.255,14.392],[39.377,14.534],[40.589,14.125],[42.328,12.357],[43.048,12.702],[42.079,13.861],[40.739,14.919],[39.518,15.463],[38.642,18.061],[38.272,17.569],[37.024,16.952],[36.472,15.201],[36.477,14.266]]]},"properties":{"NAME":"Eritrea","SUBJECTO":"Eritrea","PARTOF":"Eritrea","BORDERPRECISION":3}},{"type":"Feature","geometry":{"type":"Polygon","coordinates":[[[-11.904,14.814],[-12.836,15.502],[-13.209,16.154],[-14.806,16.819],[-16.406,16.49],[-17.05,14.586],[-16.455,13.571],[-15.706,13.571],[-16.013,13.139],[-16.776,13.145],[-16.567,12.31],[-15.2,12.64],[-13.694,12.623],[-11.424,12.395],[-11.431,13.088],[-11.98,13.689],[-11.904,14.814]]]},"properties":{"NAME":"Senegal","SUBJECTO":"Senegal","PARTOF":"Senegal","BORDERPRECISION":3}},{"type":"Feature","geometry":{"type":"Polygon","coordinates":[[[35.802,4.565],[36.757,4.38],[38.088,3.562],[39.539,3.354],[40.733,4.149],[41.765,3.825],[43.872,4.835],[44.995,4.817],[47.902,7.878],[46.952,7.93],[43.856,9.03],[42.802,10.345],[42.928,10.893],[41.871,10.855],[41.841,11.668],[42.328,12.357],[40.589,14.125],[39.377,14.534],[38.255,14.392],[37.72,14.802],[36.477,14.266],[36.134,12.772],[35.48,12.456],[34.949,10.82],[34.353,10.677],[34.042,8.431],[33.139,8.343],[34.608,6.636],[35.101,5.648],[35.773,5.15],[35.802,4.565]]]},"properties":{"NAME":"Ethiopia","SUBJECTO":"Ethiopia","PARTOF":"Ethiopia","BORDERPRECISION":3}},{"type":"Feature","geometry":{"type":"Polygon","coordinates":[[[-16.455,13.571],[-16.776,13.145],[-16.013,13.139],[-15.706,13.571],[-16.455,13.571]]]},"properties":{"NAME":"Gambia, The","SUBJECTO":"Gambia, The","PARTOF":"Gambia, The","BORDERPRECISION":3}},{"type":"Feature","geometry":{"type":"Polygon","coordinates":[[[42.328,12.357],[41.841,11.668],[41.871,10.855],[42.928,10.893],[43.298,11.476],[43.475,12.098],[43.048,12.702],[42.328,12.357]]]},"properties":{"NAME":"Djibouti","SUBJECTO":"Djibouti","PARTOF":"Djibouti","BORDERPRECISION":3}},{"type":"Feature","geometry":{"type":"Polygon","coordinates":[[[-16.567,12.31],[-15.325,11.927],[-15.008,11.102],[-13.692,11.886],[-13.694,12.623],[-15.2,12.64],[-16.567,12.31]]]},"properties":{"NAME":"Guinea-Bissau","SUBJECTO":"Guinea-Bissau","PARTOF":"Guinea-Bissau","BORDERPRECISION":3}},{"type":"Feature","geometry":{"type":"Polygon","coordinates":[[[-11.424,12.395],[-13.694,12.623],[-13.692,11.886],[-15.008,11.102],[-14.591,10.467],[-13.68,9.916],[-13.164,8.851],[-12.386,9.796],[-11.29,9.898],[-10.568,8.987],[-10.377,8.076],[-9.622,8.395],[-9.464,7.43],[-8.304,7.436],[-7.474,8.452],[-8.197,9.662],[-7.907,10.121],[-8.246,11.041],[-9.123,12.46],[-10.653,11.86],[-11.424,12.395]]]},"properties":{"NAME":"Guinea","SUBJECTO":"Guinea","PARTOF":"Guinea","BORDERPRECISION":3}},{"type":"Feature","geometry":{"type":"Polygon","coordinates":[[[-59.834,8.44],[-61.29,8.771],[-60.793,9.388],[-61.531,9.851],[-64.068,10.627],[-64.884,10.136],[-66.478,10.679],[-67.98,10.542],[-68.695,11.38],[-69.748,11.533],[-71.098,11.12],[-71.496,10.646],[-71.044,9.392],[-71.605,9.092],[-72.114,9.904],[-71.688,10.769],[-71.988,11.608],[-71.189,11.912],[-72.051,11.722],[-73.017,9.735],[-72.353,8.315],[-72.364,7.469],[-71.812,6.97],[-70.541,7.054],[-69.303,6.006],[-67.766,6.244],[-67.813,4.305],[-67.223,3.336],[-67.768,2.824],[-67.18,2.071],[-66.939,1.208],[-66.126,0.64],[-65.356,0.562],[-63.876,1.881],[-64.148,3.417],[-63.279,3.868],[-61.629,4.208],[-60.553,5.009],[-61.255,5.87],[-60.564,7.565],[-59.834,8.44]]]},"properties":{"NAME":"Venezuela","SUBJECTO":"Venezuela","PARTOF":"Venezuela","BORDERPRECISION":3}},{"type":"Feature","geometry":{"type":"Polygon","coordinates":[[[41.765,3.825],[41.023,2.715],[41.06,-1.08],[41.61,-1.877],[42.44,-0.512],[43.724,0.8],[45.541,1.967],[46.361,2.668],[48.472,5.201],[49.046,6.416],[50.779,9.368],[51.181,11.777],[50.697,11.948],[49.304,11.246],[47.391,11.159],[46.677,10.7],[45.909,10.832],[44.281,10.396],[43.298,11.476],[42.928,10.893],[42.802,10.345],[43.856,9.03],[46.952,7.93],[47.902,7.878],[44.995,4.817],[43.872,4.835],[41.765,3.825]]]},"properties":{"NAME":"Somalia","SUBJECTO":"Somalia","PARTOF":"Somalia","BORDERPRECISION":3}},{"type":"Feature","geometry":{"type":"Polygon","coordinates":[[[-61.114,10.822],[-61.809,10.725],[-61.207,10.118],[-61.114,10.822]]]},"properties":{"NAME":"Trinidad","SUBJECTO":"Trinidad","PARTOF":"Trinidad","BORDERPRECISION":3}},{"type":"Feature","geometry":{"type":"Polygon","coordinates":[[[114.962,4.877],[114.074,4.455],[114.434,3.998],[115.161,4.309],[114.962,4.877]]]},"properties":{"NAME":"Brunei","SUBJECTO":"Brunei","PARTOF":"Brunei","BORDERPRECISION":3}},{"type":"Feature","geometry":{"type":"Polygon","coordinates":[[[39.229,-4.845],[40.234,-3.192],[41.089,-2.129],[41.61,-1.877],[41.06,-1.08],[41.023,2.715],[41.765,3.825],[40.733,4.149],[39.539,3.354],[38.088,3.562],[36.757,4.38],[35.802,4.565],[34.428,4.531],[33.991,4.027],[35.04,1.688],[33.829,0.086],[33.267,-1.132],[33.919,-1.117],[37.616,-3.166],[37.657,-3.694],[39.229,-4.845]]]},"properties":{"NAME":"Kenya","SUBJECTO":"Kenya","PARTOF":"Kenya","BORDERPRECISION":3}},{"type":"Feature","geometry":{"type":"Polygon","coordinates":[[[29.528,-1.434],[30.596,-1.155],[33.267,-1.132],[33.829,0.086],[35.04,1.688],[33.991,4.027],[33.291,3.635],[30.737,3.505],[30.713,2.374],[31.159,1.804],[29.769,0.442],[29.528,-1.434]]]},"properties":{"NAME":"Uganda","SUBJECTO":"Uganda","PARTOF":"Uganda","BORDERPRECISION":3}},{"type":"Feature","geometry":{"type":"MultiPolygon","coordinates":[[[[109.518,1.821],[108.814,0.808],[109.179,-0.869],[109.941,-1.643],[110.102,-3.079],[111.436,-2.974],[112.578,-3.423],[112.795,-2.971],[114.712,-4.206],[115.568,-3.804],[116.349,-2.417],[116.046,-1.934],[117.046,-0.935],[117.534,0.611],[118.517,1.166],[117.696,1.901],[117.829,2.314],[117.074,3.507],[117.559,3.981],[115.707,4.157],[115.53,3.171],[114.659,1.596],[113.677,1.145],[112.4,1.43],[111.562,0.764],[110.549,0.726],[109.518,1.821]]],[[[140.87,-2.795],[137.854,-1.614],[136.271,-2.418],[135.246,-3.539],[134.283,-2.855],[133.907,-1.006],[132.254,-0.527],[131.211,-1.025],[132.719,-2.934],[132.713,-3.888],[134.041,-3.948],[134.777,-4.309],[137.385,-5.123],[137.824,-5.427],[139.156,-7.725],[139.977,-8.238],[140.948,-9.274],[140.87,-2.795]]],[[[103.714,-0.017],[102.472,0.623],[101.06,2.081],[100.732,1.871],[99.858,2.904],[98.146,4.07],[97.384,5.18],[96.187,5.146],[95.561,4.534],[96.72,3.705],[97.597,2.251],[98.601,1.707],[99.113,0.221],[99.697,-0.152],[100.65,-1.631],[100.812,-2.336],[102.462,-4.182],[104.568,-6.071],[105.187,-5.542],[105.728,-5.827],[105.711,-4.105],[105.943,-3.215],[104.352,-1.89],[104.298,-1.363],[103.238,-0.659],[103.714,-0.017]]],[[[105.185,-6.866],[106.366,-7.04],[106.484,-7.503],[108.16,-7.856],[109.037,-7.72],[110.778,-8.32],[112.414,-8.488],[113.074,-8.347],[114.105,-8.688],[113.948,-7.824],[112.678,-7.719],[112.275,-7.027],[111.045,-6.852],[110.027,-7.044],[108.556,-6.921],[106.945,-6.026],[106.024,-6.081],[105.185,-6.866]]],[[[123.492,-10.352],[124.154,-10.205],[125.212,-9.395],[125.08,-8.772],[123.665,-9.748],[123.492,-10.352]]],[[[119.692,-0.017],[119.175,-2.176],[118.684,-2.901],[118.791,-3.663],[119.461,-3.808],[119.477,-5.804],[120.248,-5.586],[120.144,-3.076],[121.873,-4.96],[122.641,-4.284],[122.258,-3.211],[121.265,-2.101],[122.223,-1.654],[121.461,-0.989],[120.507,-1.448],[119.873,-0.465],[120.337,0.356],[122.733,0.673],[120.767,1.139],[119.914,0.54],[119.692,-0.017]]]]},"properties":{"NAME":"Indonesia","SUBJECTO":"Indonesia","PARTOF":"Indonesia","BORDERPRECISION":3}},{"type":"Feature","geometry":{"type":"MultiPolygon","coordinates":[[[[-26.787,71.558],[-25.291,71.569],[-23.754,70.59],[-21.471,70.532],[-21.592,71.211],[-22.431,71.341],[-22.818,71.87],[-25.073,72.634],[-27.357,72.859],[-27.441,73.287],[-25.763,73.354],[-24.076,73.756],[-22.82,73.327],[-20.33,73.42],[-19.716,74.213],[-20.616,74.954],[-19.562,75.228],[-19.57,76.11],[-19.978,76.946],[-18.057,76.805],[-18.253,77.3],[-20.105,77.382],[-20.391,77.987],[-21.382,77.587],[-21.7,77.923],[-20.879,78.818],[-19.763,78.873],[-19.177,79.613],[-19.045,80.426],[-16.441,80.451],[-14.202,81.21],[-14.253,81.835],[-16.465,81.904],[-17.963,81.518],[-19.317,81.597],[-21.182,81.287],[-23.339,80.623],[-23.533,81.1],[-22.053,81.54],[-22.064,81.965],[-24.877,81.595],[-25.975,81.831],[-30.651,81.811],[-28.391,82.31],[-25.457,82.221],[-22.59,82.419],[-22.432,82.743],[-25.324,83],[-26.421,83.342],[-32.513,83.577],[-34.427,83.403],[-36.487,83.511],[-38.587,83.382],[-38.587,82.828],[-41.881,83.263],[-43.812,83.08],[-44.323,81.823],[-44.683,81.729],[-49.648,82.478],[-49.938,81.676],[-52.364,82.12],[-53.664,81.463],[-53.768,82.245],[-54.575,82.328],[-58.058,82.034],[-57.444,81.424],[-60.039,81.883],[-61.122,81.798],[-61.112,81.182],[-63.725,81.086],[-66.522,80.711],[-66.419,79.982],[-64.623,79.949],[-65.485,79.158],[-67.969,79.127],[-69.266,78.796],[-72.383,78.526],[-71.888,77.949],[-70.618,77.278],[-70.5,76.833],[-69.045,76.294],[-66.563,75.929],[-63.651,76.38],[-61.507,76.258],[-58.636,75.793],[-58.205,75.295],[-56.939,74.919],[-55.779,73.704],[-55.366,72.728],[-55.626,71.73],[-55.012,71.335],[-53.988,71.414],[-53.323,71.891],[-52.036,71.48],[-50.939,70.577],[-53.628,70.819],[-53.666,70.357],[-50.573,69.866],[-50.954,68.539],[-50.477,67.482],[-52.808,67.775],[-53.267,66.922],[-52.303,66.909],[-53.103,65.873],[-52.078,65.372],[-51.805,64.233],[-50.988,64.092],[-50.048,62.314],[-49.116,62.104],[-48.915,61.421],[-47.159,60.856],[-46.072,60.942],[-45.622,60.601],[-43.144,59.819],[-42.271,62.194],[-40.894,63.524],[-40.484,64.685],[-37.155,66.32],[-37.048,65.743],[-35.972,65.847],[-35.708,66.352],[-34.433,66.384],[-33.214,67.47],[-32.037,67.985],[-30.305,67.98],[-29.4,68.228],[-26.964,68.502],[-25.324,69.09],[-22.732,69.774],[-24.585,70.304],[-27.475,70.207],[-28.384,70.458],[-26.787,71.558]]],[[[-53.551,69.278],[-53.617,70.158],[-54.594,70.24],[-54.687,69.707],[-53.551,69.278]]]]},"properties":{"NAME":"Greenland","SUBJECTO":"Greenland","PARTOF":"Greenland","BORDERPRECISION":3}},{"type":"Feature","geometry":{"type":"MultiPolygon","coordinates":[[[[-89.622,47.968],[-88.095,49.005],[-86.384,48.725],[-85.797,47.966],[-85.027,47.94],[-84.442,46.817],[-84.744,46.468],[-83.821,46.15],[-83.614,46.266],[-80.758,45.97],[-79.918,44.967],[-80.224,44.505],[-81.095,44.799],[-82.298,43.029],[-83.056,42.027],[-82.484,41.96],[-81.439,42.587],[-79.05,42.852],[-79.14,43.222],[-79.153,43.772],[-76.133,44.327],[-74.782,45.012],[-71.535,44.959],[-70.589,45.295],[-69.565,46.946],[-69.049,47.464],[-67.699,47.041],[-67.559,45.772],[-67.187,45.252],[-65.76,45.294],[-66.189,44.141],[-65.713,43.56],[-63.559,44.513],[-61.265,45.301],[-64.535,46.272],[-65.028,47.882],[-64.398,48.456],[-64.952,49.207],[-66.03,49.166],[-68.341,48.546],[-68.307,49.227],[-67.318,49.425],[-66.855,50.089],[-65.582,50.362],[-61.64,50.277],[-60.138,50.412],[-58.524,51.379],[-56.964,51.488],[-55.659,52.187],[-56.11,52.605],[-55.881,53.352],[-57.561,54.131],[-57.515,54.466],[-59.694,55.154],[-61.458,56.158],[-62.015,57.841],[-64.671,60.181],[-65.263,59.348],[-66.821,58.388],[-67.772,58.249],[-69.343,59.209],[-70.028,60.883],[-71.673,61.266],[-71.724,61.547],[-73.66,62.39],[-74.708,62.176],[-77.362,62.517],[-77.985,61.859],[-77.462,61.473],[-77.262,59.983],[-78.337,58.551],[-76.772,57.663],[-76.439,56.81],[-77.234,55.607],[-78.589,54.922],[-79.545,54.692],[-78.491,52.256],[-79.594,51.266],[-80.361,51.304],[-80.877,51.906],[-81.747,52.17],[-82.341,52.981],[-82.202,54.969],[-84.468,55.167],[-87.467,55.912],[-87.914,56.332],[-90,57.178],[-92.483,56.977],[-92.523,57.687],[-93.074,58.551],[-94.684,58.878],[-94.753,59.95],[-94.376,60.795],[-93.423,61.858],[-91.417,62.853],[-90,62.946],[-89.973,64.191],[-88.377,64.057],[-87.157,65.06],[-87.254,65.43],[-85.387,66.612],[-84.95,66.275],[-83.139,66.373],[-81.499,67.069],[-82.178,67.995],[-81.48,69.189],[-84.314,69.826],[-85.113,69.817],[-85.782,68.041],[-86.488,67.378],[-87.325,67.169],[-88.324,67.813],[-88.097,68.853],[-90,69.489],[-91.977,69.607],[-91.658,70.286],[-93.099,70.969],[-93.271,71.559],[-94.417,71.884],[-95.411,71.859],[-96.7,70.838],[-96.127,69.941],[-94.037,69.55],[-92.992,69.515],[-93.414,68.542],[-95.323,68.06],[-95.259,67.028],[-96.26,67.315],[-96.208,68.074],[-98.886,67.815],[-101.913,67.705],[-105.636,68.355],[-107.662,67.963],[-107.528,66.563],[-108.485,67.07],[-108.835,67.611],[-110.532,67.92],[-112.503,67.693],[-115.562,67.896],[-115.285,68.892],[-117.832,69.008],[-122.326,69.884],[-123.803,69.434],[-124.707,69.941],[-125.974,69.43],[-127.352,70.38],[-129.013,69.72],[-129.943,69.643],[-132.175,68.981],[-132.508,69.858],[-133.648,69.507],[-135.439,69.526],[-136.203,68.876],[-137.729,69.016],[-140.335,69.623],[-141.059,69.595],[-140.916,64.768],[-140.895,60.389],[-139.005,60.258],[-138.621,59.778],[-137.223,58.882],[-135.855,59.646],[-135.258,59.67],[-133.503,58.424],[-131.725,56.605],[-130.287,56.107],[-130.003,55.289],[-130.299,54.548],[-130.004,53.938],[-129.06,53.739],[-127.556,52.168],[-127.675,51.245],[-127.247,50.968],[-124.939,50.596],[-124.795,50.035],[-122.9,49.067],[-94.82,49.051],[-93.713,48.574],[-92.839,48.515],[-91.682,48.039],[-90,48.249],[-89.622,47.968]]],[[[-98.477,69.308],[-96.794,68.529],[-96.182,69.297],[-97.742,69.832],[-98.477,69.308]]],[[[-102.279,73.147],[-101.654,72.373],[-100.319,72.14],[-98.939,71.392],[-96.85,71.88],[-96.689,72.817],[-97.74,73.013],[-97.347,73.891],[-99.219,73.743],[-100.835,72.745],[-102.279,73.147]]],[[[-94.798,73.816],[-95.641,73.144],[-95.058,72.283],[-94.109,72.222],[-93.695,72.878],[-92.001,72.841],[-90,73.591],[-90,74],[-92.693,74.012],[-93.899,74.163],[-94.798,73.816]]],[[[-125.892,49.377],[-125.098,48.795],[-123.902,48.471],[-123.861,49.158],[-124.718,49.491],[-125.719,50.409],[-127.848,50.861],[-127.385,50.05],[-125.892,49.377]]],[[[-110.84,72.474],[-112.839,72.953],[-114.473,72.625],[-114.647,73.355],[-117.22,72.857],[-118.986,72.034],[-117.314,71.475],[-117.761,70.722],[-113.764,70.737],[-115.147,70.273],[-117.193,70.123],[-116.656,69.516],[-113.925,69.249],[-113.152,68.596],[-110.448,68.653],[-107.536,69.057],[-106.854,69.451],[-104.188,68.898],[-102.278,68.954],[-102.436,70.465],[-103.864,70.701],[-104.595,71.048],[-104.467,71.655],[-105.313,72.65],[-106.523,73.195],[-108.182,73.383],[-108.087,72.629],[-109.834,72.95],[-110.84,72.474]]],[[[-125.904,72.155],[-124.072,71.735],[-123.468,71.199],[-122.574,71.146],[-121.936,71.505],[-120.843,71.53],[-120.454,72.299],[-118.585,72.974],[-115.763,73.568],[-117.336,74.167],[-119.557,74.163],[-121.239,74.58],[-123.057,74.439],[-124.247,73.457],[-125.341,72.969],[-125.904,72.155]]],[[[-113.549,76.133],[-114.372,76.47],[-116.296,76.238],[-117.012,75.258],[-115.186,75.154],[-113.106,74.514],[-112.203,74.5],[-109.07,75.133],[-107.48,75.012],[-105.773,75.23],[-105.498,75.847],[-106.59,76.13],[-108.163,76.009],[-108.965,76.871],[-109.776,76.275],[-109.144,75.714],[-111.386,75.66],[-112.851,76.227],[-113.549,76.133]]],[[[-122.151,76.582],[-120.454,75.952],[-119.387,76.375],[-118.736,76.938],[-117.863,76.438],[-116.24,76.78],[-116.359,77.578],[-117.226,77.413],[-119.696,77.313],[-122.151,76.582]]],[[[-111.991,77.977],[-111.91,77.483],[-110.62,77.537],[-110.71,78.023],[-111.991,77.977]]],[[[-104.966,78.534],[-104.162,78.298],[-101.168,78.269],[-99.68,77.792],[-99.892,78.658],[-102.569,79.016],[-103.365,79.389],[-103.768,78.598],[-104.966,78.534]]],[[[-60.479,46.535],[-61.381,46.331],[-61.025,45.67],[-59.997,45.854],[-60.479,46.535]]],[[[-57.86,49.988],[-58.652,48.376],[-58.091,47.763],[-56.804,47.616],[-55.368,47.795],[-54.936,47.339],[-53.07,46.731],[-52.729,47.455],[-53.703,47.844],[-54.158,49.477],[-55.107,49.279],[-56.662,50.056],[-55.557,51.326],[-56.702,51.185],[-57.86,49.988]]],[[[-86.197,64.356],[-85.463,63.206],[-83.496,63.744],[-83.189,64.182],[-82.198,63.69],[-82.11,64.644],[-83.085,64.865],[-85.558,65.864],[-86.197,64.356]]],[[[-75.475,68.254],[-76.794,68.147],[-77.065,67.329],[-75.77,67.302],[-75.475,68.254]]],[[[-72.73,64.015],[-71.258,63.567],[-71.319,63.061],[-69.559,62.709],[-69.155,62.42],[-65.94,61.79],[-66.332,62.319],[-68.476,63.337],[-68.486,63.737],[-66.496,63.077],[-64.735,63.067],[-65.327,64.359],[-66.598,64.766],[-67.329,65.584],[-68.252,66.064],[-67.256,66.616],[-65.034,65.953],[-64.844,65.378],[-63.541,64.995],[-62.845,65.614],[-61.495,66.341],[-62.096,67.017],[-62.991,67.177],[-64.829,67.953],[-66.407,68.025],[-68.221,68.627],[-67.171,69.17],[-67.575,70.185],[-68.75,70.39],[-69.092,70.782],[-70.293,70.618],[-71.253,71.351],[-72.535,71.629],[-73.275,71.161],[-74.313,72.039],[-75.322,72.548],[-77.896,72.701],[-79.056,71.96],[-79.33,72.368],[-80.57,71.996],[-80.489,73.037],[-81.532,73.688],[-82.697,73.782],[-84.505,73.491],[-86.333,71.993],[-86.662,73.097],[-85.64,73.865],[-88.099,73.636],[-89.639,72.782],[-89.997,71.541],[-87.949,71.351],[-89.019,70.675],[-87.948,70.385],[-86.373,70.465],[-85.984,70.113],[-82.269,69.86],[-80.713,70.153],[-79.826,69.918],[-79.101,70.655],[-75.552,69.222],[-75.199,68.862],[-73.185,68.296],[-72.305,67.264],[-73.994,66.266],[-74.079,65.448],[-75.368,65.263],[-77.266,65.391],[-78.103,64.507],[-76.526,64.23],[-74.559,64.78],[-73.164,64.574],[-72.73,64.015]]],[[[-89.042,75.461],[-90,75.95],[-90,76.591],[-92.247,76.622],[-92.366,75.421],[-91.867,74.789],[-91.054,74.977],[-89.698,74.615],[-88.39,74.99],[-88.144,74.569],[-82.936,74.684],[-80.349,74.616],[-80.766,75.61],[-81.532,75.859],[-83.559,75.905],[-85.203,75.743],[-86.179,75.408],[-87.638,75.705],[-89.042,75.461]]],[[[-86.682,81.994],[-87.453,82.14],[-90,82.017],[-89.236,80.864],[-88.322,81.166],[-86.437,81.393],[-85.192,81.324],[-85.504,80.618],[-83.48,80.895],[-82.791,80.697],[-80.088,81.022],[-82.263,80.051],[-86.17,80.279],[-83.84,78.857],[-85.807,78.906],[-86.51,78.297],[-84.843,78.16],[-84.93,77.345],[-86.436,77.817],[-87.812,77.876],[-88.183,76.74],[-87.273,76.504],[-85.037,76.407],[-84.559,76.543],[-82.424,76.471],[-81.382,76.651],[-80.814,76.238],[-78.212,76.547],[-78.121,77.041],[-81.473,77.24],[-81.554,77.541],[-78.855,77.374],[-78.177,78.068],[-76.291,78.011],[-74.963,79.122],[-73.674,79.518],[-74.245,80.043],[-71.454,79.846],[-69.497,80.547],[-66.482,81.303],[-66.375,82.101],[-63.921,82.011],[-62.546,82.257],[-62.427,82.634],[-65.481,82.9],[-67.696,82.873],[-70.584,83.176],[-71.178,82.81],[-71.926,83.084],[-74.161,82.991],[-76.382,83.152],[-77.074,82.863],[-78.698,83.003],[-80.415,82.867],[-81.287,82.387],[-82.57,82.225],[-84.947,82.379],[-86.682,81.994]]],[[[-102.15,75.644],[-100.619,75.789],[-99.944,75.084],[-98.164,75.096],[-97.667,75.861],[-97.817,76.476],[-98.903,76.414],[-100.067,76.675],[-101.746,76.544],[-102.15,75.644]]],[[[-94.272,76.899],[-95.629,77.042],[-95.873,76.513],[-93.938,76.398],[-94.272,76.899]]],[[[-95.118,78.28],[-97.31,78.822],[-97.46,78.101],[-96.602,77.998],[-95.118,78.28]]],[[[-87.827,80.373],[-89.042,80.167],[-89.425,80.615],[-91.016,80.75],[-92.025,81.259],[-95.06,81.031],[-95.7,80.037],[-95.039,79.396],[-92.702,78.434],[-90,78.263],[-89.121,78.344],[-88.661,78.901],[-87.989,78.716],[-87.165,79.126],[-87.827,80.373]]]]},"properties":{"NAME":"Canada","SUBJECTO":"Canada","PARTOF":"Canada","BORDERPRECISION":3}},{"type":"Feature","geometry":{"type":"MultiPolygon","coordinates":[[[[21.971,79.783],[20.998,79.191],[23.821,79.147],[25.337,79.403],[25.034,80.167],[24.421,80.437],[23.498,80.097],[23.216,80.611],[22.198,80.123],[20.524,80.322],[19.915,80.633],[19.218,79.74],[21.971,79.783]]],[[[13.252,79.801],[12.157,79.315],[12.075,78.696],[13.618,78.269],[15.084,78.781],[16.418,77.901],[15.099,77.115],[16.663,76.727],[17.267,76.813],[18.389,77.542],[19.116,78.455],[20.321,78.685],[17.834,79.809],[16.326,80.025],[15.774,79.242],[14.81,79.804],[14.159,79.364],[13.252,79.801]]],[[[11.179,59.07],[12.423,60.039],[11.933,62.554],[12.577,63.782],[13.88,63.953],[13.718,64.553],[15.038,66.06],[16.305,66.983],[17.083,67.912],[17.914,67.864],[18.179,68.469],[19.843,68.164],[20.166,68.958],[20.791,68.932],[21.625,69.237],[22.46,68.694],[24.082,68.717],[24.801,68.429],[25.625,68.807],[26.507,69.812],[27.909,69.888],[29.113,69.486],[28.697,68.696],[29.924,69.355],[31.054,69.64],[29.729,69.698],[30.462,70.537],[28.211,71.018],[27.516,70.97],[26.617,70.392],[25.389,70.905],[23.827,70.479],[23.204,69.943],[22.306,70.216],[20.158,69.748],[19.58,69.181],[18.319,69.359],[18.097,69.058],[13.747,66.922],[12.112,65.13],[10.066,64.056],[9.216,63.284],[7.088,62.91],[5.149,61.741],[5.096,60.264],[5.646,59.586],[5.615,58.455],[6.959,57.972],[8.154,58.09],[10.43,59.26],[11.179,59.07]]]]},"properties":{"NAME":"Norway","SUBJECTO":"Norway","PARTOF":"Norway","BORDERPRECISION":3}},{"type":"Feature","geometry":{"type":"Polygon","coordinates":[[[20.791,68.932],[21.712,68.413],[23.488,67.834],[23.948,65.797],[25.252,65.417],[24.47,64.636],[22.292,63.203],[21.666,63.187],[21.034,62.477],[21.561,61.485],[21.56,60.512],[23.201,59.818],[25.581,60.262],[28.432,60.603],[30.902,62.125],[31.14,63.124],[30.213,63.467],[30.363,64.117],[29.618,64.973],[30.002,65.722],[29.023,66.887],[29.946,67.534],[28.622,68.121],[28.697,68.696],[29.113,69.486],[27.909,69.888],[26.507,69.812],[25.625,68.807],[24.801,68.429],[24.082,68.717],[22.46,68.694],[21.625,69.237],[20.791,68.932]]]},"properties":{"NAME":"Finland","SUBJECTO":"Finland","PARTOF":"Finland","BORDERPRECISION":3}},{"type":"Feature","geometry":{"type":"Polygon","coordinates":[[[11.179,59.07],[11.221,58.308],[12.289,56.88],[12.414,56.243],[13.302,55.301],[14.117,55.347],[14.653,56.121],[15.771,56.033],[16.659,57.443],[16.744,58.312],[17.94,58.908],[19.037,59.863],[17.146,60.953],[17.065,61.538],[18.487,62.981],[20.701,63.818],[20.921,64.714],[22.646,65.935],[23.948,65.797],[23.488,67.834],[21.712,68.413],[20.791,68.932],[20.166,68.958],[19.843,68.164],[18.179,68.469],[17.914,67.864],[17.083,67.912],[16.305,66.983],[15.038,66.06],[13.718,64.553],[13.88,63.953],[12.577,63.782],[11.933,62.554],[12.423,60.039],[11.179,59.07]]]},"properties":{"NAME":"Sweden","SUBJECTO":"Sweden","PARTOF":"Sweden","BORDERPRECISION":3}},{"type":"Feature","geometry":{"type":"MultiPolygon","coordinates":[[[[-73.112,-72.749],[-70.021,-72.672],[-68.63,-72.054],[-68.398,-71.127],[-70.33,-68.963],[-71.412,-68.886],[-72.107,-71.05],[-72.725,-71.281],[-74.657,-71.436],[-74.348,-72.209],[-72.03,-71.822],[-71.952,-72.209],[-73.112,-72.749]]],[[[-102.551,-72.131],[-101.16,-72.363],[-97.142,-72.672],[-97.22,-71.822],[-101.16,-71.822],[-102.551,-72.131]]],[[[-55.185,-80.94],[-50.162,-80.786],[-44.831,-80.322],[-43.904,-79.781],[-44.213,-78.39],[-45.758,-78.081],[-48.849,-78.081],[-50.858,-78.699],[-51.012,-79.395],[-51.708,-79.781],[-53.871,-79.936],[-54.953,-80.399],[-55.185,-80.94]]],[[[-164.058,-79.356],[-162.358,-79.742],[-160.426,-79.974],[-160.735,-79.047],[-162.59,-78.815],[-164.058,-79.356]]],[[[169.769,-83.418],[168.874,-83.343],[163.309,-82.087],[162.015,-81.66],[160.577,-81.534],[160.433,-80.906],[159.315,-80.027],[160.686,-79.114],[161.773,-78.866],[164.902,-78.599],[164.107,-77.656],[162.613,-77.072],[162.823,-75.622],[164.616,-74.172],[167.575,-73.476],[168.899,-73.54],[170.729,-71.904],[167.635,-70.865],[164.319,-70.518],[162.888,-70.571],[162.485,-70.306],[160.599,-70.221],[159.846,-69.829],[157.307,-69.156],[156.148,-69.311],[154.435,-68.95],[151.093,-68.886],[150.893,-68.538],[148.73,-68.306],[148.093,-67.937],[146.875,-67.997],[145.454,-67.63],[145.262,-67.098],[142.183,-66.985],[141.157,-66.722],[136.317,-66.399],[134.205,-66.18],[130.272,-66.253],[129.01,-67.03],[126.8,-66.884],[126.412,-66.374],[125.125,-66.787],[122.458,-66.645],[118.286,-67.07],[115.679,-66.414],[114.436,-66.493],[113.959,-65.988],[113.015,-65.763],[110.607,-66.059],[109.404,-66.71],[108.101,-66.71],[107.622,-66.452],[105.459,-66.297],[102.631,-65.926],[100.875,-66.079],[99.12,-66.893],[98.662,-66.626],[97.114,-66.684],[95.723,-66.529],[90,-66.607],[88.654,-66.764],[88.305,-66.066],[87.223,-66.993],[85.523,-66.916],[81.814,-67.302],[78.26,-68.384],[76.869,-69.311],[75.401,-69.466],[72.542,-70.238],[71.924,-70.547],[70.301,-72.015],[69.528,-72.402],[68.215,-72.402],[67.365,-71.706],[68.458,-70.69],[69.773,-68.636],[69.374,-67.843],[66.979,-67.843],[63.579,-67.534],[62.806,-67.611],[59.603,-67.33],[56.627,-66.942],[55.142,-65.963],[52.452,-65.988],[50.006,-66.588],[49.962,-67.196],[47.305,-67.775],[46.37,-67.33],[46.038,-67.688],[44.797,-67.745],[44.184,-68.036],[42.561,-68.113],[41.943,-68.422],[39.647,-68.934],[39.459,-69.701],[38.332,-70.029],[37.581,-69.278],[36.532,-69.654],[33.541,-68.542],[32.748,-69.35],[30.662,-69.736],[23.707,-70.586],[22.548,-70.586],[19.535,-70.161],[17.603,-70.084],[12.658,-70.315],[11.113,-70.856],[10.34,-70.702],[9.413,-70.084],[8.485,-70.084],[6.554,-70.47],[0.681,-71.32],[-0.787,-71.706],[-1.251,-71.32],[-2.719,-71.397],[-4.882,-71.281],[-6.318,-71.425],[-6.35,-70.663],[-7.2,-70.895],[-7.741,-71.668],[-8.823,-71.822],[-9.75,-71.05],[-11.141,-71.59],[-11.828,-72.323],[-14.271,-72.844],[-14.584,-73.178],[-16.396,-73.445],[-16.164,-74.063],[-18.405,-75.686],[-20.645,-75.918],[-23.582,-75.918],[-25.977,-76.304],[-30.227,-76.845],[-32.081,-77.308],[-33.163,-77.386],[-34.94,-77.927],[-36.408,-78.622],[-36.408,-79.163],[-32.854,-79.317],[-29.568,-79.224],[-29.035,-79.377],[-28.913,-80.476],[-32.931,-80.863],[-38.031,-80.94],[-41.817,-81.404],[-42.976,-81.945],[-43.826,-81.79],[-52.249,-82.022],[-55.185,-82.331],[-57.58,-83.026],[-58.971,-83.181],[-60.207,-82.331],[-63.144,-82.099],[-67.934,-81.481],[-74.889,-80.708],[-76.643,-80.215],[-76.589,-79.395],[-79.139,-78.931],[-78.289,-78.313],[-80.761,-78.236],[-80.687,-77.566],[-77.052,-77.927],[-74.502,-78.081],[-73.568,-77.481],[-75.816,-77.463],[-78.598,-76.613],[-77.825,-75.995],[-75.932,-76.484],[-73.881,-76.627],[-70.562,-76.69],[-69.248,-76.381],[-64.457,-75.686],[-63.221,-74.836],[-62.68,-74.758],[-61.367,-73.909],[-60.826,-72.749],[-61.676,-70.818],[-62.139,-70.509],[-63.839,-68.654],[-65.153,-68.5],[-65.694,-67.881],[-65.385,-67.341],[-63.839,-66.491],[-62.757,-66.645],[-62.371,-65.795],[-61.135,-64.868],[-59.821,-64.327],[-58.894,-64.327],[-57.271,-63.709],[-57.426,-63.245],[-59.126,-63.863],[-60.207,-63.941],[-61.289,-64.482],[-62.912,-64.713],[-64.225,-65.254],[-65.075,-65.95],[-66.853,-66.8],[-67.703,-66.877],[-67.084,-68.654],[-67.471,-69.195],[-68.784,-69.813],[-67.703,-71.281],[-67.084,-71.822],[-67.625,-72.749],[-71.489,-73.368],[-75.584,-73.754],[-78.52,-73.715],[-79.757,-73.174],[-80.993,-73.252],[-81.766,-74.024],[-84.393,-73.793],[-86.325,-73.252],[-87.406,-73.406],[-88.565,-73.252],[-89.261,-72.788],[-90,-73.329],[-93.974,-73.174],[-96.524,-73.329],[-99.788,-72.998],[-100.229,-73.438],[-101.421,-73.768],[-101.495,-74.539],[-100.559,-74.466],[-100.045,-75.31],[-105.642,-75.068],[-106.801,-75.377],[-109.196,-75.145],[-110.557,-75.303],[-110.433,-74.295],[-111.746,-74.295],[-112.365,-74.836],[-113.428,-74.688],[-113.502,-74.072],[-114.937,-74.058],[-114.992,-74.449],[-117.387,-74.527],[-118.083,-74.295],[-118.778,-74.604],[-120.169,-74.527],[-123.569,-74.836],[-127.123,-74.681],[-128.978,-74.913],[-133.536,-74.797],[-134.773,-74.643],[-138.559,-75.106],[-140.568,-75.261],[-144.509,-75.724],[-146.672,-76.111],[-148.527,-76.033],[-148.45,-76.497],[-147.131,-76.531],[-146.116,-76.86],[-146.146,-77.457],[-147.986,-77.347],[-149.995,-77.733],[-152.086,-77.337],[-154.167,-77.115],[-156.408,-77.115],[-158.031,-77.27],[-158.185,-77.811],[-157.336,-78.197],[-156.022,-78.352],[-155.867,-78.738],[-154.554,-79.124],[-151.772,-79.201],[-150.58,-79.483],[-148.604,-79.665],[-145.668,-80.515],[-148.836,-81.365],[-154.477,-81.056],[-154.554,-82.138],[-152.081,-82.601],[-153.24,-83.297],[-153.086,-84.147],[-152.004,-84.379],[-149.609,-84.456],[-145.281,-84.765],[-138.817,-85.013],[-139.331,-85.223],[-141.418,-85.229],[-148.759,-85.074],[-150.381,-85.46],[-151.463,-85.306],[-156.563,-85.46],[-160.504,-85.383],[-167.226,-84.765],[-170.317,-84.688],[-173.871,-84.456],[-178.43,-84.456],[-180,-84.322],[-180,-90],[180,-90],[180,-84.34],[179.161,-84.174],[174.585,-83.883],[172.58,-83.844],[171.895,-83.607],[169.769,-83.418]]]]},"properties":{"NAME":"Antarctica","SUBJECTO":"Antarctica","PARTOF":"Antarctica","BORDERPRECISION":3}},{"type":"Feature","geometry":{"type":"Polygon","coordinates":[[[22.099,48.405],[22.57,49.067],[21.585,49.5],[19.782,49.244],[18.986,49.444],[17.679,50.338],[16.728,50.149],[15.818,50.797],[14.829,50.917],[13.233,50.664],[12.235,50.241],[12.536,49.563],[13.947,48.655],[14.993,48.968],[16.669,48.794],[17.331,47.995],[18.828,47.878],[20.579,48.56],[22.099,48.405]]]},"properties":{"NAME":"Czechoslovakia","SUBJECTO":"Czechoslovakia","PARTOF":"Czechoslovakia","BORDERPRECISION":3}},{"type":"Feature","geometry":{"type":"MultiPolygon","coordinates":[[[[61.57,25.04],[66.621,25.317],[66.702,24.752],[68.047,23.764],[68.73,24.309],[70.032,24.16],[71.078,24.406],[70.632,25.708],[69.582,27.189],[70.329,28],[70.838,27.702],[71.89,27.955],[72.919,29.004],[73.522,30.008],[74.52,31.042],[74.528,31.816],[75.06,32.486],[74.054,33.141],[73.98,34.309],[74.218,35.157],[73.796,36.264],[74.088,36.805],[72.373,36.718],[71.325,36.052],[71.659,35.125],[71.097,34.62],[70.289,33.283],[69.508,32.949],[69.206,31.798],[68.243,31.767],[67.57,31.186],[66.467,30.843],[66.091,29.736],[64.089,29.395],[62.369,29.385],[60.82,29.833],[61.659,28.657],[62.671,28.205],[63.241,26.666],[61.941,26.156],[61.57,25.04]]],[[[92.51,22.11],[92.182,23.696],[91.597,22.943],[91.198,23.925],[92.137,24.489],[92.139,25.099],[89.832,25.276],[89.714,25.961],[88.423,26.335],[88.823,25.296],[88.678,23.447],[89.072,21.774],[90.737,22.01],[91.41,22.721],[92.124,20.996],[92.51,22.11]]]]},"properties":{"NAME":"Pakistan","SUBJECTO":"Pakistan","PARTOF":"Pakistan","BORDERPRECISION":3}},{"type":"Feature","geometry":{"type":"Polygon","coordinates":[[[88.803,27.181],[88.197,27.876],[88.092,26.445],[86.777,26.467],[84.666,27.07],[84.136,27.538],[82.812,27.538],[80.098,28.952],[80.413,29.785],[81.021,30.247],[79.109,31.459],[78.971,32.389],[79.447,33.2],[78.625,33.504],[78.807,34.2],[78.144,34.547],[77.846,35.243],[75.89,36.023],[75.628,36.769],[74.521,37.005],[74.088,36.805],[73.796,36.264],[74.218,35.157],[73.98,34.309],[74.054,33.141],[75.06,32.486],[74.528,31.816],[74.52,31.042],[73.522,30.008],[72.919,29.004],[71.89,27.955],[70.838,27.702],[70.329,28],[69.582,27.189],[70.632,25.708],[71.078,24.406],[70.032,24.16],[68.73,24.309],[68.047,23.764],[68.791,23.029],[69.665,22.789],[69.126,21.969],[70.21,20.948],[71.024,20.657],[72.121,21.155],[73.11,20.687],[72.759,20.058],[73.064,18.032],[73.841,15.39],[74.734,13.683],[75.211,12.102],[76.075,10.554],[76.704,8.706],[77.341,8.053],[77.9,8.258],[79.826,10.359],[79.711,11.445],[80.32,13.333],[80.089,15.175],[81.088,15.827],[81.369,16.347],[84.263,18.456],[85.113,19.442],[86.119,19.807],[87.641,21.563],[89.072,21.774],[88.678,23.447],[88.823,25.296],[88.423,26.335],[89.714,25.961],[89.832,25.276],[92.139,25.099],[92.137,24.489],[91.198,23.925],[91.597,22.943],[92.182,23.696],[92.51,22.11],[93.128,22.203],[93.369,23.951],[94.185,23.936],[95.058,25.884],[95.182,26.558],[96.297,27.243],[97.064,27.133],[97.34,28.182],[96.255,28.385],[95.929,29.38],[95.309,29.002],[94.572,29.201],[91.608,27.641],[91.909,26.805],[90,26.779],[88.803,27.181]]]},"properties":{"NAME":"India","SUBJECTO":"India","PARTOF":"India","BORDERPRECISION":3}},{"type":"Feature","geometry":{"type":"Polygon","coordinates":[[[91.608,27.641],[94.572,29.201],[95.309,29.002],[95.929,29.38],[96.255,28.385],[97.34,28.182],[98.009,28.091],[98.707,28.188],[98.955,28.961],[98.925,31.093],[97.703,32.55],[95.526,31.736],[95.276,32.425],[92.952,32.696],[90.42,33.241],[89.716,34.042],[89.834,34.899],[89.514,36.178],[88.522,36.5],[86.248,36.159],[84.087,35.404],[83.159,35.381],[82.587,35.749],[81.692,35.257],[80.447,35.424],[79.837,34.506],[78.807,34.2],[78.625,33.504],[79.447,33.2],[78.971,32.389],[79.109,31.459],[81.021,30.247],[81.656,30.455],[83.402,29.54],[85.144,28.342],[86.446,27.947],[88.197,27.876],[88.803,27.181],[89.366,27.876],[91.152,28.032],[91.608,27.641]]]},"properties":{"NAME":"Tibet","SUBJECTO":"Tibet","PARTOF":"Tibet","BORDERPRECISION":3}},{"type":"Feature","geometry":{"type":"MultiPolygon","coordinates":[[[[107.876,21.462],[109.516,21.597],[110.077,20.867],[111.831,21.754],[113.251,21.88],[113.592,22.48],[114.304,22.649],[114.848,22.51],[116.341,22.913],[118.813,24.849],[119.555,26.267],[121.009,28.277],[121.359,28.386],[121.77,29.834],[121.391,29.922],[121.606,31.828],[120.661,32.543],[119.974,34.135],[119.021,34.692],[120.139,36.195],[121.61,36.834],[120.658,37.736],[119.599,37.117],[118.955,37.077],[118.875,37.949],[117.589,38.284],[117.753,39.203],[118.978,39.224],[119.385,39.843],[120.273,40.152],[121.011,40.851],[122.108,40.354],[121.239,39.554],[122.027,39.256],[124.134,39.843],[124.491,40.28],[125.879,40.945],[126.474,41.652],[128.098,41.449],[128.756,42.061],[130.226,42.651],[131.14,43.227],[130.991,44.817],[131.74,45.259],[132.778,44.988],[133.385,45.649],[134.165,47.335],[134.112,48.249],[132.269,47.778],[130.925,47.732],[130.476,48.9],[127.516,49.874],[126.186,52.518],[125.509,53.157],[124.643,53.112],[123.353,53.51],[120.702,53.185],[120.746,52.007],[120.129,51.733],[119.182,50.702],[119.291,50.125],[117.491,49.586],[116.76,49.93],[115.596,48.105],[115.717,47.729],[117.914,48.046],[118.771,47.862],[119.768,46.746],[119.581,46.647],[118.311,46.738],[116.477,46.307],[115.621,45.495],[114.639,45.47],[113.769,44.866],[112.102,45.14],[111.416,44.403],[111.945,43.86],[110.253,42.767],[109.38,42.435],[107.359,42.411],[104.808,41.578],[103.509,41.859],[101.736,42.541],[98.218,42.598],[96.408,42.749],[95.244,44.277],[93.507,44.943],[90,45.328],[90,47.845],[88.23,48.537],[87.868,49.233],[85.609,48.1],[85.478,47.093],[83.252,47.295],[82.44,45.735],[81.69,45.357],[80.237,45.123],[80.673,43.234],[80.109,42],[78.871,41.679],[78.401,41.228],[77.128,41.125],[76.482,40.437],[75.43,40.61],[73.827,39.784],[73.712,38.719],[74.58,38.59],[74.733,37.209],[74.521,37.005],[75.628,36.769],[75.89,36.023],[77.846,35.243],[78.144,34.547],[78.807,34.2],[79.837,34.506],[80.447,35.424],[81.692,35.257],[82.587,35.749],[83.159,35.381],[84.087,35.404],[86.248,36.159],[88.522,36.5],[89.514,36.178],[89.834,34.899],[89.716,34.042],[90.42,33.241],[92.952,32.696],[95.276,32.425],[95.526,31.736],[97.703,32.55],[98.925,31.093],[98.955,28.961],[98.707,28.188],[98.009,28.091],[98.637,27.479],[98.734,26.343],[97.524,24.8],[97.768,23.9],[98.769,24.09],[99.156,22.308],[100.321,21.464],[101.014,21.442],[101.968,22.534],[104.478,22.783],[105.313,23.296],[105.941,22.931],[107.098,21.649],[107.876,21.462]]],[[[108.939,18.331],[109.43,18.097],[110.263,18.626],[110.617,20.017],[109.55,19.914],[108.577,19.187],[108.939,18.331]]]]},"properties":{"NAME":"China","SUBJECTO":"China","PARTOF":"China","BORDERPRECISION":3}},{"type":"Feature","geometry":{"type":"MultiPolygon","coordinates":[[[[116.76,49.93],[117.491,49.586],[119.291,50.125],[119.182,50.702],[120.129,51.733],[120.746,52.007],[120.702,53.185],[123.353,53.51],[124.643,53.112],[125.509,53.157],[126.186,52.518],[127.516,49.874],[130.476,48.9],[130.925,47.732],[132.269,47.778],[134.112,48.249],[134.165,47.335],[133.385,45.649],[132.778,44.988],[131.74,45.259],[130.991,44.817],[131.14,43.227],[130.226,42.651],[130.435,42.277],[131.584,43.213],[132.953,42.67],[134.139,42.993],[136.034,44.398],[137.721,45.997],[139.214,47.811],[140.081,48.503],[141.121,53.052],[140.102,53.802],[138.417,54.092],[137.979,53.465],[137.239,53.457],[136.492,54.455],[135.095,54.433],[134.985,54.854],[137.229,55.983],[138.867,57.124],[140.029,57.644],[140.587,58.239],[142.846,59.273],[145.404,59.326],[148.416,59.097],[149.045,59.587],[151.14,59.44],[152.504,58.769],[153.924,58.922],[154.316,59.983],[157.098,61.633],[158.841,61.784],[160.645,60.718],[162.711,61.763],[162.99,62.326],[164.138,62.533],[163.793,61.128],[163.329,60.695],[161.818,60.268],[161.535,59.942],[159.649,58.954],[158.326,58.027],[156.777,57.58],[156.558,56.947],[155.628,56.268],[155.465,54.92],[155.711,53.805],[156.696,50.958],[157.898,51.666],[158.461,52.826],[159.897,53.241],[159.931,54.086],[160.683,54.448],[161.567,54.423],[161.503,55.287],[162.318,56.24],[163.166,56.106],[161.804,58.102],[162.907,58.891],[163.106,59.579],[164.111,60.078],[164.585,59.665],[165.78,60.354],[166.027,59.709],[167.104,60.271],[169.154,60.435],[169.877,59.875],[170.337,60.277],[172,60.858],[173.481,61.601],[177.291,62.487],[178.738,62.299],[178.939,63.083],[178.147,64.157],[178.726,64.606],[180,64.953],[180,68.92],[177.705,69.49],[175.611,69.779],[173.008,69.692],[172.359,69.909],[170.452,70.019],[170.833,68.922],[169.389,68.717],[167.32,69.659],[166.309,69.378],[164.636,69.413],[164.054,69.66],[161.961,69.528],[160.862,69.083],[160.682,69.578],[159.673,69.652],[159.628,70.22],[158.409,70.814],[156.043,70.987],[152.134,70.664],[150.694,71.347],[148.711,71.629],[148.698,72.166],[146.915,72.202],[146.186,71.842],[145.6,72.426],[141.294,72.787],[139.848,72.236],[139.744,71.404],[138.675,71.618],[137.63,71.075],[136.765,71.406],[135.511,71.512],[134.241,71.262],[132.284,71.661],[131.055,70.687],[130.172,70.815],[128.432,71.755],[127.121,72.212],[127.72,73.402],[125.717,73.398],[124.222,73.697],[122.882,72.753],[118.498,73.036],[118.46,73.519],[116.671,73.619],[114.187,73.551],[113.222,73.748],[111.762,73.658],[110.551,74.038],[110.442,73.568],[108.34,73.691],[111.587,74.731],[112.577,74.886],[113.533,76.094],[111.427,76.568],[108.244,76.646],[105.528,76.98],[105.063,77.569],[103.393,77.558],[101.166,77.006],[100.83,76.455],[99.983,76.437],[99.467,75.967],[98.289,76.057],[97.116,75.871],[95.967,76.169],[94.694,76.184],[93.592,75.881],[90,75.602],[86.958,74.782],[87.541,74.1],[87.14,73.604],[86.124,73.451],[85.856,73.825],[80.838,73.553],[80.982,72.447],[82.321,72.222],[83.561,71.624],[82.804,70.819],[81.671,71.574],[79.223,72.271],[78.086,72.175],[77.79,71.777],[75.671,71.199],[74.921,72.029],[73.217,71.458],[74.189,70.673],[73.654,69.756],[73.915,69.154],[75.598,69.21],[77.406,68.936],[78.536,67.612],[76.955,67.653],[77.04,68.464],[76.328,68.776],[74.505,68.593],[74.742,67.686],[73.69,66.865],[72.209,66.173],[70.84,66.551],[72.838,67.646],[73.309,68.517],[72.526,69.069],[72.68,70.824],[71.898,71.587],[72.498,71.962],[72.714,72.77],[69.343,72.834],[68.316,71.635],[66.818,71.105],[67.779,69.557],[68.512,68.837],[68.215,68.201],[66.584,68.886],[63.923,69.459],[61.03,69.741],[60.512,68.59],[58.77,68.856],[57.024,68.449],[55.335,68.483],[54.752,68.05],[53.626,68.048],[53.889,68.787],[52.245,68.545],[48.081,67.562],[47.571,66.816],[46.402,66.719],[44.957,67.231],[45.863,68.383],[44.012,68.492],[44.384,66.612],[43.876,66.011],[42.211,66.41],[39.951,65.581],[39.997,64.541],[39.193,64.511],[36.884,65.068],[37.411,63.749],[35.082,64.288],[34.293,65.396],[34.544,66.001],[35.772,66.259],[38.048,66.007],[39.19,66.039],[40.836,66.561],[40.826,67.66],[38.668,68.146],[37.246,68.793],[35.437,69.15],[32.596,69.424],[32.072,69.883],[31.054,69.64],[29.924,69.355],[28.697,68.696],[28.622,68.121],[29.946,67.534],[29.023,66.887],[30.002,65.722],[29.618,64.973],[30.363,64.117],[30.213,63.467],[31.14,63.124],[30.902,62.125],[28.432,60.603],[28.796,59.672],[27.702,59.298],[24.751,59.448],[23.416,59.119],[24.058,58.112],[24.346,57.16],[23.215,56.981],[22.564,57.616],[21.677,57.464],[20.965,56.609],[21.137,54.845],[19.978,54.424],[22.987,54.425],[23.311,54.309],[23.957,52.879],[23.373,52.556],[23.533,51.61],[24.114,50.68],[22.725,49.617],[22.57,49.067],[22.099,48.405],[23.029,48.012],[25.237,47.921],[26.995,48.19],[28.237,46.645],[28.19,45.464],[29.616,45.41],[30.833,46.577],[31.781,46.702],[34.014,44.492],[35.067,44.862],[35.008,45.612],[34.127,46.064],[37.422,47.077],[37.97,46.441],[37.474,44.692],[38.924,44.212],[40.252,43.268],[41.41,42.788],[41.484,41.437],[42.878,41.546],[43.847,40.75],[43.812,40.014],[44.67,39.757],[45.749,38.877],[46.454,38.836],[47.854,39.71],[47.993,38.85],[48.825,38.31],[49.275,39.017],[49.807,40.581],[47.565,43.008],[47.565,43.844],[46.846,44.446],[47.556,45.453],[49.535,46.542],[51.369,47.09],[53.185,46.865],[53.149,45.957],[52.61,45.4],[51.513,45.373],[50.874,44.626],[51.171,43.718],[52.52,42.073],[53.985,42.106],[54.416,40.659],[53.257,40.765],[53.583,39.318],[54.071,38.897],[54.015,37.348],[55.356,38.038],[57.225,38.188],[59.24,37.448],[60.346,36.607],[61.014,36.637],[61.221,35.582],[62.678,35.265],[63.117,35.789],[64.541,36.338],[64.826,37.148],[65.725,37.49],[67.515,37.214],[67.856,36.853],[69.308,37.084],[70.022,37.457],[70.719,38.365],[71.444,37.834],[71.303,37.17],[71.848,36.716],[73.047,37.328],[74.733,37.209],[74.58,38.59],[73.712,38.719],[73.827,39.784],[75.43,40.61],[76.482,40.437],[77.128,41.125],[78.401,41.228],[78.871,41.679],[80.109,42],[80.673,43.234],[80.237,45.123],[81.69,45.357],[82.44,45.735],[83.252,47.295],[85.478,47.093],[85.609,48.1],[87.868,49.233],[89.796,49.816],[90,50.307],[92.16,50.755],[94.21,50.549],[94.7,50.027],[97.423,49.786],[98.31,50.479],[97.895,51.095],[98.918,52.037],[102.117,51.361],[102.639,50.456],[103.681,50.166],[105.155,50.443],[106.323,50.417],[107.549,49.827],[109.424,49.296],[112.524,49.462],[114.098,50.274],[115.734,49.864],[116.76,49.93]]],[[[143.139,52.856],[142.675,53.54],[141.767,53.272],[141.643,51.813],[142.153,50.89],[142.049,49.355],[141.74,48.807],[142.036,47.959],[141.732,47.471],[142.327,46.563],[142.993,46.954],[142.49,47.902],[142.854,49.128],[143.598,49.234],[143.633,50.235],[142.944,51.617],[143.139,52.856]]],[[[-180,65.963],[-178.975,66.051],[-178.654,65.54],[-177.126,65.623],[-176.137,65.457],[-175.952,65.006],[-173.077,64.384],[-172.184,65.589],[-171.2,65.561],[-170.613,66.038],[-171.958,66.956],[-173.875,67.159],[-174.635,66.405],[-175.514,67.669],[-180,68.917],[-180,65.963]]],[[[54.144,73.146],[53.08,72.907],[52.351,72.041],[52.55,71.59],[54.308,71.206],[54.998,70.522],[57.238,70.691],[55.721,71.642],[55.518,72.478],[55.816,73.307],[54.144,73.146]]],[[[55.425,73.553],[56.96,73.357],[58.733,74.287],[58.851,74.689],[60.009,74.675],[60.463,75.156],[66.548,75.98],[68.571,76.394],[68.457,76.927],[66.442,76.83],[65.926,76.507],[62.593,76.165],[61.303,76.238],[60.949,75.961],[59.018,75.799],[57.729,75.291],[56.995,75.273],[55.619,74.417],[55.425,73.553]]]]},"properties":{"NAME":"USSR","SUBJECTO":"USSR","PARTOF":"USSR","BORDERPRECISION":3}},{"type":"Feature","geometry":{"type":"Polygon","coordinates":[[[14.28,53.613],[12.943,54.347],[11.565,54.035],[10.438,54.297],[10.706,52.983],[10.402,52.002],[9.835,51.628],[9.89,50.771],[10.554,50.191],[11.826,50.564],[12.235,50.241],[13.233,50.664],[14.829,50.917],[15.024,51.231],[14.303,52.745],[14.28,53.613]]]},"properties":{"NAME":"East Germany","SUBJECTO":"East Germany","PARTOF":"East Germany","BORDERPRECISION":3}},{"type":"Feature","geometry":{"type":"Polygon","coordinates":[[[6.433,49.445],[7.729,48.616],[7.507,47.604],[8.983,47.68],[9.118,47.679],[9.216,47.671],[9.665,47.556],[11.17,47.424],[12.358,47.724],[12.694,48.129],[13.947,48.655],[12.536,49.563],[12.235,50.241],[11.826,50.564],[10.554,50.191],[9.89,50.771],[9.835,51.628],[10.402,52.002],[10.706,52.983],[10.438,54.297],[9.496,54.938],[8.616,54.887],[8.848,53.75],[7.166,53.592],[7.16,53.164],[6.825,51.956],[6,50.742],[6.109,50.117],[6.433,49.445]]]},"properties":{"NAME":"West Germany","SUBJECTO":"West Germany","PARTOF":"West Germany","BORDERPRECISION":3}},{"type":"Feature","geometry":{"type":"Polygon","coordinates":[[[16.26,46.889],[14.393,46.437],[13.709,46.502],[13.788,45.581],[14.946,44.927],[15.412,43.935],[16.992,43.323],[19.368,41.846],[19.558,42.547],[20.575,41.93],[21.032,40.727],[22.92,41.231],[22.326,42.293],[22.915,43.176],[22.318,43.681],[22.694,44.263],[21.367,44.809],[20.315,46.132],[17.794,45.807],[16.657,46.384],[16.26,46.889]]]},"properties":{"NAME":"Yugoslavia","SUBJECTO":"Yugoslavia","PARTOF":"Yugoslavia","BORDERPRECISION":3}},{"type":"Feature","geometry":{"type":"Polygon","coordinates":[[[6.955,45.939],[6.783,44.548],[7.553,43.867],[8.897,44.437],[9.909,44.11],[10.743,42.851],[12.642,41.531],[13.797,41.193],[16.532,39.698],[17.084,40.525],[15.991,41.406],[16.013,41.904],[14.922,41.972],[14.093,42.61],[13.601,43.535],[12.345,44.301],[12.251,45.29],[13.156,45.727],[13.788,45.581],[13.709,46.502],[12.362,46.709],[12.064,47.091],[10.396,46.887],[8.891,45.866],[8.382,46.284],[6.955,45.939]]]},"properties":{"NAME":"Italy","SUBJECTO":"Italy","PARTOF":"Italy","BORDERPRECISION":3}},{"type":"Feature","geometry":{"type":"Polygon","coordinates":[[[-71.658,21.823],[-71.848,21.855],[-71.828,21.776],[-71.658,21.823]]]},"properties":{"NAME":"Turks and Caicos Islands","SUBJECTO":"Turks and Caicos Islands","PARTOF":"Turks and Caicos Islands","BORDERPRECISION":3}},{"type":"Feature","geometry":{"type":"Polygon","coordinates":[[[-77.735,26.914],[-77.526,26.856],[-77.151,26.255],[-77.04,26.498],[-77.501,26.863],[-77.735,26.914]]]},"properties":{"NAME":"Bahamas","SUBJECTO":"Bahamas","PARTOF":"Bahamas","BORDERPRECISION":3}},{"type":"Feature","geometry":{"type":"Polygon","coordinates":[[[-74.212,40.514],[-74.145,40.539],[-74.057,40.6],[-74.177,40.642],[-74.231,40.542],[-74.212,40.514]]]},"properties":{"NAME":"United States","SUBJECTO":"United States","PARTOF":"United States","BORDERPRECISION":3}},{"type":"Feature","geometry":{"type":"Polygon","coordinates":[[[-72.262,41.125],[-72.647,40.98],[-73.589,40.921],[-74.008,40.58],[-72.543,40.826],[-72.262,41.125]]]},"properties":{"NAME":"United States","SUBJECTO":"United States","PARTOF":"United States","BORDERPRECISION":3}},{"type":"Feature","geometry":{"type":"Polygon","coordinates":[[[-4.153,53.226],[-4.277,53.398],[-4.567,53.273],[-4.351,53.124],[-4.153,53.226]]]},"properties":{"NAME":null,"SUBJECTO":null,"PARTOF":null,"BORDERPRECISION":3}},{"type":"Feature","geometry":{"type":"Polygon","coordinates":[[[-5.104,55.439],[-5.155,55.673],[-5.295,55.717],[-5.34,55.475],[-5.104,55.439]]]},"properties":{"NAME":null,"SUBJECTO":null,"PARTOF":null,"BORDERPRECISION":3}},{"type":"Feature","geometry":{"type":"Polygon","coordinates":[[[-6.122,55.879],[-6.253,55.764],[-6.274,55.573],[-6.025,55.681],[-6.122,55.879]]]},"properties":{"NAME":null,"SUBJECTO":null,"PARTOF":null,"BORDERPRECISION":3}},{"type":"Feature","geometry":{"type":"Polygon","coordinates":[[[-5.947,55.83],[-5.746,56.064],[-5.968,56.024],[-6.079,55.906],[-5.947,55.83]]]},"properties":{"NAME":null,"SUBJECTO":null,"PARTOF":null,"BORDERPRECISION":3}},{"type":"Feature","geometry":{"type":"Polygon","coordinates":[[[-7.467,56.941],[-7.376,56.979],[-7.446,57.056],[-7.554,56.966],[-7.467,56.941]]]},"properties":{"NAME":null,"SUBJECTO":null,"PARTOF":null,"BORDERPRECISION":3}},{"type":"Feature","geometry":{"type":"Polygon","coordinates":[[[-7.223,57.337],[-7.425,57.382],[-7.381,57.109],[-7.259,57.152],[-7.223,57.337]]]},"properties":{"NAME":null,"SUBJECTO":null,"PARTOF":null,"BORDERPRECISION":3}},{"type":"Feature","geometry":{"type":"Polygon","coordinates":[[[-7.269,57.399],[-7.351,57.489],[-7.388,57.424],[-7.269,57.399]]]},"properties":{"NAME":null,"SUBJECTO":null,"PARTOF":null,"BORDERPRECISION":3}},{"type":"Feature","geometry":{"type":"Polygon","coordinates":[[[-7.189,57.687],[-7.491,57.646],[-7.326,57.508],[-7.154,57.509],[-7.189,57.687]]]},"properties":{"NAME":null,"SUBJECTO":null,"PARTOF":null,"BORDERPRECISION":3}},{"type":"Feature","geometry":{"type":"Polygon","coordinates":[[[-7.006,57.881],[-7.033,57.916],[-7.074,57.878],[-7.006,57.881]]]},"properties":{"NAME":null,"SUBJECTO":null,"PARTOF":null,"BORDERPRECISION":3}},{"type":"Feature","geometry":{"type":"Polygon","coordinates":[[[-6.204,58.356],[-6.55,58.363],[-7.032,58.238],[-7.128,58.135],[-7.022,57.952],[-6.83,57.901],[-7.066,57.821],[-6.961,57.727],[-6.204,58.356]]]},"properties":{"NAME":null,"SUBJECTO":null,"PARTOF":null,"BORDERPRECISION":3}},{"type":"Feature","geometry":{"type":"Polygon","coordinates":[[[-2.918,58.732],[-2.899,58.838],[-3.037,58.818],[-2.918,58.732]]]},"properties":{"NAME":null,"SUBJECTO":null,"PARTOF":null,"BORDERPRECISION":3}},{"type":"Feature","geometry":{"type":"Polygon","coordinates":[[[-3.231,58.776],[-3.233,58.887],[-3.336,58.927],[-3.431,58.871],[-3.231,58.776]]]},"properties":{"NAME":null,"SUBJECTO":null,"PARTOF":null,"BORDERPRECISION":3}},{"type":"Feature","geometry":{"type":"Polygon","coordinates":[[[-2.793,58.951],[-3.077,59.122],[-3.195,58.911],[-2.793,58.951]]]},"properties":{"NAME":null,"SUBJECTO":null,"PARTOF":null,"BORDERPRECISION":3}},{"type":"Feature","geometry":{"type":"Polygon","coordinates":[[[-2.681,59.196],[-2.621,59.236],[-2.496,59.245],[-2.414,59.314],[-2.593,59.291],[-2.681,59.196]]]},"properties":{"NAME":null,"SUBJECTO":null,"PARTOF":null,"BORDERPRECISION":3}},{"type":"Feature","geometry":{"type":"Polygon","coordinates":[[[-2.89,59.295],[-3.049,59.329],[-3.003,59.264],[-2.89,59.295]]]},"properties":{"NAME":null,"SUBJECTO":null,"PARTOF":null,"BORDERPRECISION":3}},{"type":"Feature","geometry":{"type":"Polygon","coordinates":[[[-1.296,60.491],[-1.26,60.124],[-1.041,60.447],[-1.296,60.491]]]},"properties":{"NAME":null,"SUBJECTO":null,"PARTOF":null,"BORDERPRECISION":3}},{"type":"Feature","geometry":{"type":"Polygon","coordinates":[[[-1.029,60.496],[-0.997,60.725],[-1.177,60.637],[-1.029,60.496]]]},"properties":{"NAME":null,"SUBJECTO":null,"PARTOF":null,"BORDERPRECISION":3}},{"type":"Feature","geometry":{"type":"Polygon","coordinates":[[[-0.82,60.689],[-0.768,60.829],[-0.878,60.844],[-0.966,60.688],[-0.82,60.689]]]},"properties":{"NAME":null,"SUBJECTO":null,"PARTOF":null,"BORDERPRECISION":3}},{"type":"Feature","geometry":{"type":"Polygon","coordinates":[[[-6.707,61.937],[-7.192,62.308],[-7.232,62.172],[-6.707,61.937]]]},"properties":{"NAME":null,"SUBJECTO":null,"PARTOF":null,"BORDERPRECISION":3}},{"type":"Feature","geometry":{"type":"Polygon","coordinates":[[[-4.778,54.056],[-4.394,54.186],[-4.368,54.417],[-4.714,54.214],[-4.778,54.056]]]},"properties":{"NAME":null,"SUBJECTO":null,"PARTOF":null,"BORDERPRECISION":3}},{"type":"Feature","geometry":{"type":"Polygon","coordinates":[[[129.716,28.451],[129.158,28.235],[129.369,28.116],[129.716,28.451]]]},"properties":{"NAME":null,"SUBJECTO":null,"PARTOF":null,"BORDERPRECISION":3}},{"type":"Feature","geometry":{"type":"Polygon","coordinates":[[[129.963,29.957],[129.967,29.974],[129.942,30],[129.935,29.967],[129.963,29.957]]]},"properties":{"NAME":null,"SUBJECTO":null,"PARTOF":null,"BORDERPRECISION":3}},{"type":"Feature","geometry":{"type":"Polygon","coordinates":[[[129.896,29.874],[129.877,29.831],[129.923,29.825],[129.896,29.874]]]},"properties":{"NAME":null,"SUBJECTO":null,"PARTOF":null,"BORDERPRECISION":3}},{"type":"Feature","geometry":{"type":"Polygon","coordinates":[[[130.906,30.355],[131.074,30.689],[130.945,30.683],[130.906,30.355]]]},"properties":{"NAME":null,"SUBJECTO":null,"PARTOF":null,"BORDERPRECISION":3}},{"type":"Feature","geometry":{"type":"Polygon","coordinates":[[[130.559,30.236],[130.672,30.373],[130.511,30.459],[130.387,30.397],[130.559,30.236]]]},"properties":{"NAME":null,"SUBJECTO":null,"PARTOF":null,"BORDERPRECISION":3}},{"type":"Feature","geometry":{"type":"Polygon","coordinates":[[[121.735,25.139],[121.002,25.002],[120.116,23.631],[120.329,22.519],[120.879,22.341],[121.84,24.476],[121.735,25.139]]]},"properties":{"NAME":"Taiwan","SUBJECTO":"Taiwan","PARTOF":null,"BORDERPRECISION":3}},{"type":"Feature","geometry":{"type":"Polygon","coordinates":[[[128.901,32.643],[128.813,32.792],[128.649,32.778],[128.61,32.612],[128.901,32.643]]]},"properties":{"NAME":null,"SUBJECTO":null,"PARTOF":null,"BORDERPRECISION":3}},{"type":"Feature","geometry":{"type":"Polygon","coordinates":[[[123.871,24.252],[123.922,24.371],[123.767,24.414],[123.718,24.277],[123.871,24.252]]]},"properties":{"NAME":null,"SUBJECTO":null,"PARTOF":null,"BORDERPRECISION":3}},{"type":"Feature","geometry":{"type":"Polygon","coordinates":[[[125.356,24.777],[125.262,24.879],[125.252,24.738],[125.356,24.777]]]},"properties":{"NAME":null,"SUBJECTO":null,"PARTOF":null,"BORDERPRECISION":3}},{"type":"Feature","geometry":{"type":"Polygon","coordinates":[[[124.262,24.457],[124.095,24.439],[124.122,24.345],[124.23,24.338],[124.262,24.457]]]},"properties":{"NAME":null,"SUBJECTO":null,"PARTOF":null,"BORDERPRECISION":3}},{"type":"Feature","geometry":{"type":"Polygon","coordinates":[[[128.253,26.639],[128.247,26.84],[127.946,26.451],[128.253,26.639]]]},"properties":{"NAME":null,"SUBJECTO":null,"PARTOF":null,"BORDERPRECISION":3}},{"type":"Feature","geometry":{"type":"Polygon","coordinates":[[[126.762,26.387],[126.702,26.349],[126.781,26.298],[126.81,26.347],[126.762,26.387]]]},"properties":{"NAME":null,"SUBJECTO":null,"PARTOF":null,"BORDERPRECISION":3}},{"type":"Feature","geometry":{"type":"Polygon","coordinates":[[[128.951,27.676],[129.03,27.774],[128.899,27.898],[128.897,27.726],[128.951,27.676]]]},"properties":{"NAME":null,"SUBJECTO":null,"PARTOF":null,"BORDERPRECISION":3}},{"type":"Feature","geometry":{"type":"Polygon","coordinates":[[[128.609,27.359],[128.696,27.449],[128.524,27.414],[128.609,27.359]]]},"properties":{"NAME":null,"SUBJECTO":null,"PARTOF":null,"BORDERPRECISION":3}},{"type":"Feature","geometry":{"type":"Polygon","coordinates":[[[129.992,28.282],[130.032,28.353],[129.943,28.322],[129.992,28.282]]]},"properties":{"NAME":null,"SUBJECTO":null,"PARTOF":null,"BORDERPRECISION":3}},{"type":"Feature","geometry":{"type":"Polygon","coordinates":[[[129.336,28.075],[129.34,28.111],[129.224,28.184],[129.219,28.098],[129.336,28.075]]]},"properties":{"NAME":null,"SUBJECTO":null,"PARTOF":null,"BORDERPRECISION":3}},{"type":"Feature","geometry":{"type":"Polygon","coordinates":[[[129.733,29.61],[129.753,29.648],[129.71,29.652],[129.733,29.61]]]},"properties":{"NAME":null,"SUBJECTO":null,"PARTOF":null,"BORDERPRECISION":3}},{"type":"Feature","geometry":{"type":"MultiPolygon","coordinates":[[[[8.82,38.977],[9.479,39.144],[9.794,40.564],[9.306,41.184],[8.241,40.855],[8.82,38.977]]],[[[14.942,36.739],[15.387,38.206],[13.81,37.966],[13.322,38.221],[12.454,37.766],[14.942,36.739]]]]},"properties":{"NAME":"Italy","SUBJECTO":"Italy","PARTOF":"Italy","BORDERPRECISION":3}},{"type":"Feature","geometry":{"type":"Polygon","coordinates":[[[-170.749,-14.374],[-170.637,-14.289],[-170.682,-14.258],[-170.795,-14.298],[-170.749,-14.374]]]},"properties":{"NAME":"American Samoa","SUBJECTO":"American Samoa","PARTOF":"American Samoa","BORDERPRECISION":3}},{"type":"Feature","geometry":{"type":"Polygon","coordinates":[[[178.693,-18.025],[178.171,-17.342],[177.51,-17.509],[177.864,-18.264],[178.693,-18.025]]]},"properties":{"NAME":"Fiji","SUBJECTO":"Fiji","PARTOF":"Fiji","BORDERPRECISION":3}},{"type":"Feature","geometry":{"type":"Polygon","coordinates":[[[-169.894,-19.146],[-169.782,-19.063],[-169.885,-18.963],[-169.953,-19.07],[-169.894,-19.146]]]},"properties":{"NAME":"Niue","SUBJECTO":"Niue","PARTOF":"Niue","BORDERPRECISION":3}},{"type":"Feature","geometry":{"type":"Polygon","coordinates":[[[-175.123,-21.135],[-175.186,-21.253],[-175.118,-21.26],[-175.052,-21.162],[-175.123,-21.135]]]},"properties":{"NAME":"Tonga","SUBJECTO":"Tonga","PARTOF":"Tonga","BORDERPRECISION":3}},{"type":"Feature","geometry":{"type":"Polygon","coordinates":[[[-178.043,-14.319],[-178.13,-14.247],[-178.134,-14.318],[-178.043,-14.319]]]},"properties":{"NAME":"Wallis and Futuna Islands","SUBJECTO":"Wallis and Futuna Islands","PARTOF":"Wallis and Futuna Islands","BORDERPRECISION":3}},{"type":"Feature","geometry":{"type":"Polygon","coordinates":[[[-172.286,-13.486],[-172.78,-13.54],[-172.533,-13.801],[-172.211,-13.805],[-172.286,-13.486]]]},"properties":{"NAME":"Samoa","SUBJECTO":"Samoa","PARTOF":"Samoa","BORDERPRECISION":3}},{"type":"Feature","geometry":{"type":"Polygon","coordinates":[[[-109.241,-27.133],[-109.366,-27.063],[-109.428,-27.202],[-109.241,-27.133]]]},"properties":{"NAME":"Rapa Nui","SUBJECTO":"Chile","PARTOF":"Rapa Nui","BORDERPRECISION":3}},{"type":"Feature","geometry":{"type":"Polygon","coordinates":[[[126.367,37.688],[126.544,36.136],[126.248,35.11],[126.478,34.345],[127.767,34.96],[128.452,34.846],[129.439,35.476],[129.342,37.257],[128.364,38.625],[128.314,38.532],[128.313,38.514],[128.28,38.43],[128.27,38.42],[127.068,38.26],[127.06,38.255],[126.367,37.688]]]},"properties":{"NAME":"Korea, Republic of","SUBJECTO":"Korea, Republic of","PARTOF":"Korea, Republic of","BORDERPRECISION":3}},{"type":"Feature","geometry":{"type":"Polygon","coordinates":[[[22.92,41.231],[21.032,40.727],[20.122,39.551],[20.678,39.08],[21.228,37.905],[22.39,36.524],[22.887,37.047],[22.981,37.958],[23.556,38.352],[22.72,39.287],[22.467,40.118],[23.596,40.192],[24.354,40.971],[26.021,40.669],[26.35,41.641],[25.359,41.154],[24.418,41.476],[22.92,41.231]]]},"properties":{"NAME":"Greece","SUBJECTO":"Greece","PARTOF":"Greece","BORDERPRECISION":3}},{"type":"Feature","geometry":{"type":"Polygon","coordinates":[[[114.029,22.508],[114.153,22.299],[114.329,22.272],[114.309,22.554],[114.029,22.508]]]},"properties":{"NAME":"Hong Kong","SUBJECTO":"United Kingdom","PARTOF":null,"BORDERPRECISION":3}},{"type":"Feature","geometry":{"type":"Polygon","coordinates":[[[1.721,42.506],[1.724,42.509],[1.481,42.647],[1.454,42.613],[1.446,42.602],[1.719,42.503],[1.721,42.506]]]},"properties":{"NAME":"Andorra","SUBJECTO":"Andorra","PARTOF":"Andorra","BORDERPRECISION":3}}]}
